2026-07-01 00:42:22.906 [Thread-P1] INFO  com.mp3.desktop.Programme1 - Scan du repertoire : D:\ITU\S6\Mr Naina\Mp4\mp3-desktop\chanson
2026-07-01 00:42:22.986 [Thread-P1] INFO  com.mp3.desktop.Programme1 - Attente de 10000 ms avant le prochain scan...
2026-07-01 07:58:43.861 [Thread-P1] INFO  com.mp3.desktop.Programme1 - Scan du repertoire : D:\ITU\S6\Mr Naina\Mp4\mp3-desktop\chanson
2026-07-01 07:58:44.692 [Thread-P1] INFO  com.mp3.desktop.Programme1 - Attente de 10000 ms avant le prochain scan...
2026-07-01 07:58:54.694 [Thread-P1] INFO  com.mp3.desktop.Programme1 - Scan du repertoire : D:\ITU\S6\Mr Naina\Mp4\mp3-desktop\chanson
2026-07-01 07:58:54.704 [Thread-P1] INFO  com.mp3.desktop.Programme1 - Attente de 10000 ms avant le prochain scan...
2026-07-01 07:59:04.709 [Thread-P1] INFO  com.mp3.desktop.Programme1 - Scan du repertoire : D:\ITU\S6\Mr Naina\Mp4\mp3-desktop\chanson
2026-07-01 07:59:04.721 [Thread-P1] INFO  com.mp3.desktop.Programme1 - Attente de 10000 ms avant le prochain scan...
2026-07-01 07:59:14.726 [Thread-P1] INFO  com.mp3.desktop.Programme1 - Scan du repertoire : D:\ITU\S6\Mr Naina\Mp4\mp3-desktop\chanson
2026-07-01 07:59:14.726 [Thread-P1] INFO  com.mp3.desktop.Programme1 - Attente de 10000 ms avant le prochain scan...
2026-07-01 07:59:24.747 [Thread-P1] INFO  com.mp3.desktop.Programme1 - Scan du repertoire : D:\ITU\S6\Mr Naina\Mp4\mp3-desktop\chanson
2026-07-01 07:59:24.758 [Thread-P1] INFO  com.mp3.desktop.Programme1 - Attente de 10000 ms avant le prochain scan...
2026-07-01 07:59:34.760 [Thread-P1] INFO  com.mp3.desktop.Programme1 - Scan du repertoire : D:\ITU\S6\Mr Naina\Mp4\mp3-desktop\chanson
2026-07-01 07:59:34.768 [Thread-P1] INFO  com.mp3.desktop.Programme1 - Attente de 10000 ms avant le prochain scan...
2026-07-01 07:59:44.778 [Thread-P1] INFO  com.mp3.desktop.Programme1 - Scan du repertoire : D:\ITU\S6\Mr Naina\Mp4\mp3-desktop\chanson
2026-07-01 07:59:44.778 [Thread-P1] INFO  com.mp3.desktop.Programme1 - Attente de 10000 ms avant le prochain scan...
2026-07-01 07:59:54.796 [Thread-P1] INFO  com.mp3.desktop.Programme1 - Scan du repertoire : D:\ITU\S6\Mr Naina\Mp4\mp3-desktop\chanson
2026-07-01 07:59:54.801 [Thread-P1] INFO  com.mp3.desktop.Programme1 - Attente de 10000 ms avant le prochain scan...
2026-07-01 08:00:04.805 [Thread-P1] INFO  com.mp3.desktop.Programme1 - Scan du repertoire : D:\ITU\S6\Mr Naina\Mp4\mp3-desktop\chanson
2026-07-01 08:00:04.815 [Thread-P1] INFO  com.mp3.desktop.Programme1 - Attente de 10000 ms avant le prochain scan...
2026-07-01 08:00:14.819 [Thread-P1] INFO  com.mp3.desktop.Programme1 - Scan du repertoire : D:\ITU\S6\Mr Naina\Mp4\mp3-desktop\chanson
2026-07-01 08:00:14.824 [Thread-P1] INFO  com.mp3.desktop.Programme1 - Attente de 10000 ms avant le prochain scan...
2026-07-01 08:00:24.839 [Thread-P1] INFO  com.mp3.desktop.Programme1 - Scan du repertoire : D:\ITU\S6\Mr Naina\Mp4\mp3-desktop\chanson
2026-07-01 08:00:24.847 [Thread-P1] INFO  com.mp3.desktop.Programme1 - Attente de 10000 ms avant le prochain scan...
2026-07-01 08:00:34.859 [Thread-P1] INFO  com.mp3.desktop.Programme1 - Scan du repertoire : D:\ITU\S6\Mr Naina\Mp4\mp3-desktop\chanson
2026-07-01 08:00:34.879 [Thread-P1] INFO  com.mp3.desktop.Programme1 - Attente de 10000 ms avant le prochain scan...
2026-07-01 08:00:44.893 [Thread-P1] INFO  com.mp3.desktop.Programme1 - Scan du repertoire : D:\ITU\S6\Mr Naina\Mp4\mp3-desktop\chanson
2026-07-01 08:00:44.916 [Thread-P1] INFO  com.mp3.desktop.Programme1 - Attente de 10000 ms avant le prochain scan...
2026-07-01 08:00:54.922 [Thread-P1] INFO  com.mp3.desktop.Programme1 - Scan du repertoire : D:\ITU\S6\Mr Naina\Mp4\mp3-desktop\chanson
2026-07-01 08:00:54.944 [Thread-P1] INFO  com.mp3.desktop.Programme1 - Attente de 10000 ms avant le prochain scan...
2026-07-01 08:01:04.953 [Thread-P1] INFO  com.mp3.desktop.Programme1 - Scan du repertoire : D:\ITU\S6\Mr Naina\Mp4\mp3-desktop\chanson
2026-07-01 08:01:04.974 [Thread-P1] INFO  com.mp3.desktop.Programme1 - Attente de 10000 ms avant le prochain scan...
2026-07-01 08:01:14.976 [Thread-P1] INFO  com.mp3.desktop.Programme1 - Scan du repertoire : D:\ITU\S6\Mr Naina\Mp4\mp3-desktop\chanson
2026-07-01 08:01:14.994 [Thread-P1] INFO  com.mp3.desktop.Programme1 - Attente de 10000 ms avant le prochain scan...
2026-07-01 08:01:25.003 [Thread-P1] INFO  com.mp3.desktop.Programme1 - Scan du repertoire : D:\ITU\S6\Mr Naina\Mp4\mp3-desktop\chanson
2026-07-01 08:01:25.023 [Thread-P1] INFO  com.mp3.desktop.Programme1 - Attente de 10000 ms avant le prochain scan...
2026-07-01 08:01:35.033 [Thread-P1] INFO  com.mp3.desktop.Programme1 - Scan du repertoire : D:\ITU\S6\Mr Naina\Mp4\mp3-desktop\chanson
2026-07-01 08:01:35.044 [Thread-P1] INFO  com.mp3.desktop.Programme1 - Attente de 10000 ms avant le prochain scan...
2026-07-01 08:01:45.053 [Thread-P1] INFO  com.mp3.desktop.Programme1 - Scan du repertoire : D:\ITU\S6\Mr Naina\Mp4\mp3-desktop\chanson
2026-07-01 08:01:45.066 [Thread-P1] INFO  com.mp3.desktop.Programme1 - Attente de 10000 ms avant le prochain scan...
2026-07-01 08:01:55.079 [Thread-P1] INFO  com.mp3.desktop.Programme1 - Scan du repertoire : D:\ITU\S6\Mr Naina\Mp4\mp3-desktop\chanson
2026-07-01 08:01:55.197 [Thread-P1] INFO  com.mp3.desktop.Programme1 - Attente de 10000 ms avant le prochain scan...
2026-07-01 08:02:05.220 [Thread-P1] INFO  com.mp3.desktop.Programme1 - Scan du repertoire : D:\ITU\S6\Mr Naina\Mp4\mp3-desktop\chanson
2026-07-01 08:02:05.249 [Thread-P1] INFO  com.mp3.desktop.Programme1 - Attente de 10000 ms avant le prochain scan...
2026-07-01 08:02:15.264 [Thread-P1] INFO  com.mp3.desktop.Programme1 - Scan du repertoire : D:\ITU\S6\Mr Naina\Mp4\mp3-desktop\chanson
2026-07-01 08:02:15.290 [Thread-P1] INFO  com.mp3.desktop.Programme1 - Attente de 10000 ms avant le prochain scan...
2026-07-01 08:02:25.297 [Thread-P1] INFO  com.mp3.desktop.Programme1 - Scan du repertoire : D:\ITU\S6\Mr Naina\Mp4\mp3-desktop\chanson
2026-07-01 08:02:25.316 [Thread-P1] INFO  com.mp3.desktop.Programme1 - Attente de 10000 ms avant le prochain scan...
2026-07-01 08:02:35.321 [Thread-P1] INFO  com.mp3.desktop.Programme1 - Scan du repertoire : D:\ITU\S6\Mr Naina\Mp4\mp3-desktop\chanson
2026-07-01 08:02:35.338 [Thread-P1] INFO  com.mp3.desktop.Programme1 - Attente de 10000 ms avant le prochain scan...
2026-07-01 08:02:45.350 [Thread-P1] INFO  com.mp3.desktop.Programme1 - Scan du repertoire : D:\ITU\S6\Mr Naina\Mp4\mp3-desktop\chanson
2026-07-01 08:02:45.370 [Thread-P1] INFO  com.mp3.desktop.Programme1 - Attente de 10000 ms avant le prochain scan...
2026-07-01 08:02:55.378 [Thread-P1] INFO  com.mp3.desktop.Programme1 - Scan du repertoire : D:\ITU\S6\Mr Naina\Mp4\mp3-desktop\chanson
2026-07-01 08:02:55.413 [Thread-P1] INFO  com.mp3.desktop.Programme1 - Attente de 10000 ms avant le prochain scan...
2026-07-01 08:03:05.428 [Thread-P1] INFO  com.mp3.desktop.Programme1 - Scan du repertoire : D:\ITU\S6\Mr Naina\Mp4\mp3-desktop\chanson
2026-07-01 08:03:05.445 [Thread-P1] INFO  com.mp3.desktop.Programme1 - Attente de 10000 ms avant le prochain scan...
2026-07-01 08:03:15.462 [Thread-P1] INFO  com.mp3.desktop.Programme1 - Scan du repertoire : D:\ITU\S6\Mr Naina\Mp4\mp3-desktop\chanson
2026-07-01 08:03:15.478 [Thread-P1] INFO  com.mp3.desktop.Programme1 - Attente de 10000 ms avant le prochain scan...
2026-07-01 08:03:25.500 [Thread-P1] INFO  com.mp3.desktop.Programme1 - Scan du repertoire : D:\ITU\S6\Mr Naina\Mp4\mp3-desktop\chanson
2026-07-01 08:03:25.520 [Thread-P1] INFO  com.mp3.desktop.Programme1 - Attente de 10000 ms avant le prochain scan...
2026-07-01 08:03:35.534 [Thread-P1] INFO  com.mp3.desktop.Programme1 - Scan du repertoire : D:\ITU\S6\Mr Naina\Mp4\mp3-desktop\chanson
2026-07-01 08:03:35.553 [Thread-P1] INFO  com.mp3.desktop.Programme1 - Attente de 10000 ms avant le prochain scan...
2026-07-01 08:03:45.569 [Thread-P1] INFO  com.mp3.desktop.Programme1 - Scan du repertoire : D:\ITU\S6\Mr Naina\Mp4\mp3-desktop\chanson
2026-07-01 08:03:45.576 [Thread-P1] INFO  com.mp3.desktop.Programme1 - Attente de 10000 ms avant le prochain scan...
2026-07-01 08:03:55.590 [Thread-P1] INFO  com.mp3.desktop.Programme1 - Scan du repertoire : D:\ITU\S6\Mr Naina\Mp4\mp3-desktop\chanson
2026-07-01 08:03:55.607 [Thread-P1] INFO  com.mp3.desktop.Programme1 - Attente de 10000 ms avant le prochain scan...
2026-07-01 08:04:05.623 [Thread-P1] INFO  com.mp3.desktop.Programme1 - Scan du repertoire : D:\ITU\S6\Mr Naina\Mp4\mp3-desktop\chanson
2026-07-01 08:04:05.624 [Thread-P1] INFO  com.mp3.desktop.Programme1 - Attente de 10000 ms avant le prochain scan...
2026-07-01 08:04:15.640 [Thread-P1] INFO  com.mp3.desktop.Programme1 - Scan du repertoire : D:\ITU\S6\Mr Naina\Mp4\mp3-desktop\chanson
2026-07-01 08:04:15.657 [Thread-P1] INFO  com.mp3.desktop.Programme1 - Attente de 10000 ms avant le prochain scan...
2026-07-01 08:04:25.666 [Thread-P1] INFO  com.mp3.desktop.Programme1 - Scan du repertoire : D:\ITU\S6\Mr Naina\Mp4\mp3-desktop\chanson
2026-07-01 08:04:25.682 [Thread-P1] INFO  com.mp3.desktop.Programme1 - Attente de 10000 ms avant le prochain scan...
2026-07-01 08:04:35.693 [Thread-P1] INFO  com.mp3.desktop.Programme1 - Scan du repertoire : D:\ITU\S6\Mr Naina\Mp4\mp3-desktop\chanson
2026-07-01 08:04:35.694 [Thread-P1] INFO  com.mp3.desktop.Programme1 - Attente de 10000 ms avant le prochain scan...
2026-07-01 08:04:45.704 [Thread-P1] INFO  com.mp3.desktop.Programme1 - Scan du repertoire : D:\ITU\S6\Mr Naina\Mp4\mp3-desktop\chanson
2026-07-01 08:04:45.712 [Thread-P1] INFO  com.mp3.desktop.Programme1 - -> Message envoye a RabbitMQ [queue_liste_mp3] : D:\ITU\S6\Mr Naina\Mp4\mp3-desktop\chanson\Billie Eilish - Happier Than Ever (Official Music Video)(MP3_160K).mp3
2026-07-01 08:04:45.712 [Thread-P1] INFO  com.mp3.desktop.Programme1 - -> Message envoye a RabbitMQ [queue_liste_mp3] : D:\ITU\S6\Mr Naina\Mp4\mp3-desktop\chanson\HATRAIZA _ AZA AVELA - REKO(MP3_160K).mp3
2026-07-01 08:04:45.712 [Thread-P1] INFO  com.mp3.desktop.Programme1 - -> Message envoye a RabbitMQ [queue_liste_mp3] : D:\ITU\S6\Mr Naina\Mp4\mp3-desktop\chanson\Louane - Maman (2015) Official Music Video(MP3_160K).mp3
2026-07-01 08:04:45.714 [Thread-P1] INFO  com.mp3.desktop.Programme1 - -> Message envoye a RabbitMQ [queue_liste_mp3] : D:\ITU\S6\Mr Naina\Mp4\mp3-desktop\chanson\Matsiro kosa ny nanaovan_i Fy Rasolofoniaina ny hiran_ny tarika _Zay teto.(480P_SD).mp3
2026-07-01 08:04:45.714 [Thread-P1] INFO  com.mp3.desktop.Programme1 - -> Message envoye a RabbitMQ [queue_liste_mp3] : D:\ITU\S6\Mr Naina\Mp4\mp3-desktop\chanson\MISIA - REKO(MP3_160K).mp3
2026-07-01 08:04:45.714 [Thread-P1] INFO  com.mp3.desktop.Programme1 - -> Message envoye a RabbitMQ [queue_liste_mp3] : D:\ITU\S6\Mr Naina\Mp4\mp3-desktop\chanson\MITONIA - REKO (Official lyrics video)(MP3_160K).mp3
2026-07-01 08:04:45.714 [Thread-P1] INFO  com.mp3.desktop.Programme1 - -> Message envoye a RabbitMQ [queue_liste_mp3] : D:\ITU\S6\Mr Naina\Mp4\mp3-desktop\chanson\NY ANARANAO - REKO(MP3_160K).mp3
2026-07-01 08:04:45.714 [Thread-P1] INFO  com.mp3.desktop.Programme1 - -> Message envoye a RabbitMQ [queue_liste_mp3] : D:\ITU\S6\Mr Naina\Mp4\mp3-desktop\chanson\ROTOROTO - REKO(MP3_160K).mp3
2026-07-01 08:04:45.716 [Thread-P1] INFO  com.mp3.desktop.Programme1 - -> Message envoye a RabbitMQ [queue_liste_mp3] : D:\ITU\S6\Mr Naina\Mp4\mp3-desktop\chanson\TONGASOA - REKO(MP3_160K).mp3
2026-07-01 08:04:45.722 [Thread-P1] INFO  com.mp3.desktop.Programme1 - Attente de 10000 ms avant le prochain scan...
2026-07-01 08:04:55.728 [Thread-P1] INFO  com.mp3.desktop.Programme1 - Scan du repertoire : D:\ITU\S6\Mr Naina\Mp4\mp3-desktop\chanson
2026-07-01 08:04:55.735 [Thread-P1] INFO  com.mp3.desktop.Programme1 - -> Message envoye a RabbitMQ [queue_liste_mp3] : D:\ITU\S6\Mr Naina\Mp4\mp3-desktop\chanson\Ankino.mp3
2026-07-01 08:04:55.735 [Thread-P1] INFO  com.mp3.desktop.Programme1 - -> Message envoye a RabbitMQ [queue_liste_mp3] : D:\ITU\S6\Mr Naina\Mp4\mp3-desktop\chanson\Antanambao.MP3
2026-07-01 08:04:55.736 [Thread-P1] INFO  com.mp3.desktop.Programme1 - -> Message envoye a RabbitMQ [queue_liste_mp3] : D:\ITU\S6\Mr Naina\Mp4\mp3-desktop\chanson\IAO.MP3
2026-07-01 08:04:55.738 [Thread-P1] INFO  com.mp3.desktop.Programme1 - Attente de 10000 ms avant le prochain scan...
2026-07-01 08:05:05.744 [Thread-P1] INFO  com.mp3.desktop.Programme1 - Scan du repertoire : D:\ITU\S6\Mr Naina\Mp4\mp3-desktop\chanson
2026-07-01 08:05:05.750 [Thread-P1] INFO  com.mp3.desktop.Programme1 - Attente de 10000 ms avant le prochain scan...
2026-07-01 08:05:15.752 [Thread-P1] INFO  com.mp3.desktop.Programme1 - Scan du repertoire : D:\ITU\S6\Mr Naina\Mp4\mp3-desktop\chanson
2026-07-01 08:05:15.756 [Thread-P1] INFO  com.mp3.desktop.Programme1 - Attente de 10000 ms avant le prochain scan...
2026-07-01 08:05:21.193 [Thread-P1] WARN  com.mp3.desktop.Programme1 - Programme 1 interrompu
2026-07-01 08:05:31.713 [Thread-P1] INFO  com.mp3.desktop.Programme1 - === Demarrage du Programme 1 ===
2026-07-01 08:05:31.714 [Thread-P1] INFO  com.mp3.desktop.Programme1 - Scan du repertoire : D:\ITU\S6\Mr Naina\Mp4\mp3-desktop\chanson
2026-07-01 08:05:31.728 [Thread-P1] INFO  com.mp3.desktop.Programme1 - Attente de 10000 ms avant le prochain scan...
2026-07-01 08:05:41.735 [Thread-P1] INFO  com.mp3.desktop.Programme1 - Scan du repertoire : D:\ITU\S6\Mr Naina\Mp4\mp3-desktop\chanson
2026-07-01 08:05:41.740 [Thread-P1] INFO  com.mp3.desktop.Programme1 - Attente de 10000 ms avant le prochain scan...
2026-07-01 08:05:51.747 [Thread-P1] INFO  com.mp3.desktop.Programme1 - Scan du repertoire : D:\ITU\S6\Mr Naina\Mp4\mp3-desktop\chanson
2026-07-01 08:05:51.753 [Thread-P1] INFO  com.mp3.desktop.Programme1 - Attente de 10000 ms avant le prochain scan...
2026-07-01 08:06:01.756 [Thread-P1] INFO  com.mp3.desktop.Programme1 - Scan du repertoire : D:\ITU\S6\Mr Naina\Mp4\mp3-desktop\chanson
2026-07-01 08:06:01.768 [Thread-P1] INFO  com.mp3.desktop.Programme1 - Attente de 10000 ms avant le prochain scan...
2026-07-01 08:06:11.769 [Thread-P1] INFO  com.mp3.desktop.Programme1 - Scan du repertoire : D:\ITU\S6\Mr Naina\Mp4\mp3-desktop\chanson
2026-07-01 08:06:11.780 [Thread-P1] INFO  com.mp3.desktop.Programme1 - Attente de 10000 ms avant le prochain scan...
2026-07-01 08:06:21.796 [Thread-P1] INFO  com.mp3.desktop.Programme1 - Scan du repertoire : D:\ITU\S6\Mr Naina\Mp4\mp3-desktop\chanson
2026-07-01 08:06:21.804 [Thread-P1] INFO  com.mp3.desktop.Programme1 - Attente de 10000 ms avant le prochain scan...
2026-07-01 08:06:31.808 [Thread-P1] INFO  com.mp3.desktop.Programme1 - Scan du repertoire : D:\ITU\S6\Mr Naina\Mp4\mp3-desktop\chanson
2026-07-01 08:06:31.824 [Thread-P1] INFO  com.mp3.desktop.Programme1 - Attente de 10000 ms avant le prochain scan...
2026-07-01 08:06:41.833 [Thread-P1] INFO  com.mp3.desktop.Programme1 - Scan du repertoire : D:\ITU\S6\Mr Naina\Mp4\mp3-desktop\chanson
2026-07-01 08:06:41.855 [Thread-P1] INFO  com.mp3.desktop.Programme1 - Attente de 10000 ms avant le prochain scan...
2026-07-01 08:06:51.860 [Thread-P1] INFO  com.mp3.desktop.Programme1 - Scan du repertoire : D:\ITU\S6\Mr Naina\Mp4\mp3-desktop\chanson
2026-07-01 08:06:51.886 [Thread-P1] INFO  com.mp3.desktop.Programme1 - Attente de 10000 ms avant le prochain scan...
2026-07-01 08:07:01.890 [Thread-P1] INFO  com.mp3.desktop.Programme1 - Scan du repertoire : D:\ITU\S6\Mr Naina\Mp4\mp3-desktop\chanson
2026-07-01 08:07:01.903 [Thread-P1] INFO  com.mp3.desktop.Programme1 - Attente de 10000 ms avant le prochain scan...
2026-07-01 08:07:11.917 [Thread-P1] INFO  com.mp3.desktop.Programme1 - Scan du repertoire : D:\ITU\S6\Mr Naina\Mp4\mp3-desktop\chanson
2026-07-01 08:07:11.939 [Thread-P1] INFO  com.mp3.desktop.Programme1 - Attente de 10000 ms avant le prochain scan...
2026-07-01 08:07:21.945 [Thread-P1] INFO  com.mp3.desktop.Programme1 - Scan du repertoire : D:\ITU\S6\Mr Naina\Mp4\mp3-desktop\chanson
2026-07-01 08:07:21.957 [Thread-P1] INFO  com.mp3.desktop.Programme1 - Attente de 10000 ms avant le prochain scan...
2026-07-01 08:07:31.958 [Thread-P1] INFO  com.mp3.desktop.Programme1 - Scan du repertoire : D:\ITU\S6\Mr Naina\Mp4\mp3-desktop\chanson
2026-07-01 08:07:31.993 [Thread-P1] INFO  com.mp3.desktop.Programme1 - Attente de 10000 ms avant le prochain scan...
2026-07-01 08:07:42.014 [Thread-P1] INFO  com.mp3.desktop.Programme1 - Scan du repertoire : D:\ITU\S6\Mr Naina\Mp4\mp3-desktop\chanson
2026-07-01 08:07:42.031 [Thread-P1] INFO  com.mp3.desktop.Programme1 - -> Message envoye a RabbitMQ [queue_liste_mp3] : D:\ITU\S6\Mr Naina\Mp4\mp3-desktop\chanson\Ankino.mp3
2026-07-01 08:07:42.031 [Thread-P1] INFO  com.mp3.desktop.Programme1 - -> Message envoye a RabbitMQ [queue_liste_mp3] : D:\ITU\S6\Mr Naina\Mp4\mp3-desktop\chanson\Antanambao.MP3
2026-07-01 08:07:42.031 [Thread-P1] INFO  com.mp3.desktop.Programme1 - -> Message envoye a RabbitMQ [queue_liste_mp3] : D:\ITU\S6\Mr Naina\Mp4\mp3-desktop\chanson\IAO.MP3
2026-07-01 08:07:42.038 [Thread-P1] INFO  com.mp3.desktop.Programme1 - Attente de 10000 ms avant le prochain scan...
2026-07-01 08:07:52.045 [Thread-P1] INFO  com.mp3.desktop.Programme1 - Scan du repertoire : D:\ITU\S6\Mr Naina\Mp4\mp3-desktop\chanson
2026-07-01 08:07:52.066 [Thread-P1] INFO  com.mp3.desktop.Programme1 - Attente de 10000 ms avant le prochain scan...
2026-07-01 08:08:02.068 [Thread-P1] INFO  com.mp3.desktop.Programme1 - Scan du repertoire : D:\ITU\S6\Mr Naina\Mp4\mp3-desktop\chanson
2026-07-01 08:08:02.090 [Thread-P1] INFO  com.mp3.desktop.Programme1 - Attente de 10000 ms avant le prochain scan...
2026-07-01 08:08:12.099 [Thread-P1] INFO  com.mp3.desktop.Programme1 - Scan du repertoire : D:\ITU\S6\Mr Naina\Mp4\mp3-desktop\chanson
2026-07-01 08:08:12.103 [Thread-P1] INFO  com.mp3.desktop.Programme1 - Attente de 10000 ms avant le prochain scan...
2026-07-01 08:08:22.109 [Thread-P1] INFO  com.mp3.desktop.Programme1 - Scan du repertoire : D:\ITU\S6\Mr Naina\Mp4\mp3-desktop\chanson
2026-07-01 08:08:22.118 [Thread-P1] INFO  com.mp3.desktop.Programme1 - Attente de 10000 ms avant le prochain scan...
2026-07-01 08:08:32.129 [Thread-P1] INFO  com.mp3.desktop.Programme1 - Scan du repertoire : D:\ITU\S6\Mr Naina\Mp4\mp3-desktop\chanson
2026-07-01 08:08:32.137 [Thread-P1] INFO  com.mp3.desktop.Programme1 - Attente de 10000 ms avant le prochain scan...
2026-07-01 08:08:42.149 [Thread-P1] INFO  com.mp3.desktop.Programme1 - Scan du repertoire : D:\ITU\S6\Mr Naina\Mp4\mp3-desktop\chanson
2026-07-01 08:08:42.156 [Thread-P1] INFO  com.mp3.desktop.Programme1 - Attente de 10000 ms avant le prochain scan...
2026-07-01 08:08:52.172 [Thread-P1] INFO  com.mp3.desktop.Programme1 - Scan du repertoire : D:\ITU\S6\Mr Naina\Mp4\mp3-desktop\chanson
2026-07-01 08:08:52.174 [Thread-P1] INFO  com.mp3.desktop.Programme1 - Attente de 10000 ms avant le prochain scan...
2026-07-01 08:09:02.180 [Thread-P1] INFO  com.mp3.desktop.Programme1 - Scan du repertoire : D:\ITU\S6\Mr Naina\Mp4\mp3-desktop\chanson
2026-07-01 08:09:02.191 [Thread-P1] INFO  com.mp3.desktop.Programme1 - Attente de 10000 ms avant le prochain scan...
2026-07-01 08:09:12.199 [Thread-P1] INFO  com.mp3.desktop.Programme1 - Scan du repertoire : D:\ITU\S6\Mr Naina\Mp4\mp3-desktop\chanson
2026-07-01 08:09:12.220 [Thread-P1] INFO  com.mp3.desktop.Programme1 - Attente de 10000 ms avant le prochain scan...
2026-07-01 08:09:22.228 [Thread-P1] INFO  com.mp3.desktop.Programme1 - Scan du repertoire : D:\ITU\S6\Mr Naina\Mp4\mp3-desktop\chanson
2026-07-01 08:09:22.247 [Thread-P1] INFO  com.mp3.desktop.Programme1 - Attente de 10000 ms avant le prochain scan...
2026-07-01 08:09:32.256 [Thread-P1] INFO  com.mp3.desktop.Programme1 - Scan du repertoire : D:\ITU\S6\Mr Naina\Mp4\mp3-desktop\chanson
2026-07-01 08:09:32.261 [Thread-P1] INFO  com.mp3.desktop.Programme1 - Attente de 10000 ms avant le prochain scan...
2026-07-01 08:09:42.278 [Thread-P1] INFO  com.mp3.desktop.Programme1 - Scan du repertoire : D:\ITU\S6\Mr Naina\Mp4\mp3-desktop\chanson
2026-07-01 08:09:42.287 [Thread-P1] INFO  com.mp3.desktop.Programme1 - Attente de 10000 ms avant le prochain scan...
2026-07-01 08:09:52.301 [Thread-P1] INFO  com.mp3.desktop.Programme1 - Scan du repertoire : D:\ITU\S6\Mr Naina\Mp4\mp3-desktop\chanson
2026-07-01 08:09:52.308 [Thread-P1] INFO  com.mp3.desktop.Programme1 - Attente de 10000 ms avant le prochain scan...
2026-07-01 08:10:02.318 [Thread-P1] INFO  com.mp3.desktop.Programme1 - Scan du repertoire : D:\ITU\S6\Mr Naina\Mp4\mp3-desktop\chanson
2026-07-01 08:10:02.331 [Thread-P1] INFO  com.mp3.desktop.Programme1 - Attente de 10000 ms avant le prochain scan...
2026-07-01 08:10:12.333 [Thread-P1] INFO  com.mp3.desktop.Programme1 - Scan du repertoire : D:\ITU\S6\Mr Naina\Mp4\mp3-desktop\chanson
2026-07-01 08:10:12.378 [Thread-P1] INFO  com.mp3.desktop.Programme1 - Attente de 10000 ms avant le prochain scan...
2026-07-01 08:10:22.381 [Thread-P1] INFO  com.mp3.desktop.Programme1 - Scan du repertoire : D:\ITU\S6\Mr Naina\Mp4\mp3-desktop\chanson
2026-07-01 08:10:22.390 [Thread-P1] INFO  com.mp3.desktop.Programme1 - Attente de 10000 ms avant le prochain scan...
2026-07-01 08:10:32.406 [Thread-P1] INFO  com.mp3.desktop.Programme1 - Scan du repertoire : D:\ITU\S6\Mr Naina\Mp4\mp3-desktop\chanson
2026-07-01 08:10:32.424 [Thread-P1] INFO  com.mp3.desktop.Programme1 - Attente de 10000 ms avant le prochain scan...
2026-07-01 08:10:42.434 [Thread-P1] INFO  com.mp3.desktop.Programme1 - Scan du repertoire : D:\ITU\S6\Mr Naina\Mp4\mp3-desktop\chanson
2026-07-01 08:10:42.453 [Thread-P1] INFO  com.mp3.desktop.Programme1 - Attente de 10000 ms avant le prochain scan...
2026-07-01 08:10:52.461 [Thread-P1] INFO  com.mp3.desktop.Programme1 - Scan du repertoire : D:\ITU\S6\Mr Naina\Mp4\mp3-desktop\chanson
2026-07-01 08:10:52.474 [Thread-P1] INFO  com.mp3.desktop.Programme1 - Attente de 10000 ms avant le prochain scan...
2026-07-01 08:11:02.478 [Thread-P1] INFO  com.mp3.desktop.Programme1 - Scan du repertoire : D:\ITU\S6\Mr Naina\Mp4\mp3-desktop\chanson
2026-07-01 08:11:02.485 [Thread-P1] INFO  com.mp3.desktop.Programme1 - Attente de 10000 ms avant le prochain scan...
2026-07-01 08:11:12.492 [Thread-P1] INFO  com.mp3.desktop.Programme1 - Scan du repertoire : D:\ITU\S6\Mr Naina\Mp4\mp3-desktop\chanson
2026-07-01 08:11:12.508 [Thread-P1] INFO  com.mp3.desktop.Programme1 - Attente de 10000 ms avant le prochain scan...
2026-07-01 08:11:22.526 [Thread-P1] INFO  com.mp3.desktop.Programme1 - Scan du repertoire : D:\ITU\S6\Mr Naina\Mp4\mp3-desktop\chanson
2026-07-01 08:11:22.551 [Thread-P1] INFO  com.mp3.desktop.Programme1 - Attente de 10000 ms avant le prochain scan...
2026-07-01 08:11:32.553 [Thread-P1] INFO  com.mp3.desktop.Programme1 - Scan du repertoire : D:\ITU\S6\Mr Naina\Mp4\mp3-desktop\chanson
2026-07-01 08:11:32.566 [Thread-P1] INFO  com.mp3.desktop.Programme1 - Attente de 10000 ms avant le prochain scan...
2026-07-01 08:11:42.580 [Thread-P1] INFO  com.mp3.desktop.Programme1 - Scan du repertoire : D:\ITU\S6\Mr Naina\Mp4\mp3-desktop\chanson
2026-07-01 08:11:42.598 [Thread-P1] INFO  com.mp3.desktop.Programme1 - Attente de 10000 ms avant le prochain scan...
2026-07-01 08:11:52.606 [Thread-P1] INFO  com.mp3.desktop.Programme1 - Scan du repertoire : D:\ITU\S6\Mr Naina\Mp4\mp3-desktop\chanson
2026-07-01 08:11:52.619 [Thread-P1] INFO  com.mp3.desktop.Programme1 - Attente de 10000 ms avant le prochain scan...
2026-07-01 08:12:02.625 [Thread-P1] INFO  com.mp3.desktop.Programme1 - Scan du repertoire : D:\ITU\S6\Mr Naina\Mp4\mp3-desktop\chanson
2026-07-01 08:12:02.644 [Thread-P1] INFO  com.mp3.desktop.Programme1 - Attente de 10000 ms avant le prochain scan...
2026-07-01 08:12:12.653 [Thread-P1] INFO  com.mp3.desktop.Programme1 - Scan du repertoire : D:\ITU\S6\Mr Naina\Mp4\mp3-desktop\chanson
2026-07-01 08:12:12.666 [Thread-P1] INFO  com.mp3.desktop.Programme1 - Attente de 10000 ms avant le prochain scan...
2026-07-01 08:12:22.669 [Thread-P1] INFO  com.mp3.desktop.Programme1 - Scan du repertoire : D:\ITU\S6\Mr Naina\Mp4\mp3-desktop\chanson
2026-07-01 08:12:22.674 [Thread-P1] INFO  com.mp3.desktop.Programme1 - Attente de 10000 ms avant le prochain scan...
2026-07-01 08:12:32.681 [Thread-P1] INFO  com.mp3.desktop.Programme1 - Scan du repertoire : D:\ITU\S6\Mr Naina\Mp4\mp3-desktop\chanson
2026-07-01 08:12:32.687 [Thread-P1] INFO  com.mp3.desktop.Programme1 - Attente de 10000 ms avant le prochain scan...
2026-07-01 08:12:42.698 [Thread-P1] INFO  com.mp3.desktop.Programme1 - Scan du repertoire : D:\ITU\S6\Mr Naina\Mp4\mp3-desktop\chanson
2026-07-01 08:12:42.708 [Thread-P1] INFO  com.mp3.desktop.Programme1 - Attente de 10000 ms avant le prochain scan...
2026-07-01 08:12:52.711 [Thread-P1] INFO  com.mp3.desktop.Programme1 - Scan du repertoire : D:\ITU\S6\Mr Naina\Mp4\mp3-desktop\chanson
2026-07-01 08:12:52.726 [Thread-P1] INFO  com.mp3.desktop.Programme1 - Attente de 10000 ms avant le prochain scan...
2026-07-01 08:13:02.728 [Thread-P1] INFO  com.mp3.desktop.Programme1 - Scan du repertoire : D:\ITU\S6\Mr Naina\Mp4\mp3-desktop\chanson
2026-07-01 08:13:02.735 [Thread-P1] INFO  com.mp3.desktop.Programme1 - Attente de 10000 ms avant le prochain scan...
2026-07-01 08:13:12.741 [Thread-P1] INFO  com.mp3.desktop.Programme1 - Scan du repertoire : D:\ITU\S6\Mr Naina\Mp4\mp3-desktop\chanson
2026-07-01 08:13:12.754 [Thread-P1] INFO  com.mp3.desktop.Programme1 - Attente de 10000 ms avant le prochain scan...
2026-07-01 08:13:22.758 [Thread-P1] INFO  com.mp3.desktop.Programme1 - Scan du repertoire : D:\ITU\S6\Mr Naina\Mp4\mp3-desktop\chanson
2026-07-01 08:13:22.772 [Thread-P1] INFO  com.mp3.desktop.Programme1 - Attente de 10000 ms avant le prochain scan...
2026-07-01 08:13:32.786 [Thread-P1] INFO  com.mp3.desktop.Programme1 - Scan du repertoire : D:\ITU\S6\Mr Naina\Mp4\mp3-desktop\chanson
2026-07-01 08:13:32.793 [Thread-P1] INFO  com.mp3.desktop.Programme1 - Attente de 10000 ms avant le prochain scan...
2026-07-01 08:13:42.798 [Thread-P1] INFO  com.mp3.desktop.Programme1 - Scan du repertoire : D:\ITU\S6\Mr Naina\Mp4\mp3-desktop\chanson
2026-07-01 08:13:42.821 [Thread-P1] INFO  com.mp3.desktop.Programme1 - Attente de 10000 ms avant le prochain scan...
2026-07-01 08:13:52.837 [Thread-P1] INFO  com.mp3.desktop.Programme1 - Scan du repertoire : D:\ITU\S6\Mr Naina\Mp4\mp3-desktop\chanson
2026-07-01 08:13:52.859 [Thread-P1] INFO  com.mp3.desktop.Programme1 - Attente de 10000 ms avant le prochain scan...
2026-07-01 08:14:02.868 [Thread-P1] INFO  com.mp3.desktop.Programme1 - Scan du repertoire : D:\ITU\S6\Mr Naina\Mp4\mp3-desktop\chanson
2026-07-01 08:14:02.880 [Thread-P1] INFO  com.mp3.desktop.Programme1 - Attente de 10000 ms avant le prochain scan...
2026-07-01 08:14:12.897 [Thread-P1] INFO  com.mp3.desktop.Programme1 - Scan du repertoire : D:\ITU\S6\Mr Naina\Mp4\mp3-desktop\chanson
2026-07-01 08:14:12.914 [Thread-P1] INFO  com.mp3.desktop.Programme1 - Attente de 10000 ms avant le prochain scan...
2026-07-01 08:14:22.924 [Thread-P1] INFO  com.mp3.desktop.Programme1 - Scan du repertoire : D:\ITU\S6\Mr Naina\Mp4\mp3-desktop\chanson
2026-07-01 08:14:22.937 [Thread-P1] INFO  com.mp3.desktop.Programme1 - Attente de 10000 ms avant le prochain scan...
2026-07-01 08:14:32.949 [Thread-P1] INFO  com.mp3.desktop.Programme1 - Scan du repertoire : D:\ITU\S6\Mr Naina\Mp4\mp3-desktop\chanson
2026-07-01 08:14:32.959 [Thread-P1] INFO  com.mp3.desktop.Programme1 - Attente de 10000 ms avant le prochain scan...
2026-07-01 08:14:42.980 [Thread-P1] INFO  com.mp3.desktop.Programme1 - Scan du repertoire : D:\ITU\S6\Mr Naina\Mp4\mp3-desktop\chanson
2026-07-01 08:14:42.987 [Thread-P1] INFO  com.mp3.desktop.Programme1 - Attente de 10000 ms avant le prochain scan...
2026-07-01 08:14:52.993 [Thread-P1] INFO  com.mp3.desktop.Programme1 - Scan du repertoire : D:\ITU\S6\Mr Naina\Mp4\mp3-desktop\chanson
2026-07-01 08:14:53.011 [Thread-P1] INFO  com.mp3.desktop.Programme1 - Attente de 10000 ms avant le prochain scan...
2026-07-01 08:15:03.015 [Thread-P1] INFO  com.mp3.desktop.Programme1 - Scan du repertoire : D:\ITU\S6\Mr Naina\Mp4\mp3-desktop\chanson
2026-07-01 08:15:03.025 [Thread-P1] INFO  com.mp3.desktop.Programme1 - Attente de 10000 ms avant le prochain scan...
2026-07-01 08:15:13.038 [Thread-P1] INFO  com.mp3.desktop.Programme1 - Scan du repertoire : D:\ITU\S6\Mr Naina\Mp4\mp3-desktop\chanson
2026-07-01 08:15:13.071 [Thread-P1] INFO  com.mp3.desktop.Programme1 - Attente de 10000 ms avant le prochain scan...
2026-07-01 08:15:23.074 [Thread-P1] INFO  com.mp3.desktop.Programme1 - Scan du repertoire : D:\ITU\S6\Mr Naina\Mp4\mp3-desktop\chanson
2026-07-01 08:15:23.087 [Thread-P1] INFO  com.mp3.desktop.Programme1 - Attente de 10000 ms avant le prochain scan...
2026-07-01 08:15:33.101 [Thread-P1] INFO  com.mp3.desktop.Programme1 - Scan du repertoire : D:\ITU\S6\Mr Naina\Mp4\mp3-desktop\chanson
2026-07-01 08:15:33.118 [Thread-P1] INFO  com.mp3.desktop.Programme1 - Attente de 10000 ms avant le prochain scan...
2026-07-01 08:15:43.129 [Thread-P1] INFO  com.mp3.desktop.Programme1 - Scan du repertoire : D:\ITU\S6\Mr Naina\Mp4\mp3-desktop\chanson
2026-07-01 08:15:43.152 [Thread-P1] INFO  com.mp3.desktop.Programme1 - Attente de 10000 ms avant le prochain scan...
2026-07-01 08:15:53.155 [Thread-P1] INFO  com.mp3.desktop.Programme1 - Scan du repertoire : D:\ITU\S6\Mr Naina\Mp4\mp3-desktop\chanson
2026-07-01 08:15:53.163 [Thread-P1] INFO  com.mp3.desktop.Programme1 - Attente de 10000 ms avant le prochain scan...
2026-07-01 08:16:03.165 [Thread-P1] INFO  com.mp3.desktop.Programme1 - Scan du repertoire : D:\ITU\S6\Mr Naina\Mp4\mp3-desktop\chanson
2026-07-01 08:16:03.174 [Thread-P1] INFO  com.mp3.desktop.Programme1 - Attente de 10000 ms avant le prochain scan...
2026-07-01 08:16:13.187 [Thread-P1] INFO  com.mp3.desktop.Programme1 - Scan du repertoire : D:\ITU\S6\Mr Naina\Mp4\mp3-desktop\chanson
2026-07-01 08:16:13.195 [Thread-P1] INFO  com.mp3.desktop.Programme1 - Attente de 10000 ms avant le prochain scan...
2026-07-01 08:16:23.206 [Thread-P1] INFO  com.mp3.desktop.Programme1 - Scan du repertoire : D:\ITU\S6\Mr Naina\Mp4\mp3-desktop\chanson
2026-07-01 08:16:23.215 [Thread-P1] INFO  com.mp3.desktop.Programme1 - Attente de 10000 ms avant le prochain scan...
2026-07-01 08:16:33.218 [Thread-P1] INFO  com.mp3.desktop.Programme1 - Scan du repertoire : D:\ITU\S6\Mr Naina\Mp4\mp3-desktop\chanson
2026-07-01 08:16:33.227 [Thread-P1] INFO  com.mp3.desktop.Programme1 - Attente de 10000 ms avant le prochain scan...
2026-07-01 08:16:43.228 [Thread-P1] INFO  com.mp3.desktop.Programme1 - Scan du repertoire : D:\ITU\S6\Mr Naina\Mp4\mp3-desktop\chanson
2026-07-01 08:16:43.237 [Thread-P1] INFO  com.mp3.desktop.Programme1 - Attente de 10000 ms avant le prochain scan...
2026-07-01 08:16:53.238 [Thread-P1] INFO  com.mp3.desktop.Programme1 - Scan du repertoire : D:\ITU\S6\Mr Naina\Mp4\mp3-desktop\chanson
2026-07-01 08:16:53.245 [Thread-P1] INFO  com.mp3.desktop.Programme1 - Attente de 10000 ms avant le prochain scan...
2026-07-01 08:17:03.257 [Thread-P1] INFO  com.mp3.desktop.Programme1 - Scan du repertoire : D:\ITU\S6\Mr Naina\Mp4\mp3-desktop\chanson
2026-07-01 08:17:03.265 [Thread-P1] INFO  com.mp3.desktop.Programme1 - Attente de 10000 ms avant le prochain scan...
2026-07-01 08:17:13.271 [Thread-P1] INFO  com.mp3.desktop.Programme1 - Scan du repertoire : D:\ITU\S6\Mr Naina\Mp4\mp3-desktop\chanson
2026-07-01 08:17:13.282 [Thread-P1] INFO  com.mp3.desktop.Programme1 - Attente de 10000 ms avant le prochain scan...
2026-07-01 08:17:23.297 [Thread-P1] INFO  com.mp3.desktop.Programme1 - Scan du repertoire : D:\ITU\S6\Mr Naina\Mp4\mp3-desktop\chanson
2026-07-01 08:17:23.306 [Thread-P1] INFO  com.mp3.desktop.Programme1 - Attente de 10000 ms avant le prochain scan...
2026-07-01 08:17:33.316 [Thread-P1] INFO  com.mp3.desktop.Programme1 - Scan du repertoire : D:\ITU\S6\Mr Naina\Mp4\mp3-desktop\chanson
2026-07-01 08:17:33.324 [Thread-P1] INFO  com.mp3.desktop.Programme1 - Attente de 10000 ms avant le prochain scan...
2026-07-01 08:17:43.327 [Thread-P1] INFO  com.mp3.desktop.Programme1 - Scan du repertoire : D:\ITU\S6\Mr Naina\Mp4\mp3-desktop\chanson
2026-07-01 08:17:43.336 [Thread-P1] INFO  com.mp3.desktop.Programme1 - Attente de 10000 ms avant le prochain scan...
2026-07-01 08:17:53.339 [Thread-P1] INFO  com.mp3.desktop.Programme1 - Scan du repertoire : D:\ITU\S6\Mr Naina\Mp4\mp3-desktop\chanson
2026-07-01 08:17:53.347 [Thread-P1] INFO  com.mp3.desktop.Programme1 - Attente de 10000 ms avant le prochain scan...
2026-07-01 08:18:03.350 [Thread-P1] INFO  com.mp3.desktop.Programme1 - Scan du repertoire : D:\ITU\S6\Mr Naina\Mp4\mp3-desktop\chanson
2026-07-01 08:18:03.365 [Thread-P1] INFO  com.mp3.desktop.Programme1 - Attente de 10000 ms avant le prochain scan...
2026-07-01 08:18:13.377 [Thread-P1] INFO  com.mp3.desktop.Programme1 - Scan du repertoire : D:\ITU\S6\Mr Naina\Mp4\mp3-desktop\chanson
2026-07-01 08:18:13.390 [Thread-P1] INFO  com.mp3.desktop.Programme1 - Attente de 10000 ms avant le prochain scan...
2026-07-01 08:18:23.405 [Thread-P1] INFO  com.mp3.desktop.Programme1 - Scan du repertoire : D:\ITU\S6\Mr Naina\Mp4\mp3-desktop\chanson
2026-07-01 08:18:23.413 [Thread-P1] INFO  com.mp3.desktop.Programme1 - Attente de 10000 ms avant le prochain scan...
2026-07-01 08:18:33.416 [Thread-P1] INFO  com.mp3.desktop.Programme1 - Scan du repertoire : D:\ITU\S6\Mr Naina\Mp4\mp3-desktop\chanson
2026-07-01 08:18:33.424 [Thread-P1] INFO  com.mp3.desktop.Programme1 - Attente de 10000 ms avant le prochain scan...
2026-07-01 08:18:43.426 [Thread-P1] INFO  com.mp3.desktop.Programme1 - Scan du repertoire : D:\ITU\S6\Mr Naina\Mp4\mp3-desktop\chanson
2026-07-01 08:18:43.434 [Thread-P1] INFO  com.mp3.desktop.Programme1 - Attente de 10000 ms avant le prochain scan...
2026-07-01 08:18:53.445 [Thread-P1] INFO  com.mp3.desktop.Programme1 - Scan du repertoire : D:\ITU\S6\Mr Naina\Mp4\mp3-desktop\chanson
2026-07-01 08:18:53.452 [Thread-P1] INFO  com.mp3.desktop.Programme1 - Attente de 10000 ms avant le prochain scan...
2026-07-01 08:19:03.464 [Thread-P1] INFO  com.mp3.desktop.Programme1 - Scan du repertoire : D:\ITU\S6\Mr Naina\Mp4\mp3-desktop\chanson
2026-07-01 08:19:03.473 [Thread-P1] INFO  com.mp3.desktop.Programme1 - Attente de 10000 ms avant le prochain scan...
2026-07-01 08:19:13.477 [Thread-P1] INFO  com.mp3.desktop.Programme1 - Scan du repertoire : D:\ITU\S6\Mr Naina\Mp4\mp3-desktop\chanson
2026-07-01 08:19:13.485 [Thread-P1] INFO  com.mp3.desktop.Programme1 - Attente de 10000 ms avant le prochain scan...
2026-07-01 08:19:23.488 [Thread-P1] INFO  com.mp3.desktop.Programme1 - Scan du repertoire : D:\ITU\S6\Mr Naina\Mp4\mp3-desktop\chanson
2026-07-01 08:19:23.508 [Thread-P1] INFO  com.mp3.desktop.Programme1 - Attente de 10000 ms avant le prochain scan...
2026-07-01 08:19:33.516 [Thread-P1] INFO  com.mp3.desktop.Programme1 - Scan du repertoire : D:\ITU\S6\Mr Naina\Mp4\mp3-desktop\chanson
2026-07-01 08:19:33.536 [Thread-P1] INFO  com.mp3.desktop.Programme1 - Attente de 10000 ms avant le prochain scan...
2026-07-01 08:19:43.541 [Thread-P1] INFO  com.mp3.desktop.Programme1 - Scan du repertoire : D:\ITU\S6\Mr Naina\Mp4\mp3-desktop\chanson
2026-07-01 08:19:43.560 [Thread-P1] INFO  com.mp3.desktop.Programme1 - Attente de 10000 ms avant le prochain scan...
2026-07-01 08:19:53.566 [Thread-P1] INFO  com.mp3.desktop.Programme1 - Scan du repertoire : D:\ITU\S6\Mr Naina\Mp4\mp3-desktop\chanson
2026-07-01 08:19:53.590 [Thread-P1] INFO  com.mp3.desktop.Programme1 - Attente de 10000 ms avant le prochain scan...
2026-07-01 08:20:03.599 [Thread-P1] INFO  com.mp3.desktop.Programme1 - Scan du repertoire : D:\ITU\S6\Mr Naina\Mp4\mp3-desktop\chanson
2026-07-01 08:20:03.633 [Thread-P1] INFO  com.mp3.desktop.Programme1 - Attente de 10000 ms avant le prochain scan...
2026-07-01 08:20:13.643 [Thread-P1] INFO  com.mp3.desktop.Programme1 - Scan du repertoire : D:\ITU\S6\Mr Naina\Mp4\mp3-desktop\chanson
2026-07-01 08:20:13.670 [Thread-P1] INFO  com.mp3.desktop.Programme1 - Attente de 10000 ms avant le prochain scan...
2026-07-01 08:20:23.684 [Thread-P1] INFO  com.mp3.desktop.Programme1 - Scan du repertoire : D:\ITU\S6\Mr Naina\Mp4\mp3-desktop\chanson
2026-07-01 08:20:23.711 [Thread-P1] INFO  com.mp3.desktop.Programme1 - Attente de 10000 ms avant le prochain scan...
2026-07-01 08:20:33.716 [Thread-P1] INFO  com.mp3.desktop.Programme1 - Scan du repertoire : D:\ITU\S6\Mr Naina\Mp4\mp3-desktop\chanson
2026-07-01 08:20:33.736 [Thread-P1] INFO  com.mp3.desktop.Programme1 - Attente de 10000 ms avant le prochain scan...
2026-07-01 08:20:43.744 [Thread-P1] INFO  com.mp3.desktop.Programme1 - Scan du repertoire : D:\ITU\S6\Mr Naina\Mp4\mp3-desktop\chanson
2026-07-01 08:20:43.764 [Thread-P1] INFO  com.mp3.desktop.Programme1 - Attente de 10000 ms avant le prochain scan...
2026-07-01 08:20:53.770 [Thread-P1] INFO  com.mp3.desktop.Programme1 - Scan du repertoire : D:\ITU\S6\Mr Naina\Mp4\mp3-desktop\chanson
2026-07-01 08:20:53.784 [Thread-P1] INFO  com.mp3.desktop.Programme1 - Attente de 10000 ms avant le prochain scan...
2026-07-01 08:21:03.798 [Thread-P1] INFO  com.mp3.desktop.Programme1 - Scan du repertoire : D:\ITU\S6\Mr Naina\Mp4\mp3-desktop\chanson
2026-07-01 08:21:03.822 [Thread-P1] INFO  com.mp3.desktop.Programme1 - Attente de 10000 ms avant le prochain scan...
2026-07-01 08:21:13.825 [Thread-P1] INFO  com.mp3.desktop.Programme1 - Scan du repertoire : D:\ITU\S6\Mr Naina\Mp4\mp3-desktop\chanson
2026-07-01 08:21:13.835 [Thread-P1] INFO  com.mp3.desktop.Programme1 - Attente de 10000 ms avant le prochain scan...
2026-07-01 08:21:23.850 [Thread-P1] INFO  com.mp3.desktop.Programme1 - Scan du repertoire : D:\ITU\S6\Mr Naina\Mp4\mp3-desktop\chanson
2026-07-01 08:21:23.861 [Thread-P1] INFO  com.mp3.desktop.Programme1 - Attente de 10000 ms avant le prochain scan...
2026-07-01 08:21:33.863 [Thread-P1] INFO  com.mp3.desktop.Programme1 - Scan du repertoire : D:\ITU\S6\Mr Naina\Mp4\mp3-desktop\chanson
2026-07-01 08:21:33.886 [Thread-P1] INFO  com.mp3.desktop.Programme1 - Attente de 10000 ms avant le prochain scan...
2026-07-01 08:21:43.892 [Thread-P1] INFO  com.mp3.desktop.Programme1 - Scan du repertoire : D:\ITU\S6\Mr Naina\Mp4\mp3-desktop\chanson
2026-07-01 08:21:43.915 [Thread-P1] INFO  com.mp3.desktop.Programme1 - Attente de 10000 ms avant le prochain scan...
2026-07-01 08:21:53.919 [Thread-P1] INFO  com.mp3.desktop.Programme1 - Scan du repertoire : D:\ITU\S6\Mr Naina\Mp4\mp3-desktop\chanson
2026-07-01 08:21:53.939 [Thread-P1] INFO  com.mp3.desktop.Programme1 - Attente de 10000 ms avant le prochain scan...
2026-07-01 08:22:03.947 [Thread-P1] INFO  com.mp3.desktop.Programme1 - Scan du repertoire : D:\ITU\S6\Mr Naina\Mp4\mp3-desktop\chanson
2026-07-01 08:22:03.972 [Thread-P1] INFO  com.mp3.desktop.Programme1 - Attente de 10000 ms avant le prochain scan...
2026-07-01 08:22:13.975 [Thread-P1] INFO  com.mp3.desktop.Programme1 - Scan du repertoire : D:\ITU\S6\Mr Naina\Mp4\mp3-desktop\chanson
2026-07-01 08:22:13.983 [Thread-P1] INFO  com.mp3.desktop.Programme1 - Attente de 10000 ms avant le prochain scan...
2026-07-01 08:22:23.986 [Thread-P1] INFO  com.mp3.desktop.Programme1 - Scan du repertoire : D:\ITU\S6\Mr Naina\Mp4\mp3-desktop\chanson
2026-07-01 08:22:23.995 [Thread-P1] INFO  com.mp3.desktop.Programme1 - Attente de 10000 ms avant le prochain scan...
2026-07-01 08:22:33.996 [Thread-P1] INFO  com.mp3.desktop.Programme1 - Scan du repertoire : D:\ITU\S6\Mr Naina\Mp4\mp3-desktop\chanson
2026-07-01 08:22:34.007 [Thread-P1] INFO  com.mp3.desktop.Programme1 - Attente de 10000 ms avant le prochain scan...
2026-07-01 08:22:44.008 [Thread-P1] INFO  com.mp3.desktop.Programme1 - Scan du repertoire : D:\ITU\S6\Mr Naina\Mp4\mp3-desktop\chanson
2026-07-01 08:22:44.024 [Thread-P1] INFO  com.mp3.desktop.Programme1 - Attente de 10000 ms avant le prochain scan...
2026-07-01 08:22:54.034 [Thread-P1] INFO  com.mp3.desktop.Programme1 - Scan du repertoire : D:\ITU\S6\Mr Naina\Mp4\mp3-desktop\chanson
2026-07-01 08:22:54.058 [Thread-P1] INFO  com.mp3.desktop.Programme1 - Attente de 10000 ms avant le prochain scan...
2026-07-01 08:23:04.064 [Thread-P1] INFO  com.mp3.desktop.Programme1 - Scan du repertoire : D:\ITU\S6\Mr Naina\Mp4\mp3-desktop\chanson
2026-07-01 08:23:04.085 [Thread-P1] INFO  com.mp3.desktop.Programme1 - Attente de 10000 ms avant le prochain scan...
2026-07-01 08:23:14.088 [Thread-P1] INFO  com.mp3.desktop.Programme1 - Scan du repertoire : D:\ITU\S6\Mr Naina\Mp4\mp3-desktop\chanson
2026-07-01 08:23:14.107 [Thread-P1] INFO  com.mp3.desktop.Programme1 - Attente de 10000 ms avant le prochain scan...
2026-07-01 08:23:24.124 [Thread-P1] INFO  com.mp3.desktop.Programme1 - Scan du repertoire : D:\ITU\S6\Mr Naina\Mp4\mp3-desktop\chanson
2026-07-01 08:23:24.141 [Thread-P1] INFO  com.mp3.desktop.Programme1 - Attente de 10000 ms avant le prochain scan...
2026-07-01 08:23:34.159 [Thread-P1] INFO  com.mp3.desktop.Programme1 - Scan du repertoire : D:\ITU\S6\Mr Naina\Mp4\mp3-desktop\chanson
2026-07-01 08:23:34.175 [Thread-P1] INFO  com.mp3.desktop.Programme1 - Attente de 10000 ms avant le prochain scan...
2026-07-01 08:23:44.185 [Thread-P1] INFO  com.mp3.desktop.Programme1 - Scan du repertoire : D:\ITU\S6\Mr Naina\Mp4\mp3-desktop\chanson
2026-07-01 08:23:44.194 [Thread-P1] INFO  com.mp3.desktop.Programme1 - Attente de 10000 ms avant le prochain scan...
2026-07-01 08:23:54.206 [Thread-P1] INFO  com.mp3.desktop.Programme1 - Scan du repertoire : D:\ITU\S6\Mr Naina\Mp4\mp3-desktop\chanson
2026-07-01 08:23:54.230 [Thread-P1] INFO  com.mp3.desktop.Programme1 - Attente de 10000 ms avant le prochain scan...
2026-07-01 08:24:04.241 [Thread-P1] INFO  com.mp3.desktop.Programme1 - Scan du repertoire : D:\ITU\S6\Mr Naina\Mp4\mp3-desktop\chanson
2026-07-01 08:24:04.258 [Thread-P1] INFO  com.mp3.desktop.Programme1 - Attente de 10000 ms avant le prochain scan...
2026-07-01 08:24:14.273 [Thread-P1] INFO  com.mp3.desktop.Programme1 - Scan du repertoire : D:\ITU\S6\Mr Naina\Mp4\mp3-desktop\chanson
2026-07-01 08:24:14.293 [Thread-P1] INFO  com.mp3.desktop.Programme1 - Attente de 10000 ms avant le prochain scan...
2026-07-01 08:24:24.300 [Thread-P1] INFO  com.mp3.desktop.Programme1 - Scan du repertoire : D:\ITU\S6\Mr Naina\Mp4\mp3-desktop\chanson
2026-07-01 08:24:24.310 [Thread-P1] INFO  com.mp3.desktop.Programme1 - Attente de 10000 ms avant le prochain scan...
2026-07-01 08:24:34.328 [Thread-P1] INFO  com.mp3.desktop.Programme1 - Scan du repertoire : D:\ITU\S6\Mr Naina\Mp4\mp3-desktop\chanson
2026-07-01 08:24:34.354 [Thread-P1] INFO  com.mp3.desktop.Programme1 - Attente de 10000 ms avant le prochain scan...
2026-07-01 08:24:44.366 [Thread-P1] INFO  com.mp3.desktop.Programme1 - Scan du repertoire : D:\ITU\S6\Mr Naina\Mp4\mp3-desktop\chanson
2026-07-01 08:24:44.382 [Thread-P1] INFO  com.mp3.desktop.Programme1 - Attente de 10000 ms avant le prochain scan...
2026-07-01 08:24:54.396 [Thread-P1] INFO  com.mp3.desktop.Programme1 - Scan du repertoire : D:\ITU\S6\Mr Naina\Mp4\mp3-desktop\chanson
2026-07-01 08:24:54.406 [Thread-P1] INFO  com.mp3.desktop.Programme1 - Attente de 10000 ms avant le prochain scan...
2026-07-01 08:25:04.424 [Thread-P1] INFO  com.mp3.desktop.Programme1 - Scan du repertoire : D:\ITU\S6\Mr Naina\Mp4\mp3-desktop\chanson
2026-07-01 08:25:04.444 [Thread-P1] INFO  com.mp3.desktop.Programme1 - Attente de 10000 ms avant le prochain scan...
2026-07-01 08:25:14.447 [Thread-P1] INFO  com.mp3.desktop.Programme1 - Scan du repertoire : D:\ITU\S6\Mr Naina\Mp4\mp3-desktop\chanson
2026-07-01 08:25:14.458 [Thread-P1] INFO  com.mp3.desktop.Programme1 - Attente de 10000 ms avant le prochain scan...
2026-07-01 08:25:24.462 [Thread-P1] INFO  com.mp3.desktop.Programme1 - Scan du repertoire : D:\ITU\S6\Mr Naina\Mp4\mp3-desktop\chanson
2026-07-01 08:25:24.478 [Thread-P1] INFO  com.mp3.desktop.Programme1 - Attente de 10000 ms avant le prochain scan...
2026-07-01 08:25:34.500 [Thread-P1] INFO  com.mp3.desktop.Programme1 - Scan du repertoire : D:\ITU\S6\Mr Naina\Mp4\mp3-desktop\chanson
2026-07-01 08:25:34.520 [Thread-P1] INFO  com.mp3.desktop.Programme1 - Attente de 10000 ms avant le prochain scan...
2026-07-01 08:25:44.527 [Thread-P1] INFO  com.mp3.desktop.Programme1 - Scan du repertoire : D:\ITU\S6\Mr Naina\Mp4\mp3-desktop\chanson
2026-07-01 08:25:44.548 [Thread-P1] INFO  com.mp3.desktop.Programme1 - Attente de 10000 ms avant le prochain scan...
2026-07-01 08:25:54.555 [Thread-P1] INFO  com.mp3.desktop.Programme1 - Scan du repertoire : D:\ITU\S6\Mr Naina\Mp4\mp3-desktop\chanson
2026-07-01 08:25:54.574 [Thread-P1] INFO  com.mp3.desktop.Programme1 - Attente de 10000 ms avant le prochain scan...
2026-07-01 08:26:04.581 [Thread-P1] INFO  com.mp3.desktop.Programme1 - Scan du repertoire : D:\ITU\S6\Mr Naina\Mp4\mp3-desktop\chanson
2026-07-01 08:26:04.603 [Thread-P1] INFO  com.mp3.desktop.Programme1 - Attente de 10000 ms avant le prochain scan...
2026-07-01 08:26:14.606 [Thread-P1] INFO  com.mp3.desktop.Programme1 - Scan du repertoire : D:\ITU\S6\Mr Naina\Mp4\mp3-desktop\chanson
2026-07-01 08:26:14.624 [Thread-P1] INFO  com.mp3.desktop.Programme1 - Attente de 10000 ms avant le prochain scan...
2026-07-01 08:26:24.633 [Thread-P1] INFO  com.mp3.desktop.Programme1 - Scan du repertoire : D:\ITU\S6\Mr Naina\Mp4\mp3-desktop\chanson
2026-07-01 08:26:24.653 [Thread-P1] INFO  com.mp3.desktop.Programme1 - Attente de 10000 ms avant le prochain scan...
2026-07-01 08:26:34.661 [Thread-P1] INFO  com.mp3.desktop.Programme1 - Scan du repertoire : D:\ITU\S6\Mr Naina\Mp4\mp3-desktop\chanson
2026-07-01 08:26:34.669 [Thread-P1] INFO  com.mp3.desktop.Programme1 - Attente de 10000 ms avant le prochain scan...
2026-07-01 08:26:44.685 [Thread-P1] INFO  com.mp3.desktop.Programme1 - Scan du repertoire : D:\ITU\S6\Mr Naina\Mp4\mp3-desktop\chanson
2026-07-01 08:26:44.690 [Thread-P1] INFO  com.mp3.desktop.Programme1 - Attente de 10000 ms avant le prochain scan...
2026-07-01 08:26:54.694 [Thread-P1] INFO  com.mp3.desktop.Programme1 - Scan du repertoire : D:\ITU\S6\Mr Naina\Mp4\mp3-desktop\chanson
2026-07-01 08:26:54.716 [Thread-P1] INFO  com.mp3.desktop.Programme1 - Attente de 10000 ms avant le prochain scan...
2026-07-01 08:27:04.719 [Thread-P1] INFO  com.mp3.desktop.Programme1 - Scan du repertoire : D:\ITU\S6\Mr Naina\Mp4\mp3-desktop\chanson
2026-07-01 08:27:04.740 [Thread-P1] INFO  com.mp3.desktop.Programme1 - Attente de 10000 ms avant le prochain scan...
2026-07-01 08:27:14.749 [Thread-P1] INFO  com.mp3.desktop.Programme1 - Scan du repertoire : D:\ITU\S6\Mr Naina\Mp4\mp3-desktop\chanson
2026-07-01 08:27:14.756 [Thread-P1] INFO  com.mp3.desktop.Programme1 - Attente de 10000 ms avant le prochain scan...
2026-07-01 08:27:24.774 [Thread-P1] INFO  com.mp3.desktop.Programme1 - Scan du repertoire : D:\ITU\S6\Mr Naina\Mp4\mp3-desktop\chanson
2026-07-01 08:27:24.788 [Thread-P1] INFO  com.mp3.desktop.Programme1 - Attente de 10000 ms avant le prochain scan...
2026-07-01 08:27:34.803 [Thread-P1] INFO  com.mp3.desktop.Programme1 - Scan du repertoire : D:\ITU\S6\Mr Naina\Mp4\mp3-desktop\chanson
2026-07-01 08:27:34.829 [Thread-P1] INFO  com.mp3.desktop.Programme1 - Attente de 10000 ms avant le prochain scan...
2026-07-01 08:27:44.843 [Thread-P1] INFO  com.mp3.desktop.Programme1 - Scan du repertoire : D:\ITU\S6\Mr Naina\Mp4\mp3-desktop\chanson
2026-07-01 08:27:44.861 [Thread-P1] INFO  com.mp3.desktop.Programme1 - Attente de 10000 ms avant le prochain scan...
2026-07-01 08:27:54.872 [Thread-P1] INFO  com.mp3.desktop.Programme1 - Scan du repertoire : D:\ITU\S6\Mr Naina\Mp4\mp3-desktop\chanson
2026-07-01 08:27:54.890 [Thread-P1] INFO  com.mp3.desktop.Programme1 - Attente de 10000 ms avant le prochain scan...
2026-07-01 08:28:04.898 [Thread-P1] INFO  com.mp3.desktop.Programme1 - Scan du repertoire : D:\ITU\S6\Mr Naina\Mp4\mp3-desktop\chanson
2026-07-01 08:28:04.920 [Thread-P1] INFO  com.mp3.desktop.Programme1 - Attente de 10000 ms avant le prochain scan...
2026-07-01 08:28:14.936 [Thread-P1] INFO  com.mp3.desktop.Programme1 - Scan du repertoire : D:\ITU\S6\Mr Naina\Mp4\mp3-desktop\chanson
2026-07-01 08:28:14.953 [Thread-P1] INFO  com.mp3.desktop.Programme1 - Attente de 10000 ms avant le prochain scan...
2026-07-01 08:28:24.964 [Thread-P1] INFO  com.mp3.desktop.Programme1 - Scan du repertoire : D:\ITU\S6\Mr Naina\Mp4\mp3-desktop\chanson
2026-07-01 08:28:24.980 [Thread-P1] INFO  com.mp3.desktop.Programme1 - Attente de 10000 ms avant le prochain scan...
2026-07-01 08:28:34.990 [Thread-P1] INFO  com.mp3.desktop.Programme1 - Scan du repertoire : D:\ITU\S6\Mr Naina\Mp4\mp3-desktop\chanson
2026-07-01 08:28:35.009 [Thread-P1] INFO  com.mp3.desktop.Programme1 - Attente de 10000 ms avant le prochain scan...
2026-07-01 08:28:45.020 [Thread-P1] INFO  com.mp3.desktop.Programme1 - Scan du repertoire : D:\ITU\S6\Mr Naina\Mp4\mp3-desktop\chanson
2026-07-01 08:28:45.041 [Thread-P1] INFO  com.mp3.desktop.Programme1 - Attente de 10000 ms avant le prochain scan...
2026-07-01 08:28:55.048 [Thread-P1] INFO  com.mp3.desktop.Programme1 - Scan du repertoire : D:\ITU\S6\Mr Naina\Mp4\mp3-desktop\chanson
2026-07-01 08:28:55.066 [Thread-P1] INFO  com.mp3.desktop.Programme1 - Attente de 10000 ms avant le prochain scan...
2026-07-01 08:29:05.074 [Thread-P1] INFO  com.mp3.desktop.Programme1 - Scan du repertoire : D:\ITU\S6\Mr Naina\Mp4\mp3-desktop\chanson
2026-07-01 08:29:05.107 [Thread-P1] INFO  com.mp3.desktop.Programme1 - Attente de 10000 ms avant le prochain scan...
2026-07-01 08:29:15.121 [Thread-P1] INFO  com.mp3.desktop.Programme1 - Scan du repertoire : D:\ITU\S6\Mr Naina\Mp4\mp3-desktop\chanson
2026-07-01 08:29:15.144 [Thread-P1] INFO  com.mp3.desktop.Programme1 - Attente de 10000 ms avant le prochain scan...
2026-07-01 08:29:25.149 [Thread-P1] INFO  com.mp3.desktop.Programme1 - Scan du repertoire : D:\ITU\S6\Mr Naina\Mp4\mp3-desktop\chanson
2026-07-01 08:29:25.163 [Thread-P1] INFO  com.mp3.desktop.Programme1 - Attente de 10000 ms avant le prochain scan...
2026-07-01 08:29:35.167 [Thread-P1] INFO  com.mp3.desktop.Programme1 - Scan du repertoire : D:\ITU\S6\Mr Naina\Mp4\mp3-desktop\chanson
2026-07-01 08:29:35.189 [Thread-P1] INFO  com.mp3.desktop.Programme1 - Attente de 10000 ms avant le prochain scan...
2026-07-01 08:29:45.203 [Thread-P1] INFO  com.mp3.desktop.Programme1 - Scan du repertoire : D:\ITU\S6\Mr Naina\Mp4\mp3-desktop\chanson
2026-07-01 08:29:45.211 [Thread-P1] INFO  com.mp3.desktop.Programme1 - Attente de 10000 ms avant le prochain scan...
2026-07-01 08:29:55.216 [Thread-P1] INFO  com.mp3.desktop.Programme1 - Scan du repertoire : D:\ITU\S6\Mr Naina\Mp4\mp3-desktop\chanson
2026-07-01 08:29:55.227 [Thread-P1] INFO  com.mp3.desktop.Programme1 - Attente de 10000 ms avant le prochain scan...
2026-07-01 08:30:05.238 [Thread-P1] INFO  com.mp3.desktop.Programme1 - Scan du repertoire : D:\ITU\S6\Mr Naina\Mp4\mp3-desktop\chanson
2026-07-01 08:30:05.259 [Thread-P1] INFO  com.mp3.desktop.Programme1 - Attente de 10000 ms avant le prochain scan...
2026-07-01 08:30:15.262 [Thread-P1] INFO  com.mp3.desktop.Programme1 - Scan du repertoire : D:\ITU\S6\Mr Naina\Mp4\mp3-desktop\chanson
2026-07-01 08:30:15.280 [Thread-P1] INFO  com.mp3.desktop.Programme1 - Attente de 10000 ms avant le prochain scan...
2026-07-01 08:30:25.298 [Thread-P1] INFO  com.mp3.desktop.Programme1 - Scan du repertoire : D:\ITU\S6\Mr Naina\Mp4\mp3-desktop\chanson
2026-07-01 08:30:25.307 [Thread-P1] INFO  com.mp3.desktop.Programme1 - Attente de 10000 ms avant le prochain scan...
2026-07-01 08:30:35.315 [Thread-P1] INFO  com.mp3.desktop.Programme1 - Scan du repertoire : D:\ITU\S6\Mr Naina\Mp4\mp3-desktop\chanson
2026-07-01 08:30:35.337 [Thread-P1] INFO  com.mp3.desktop.Programme1 - Attente de 10000 ms avant le prochain scan...
2026-07-01 08:30:45.339 [Thread-P1] INFO  com.mp3.desktop.Programme1 - Scan du repertoire : D:\ITU\S6\Mr Naina\Mp4\mp3-desktop\chanson
2026-07-01 08:30:45.359 [Thread-P1] INFO  com.mp3.desktop.Programme1 - Attente de 10000 ms avant le prochain scan...
2026-07-01 08:30:55.365 [Thread-P1] INFO  com.mp3.desktop.Programme1 - Scan du repertoire : D:\ITU\S6\Mr Naina\Mp4\mp3-desktop\chanson
2026-07-01 08:30:55.385 [Thread-P1] INFO  com.mp3.desktop.Programme1 - Attente de 10000 ms avant le prochain scan...
2026-07-01 08:31:05.392 [Thread-P1] INFO  com.mp3.desktop.Programme1 - Scan du repertoire : D:\ITU\S6\Mr Naina\Mp4\mp3-desktop\chanson
2026-07-01 08:31:05.412 [Thread-P1] INFO  com.mp3.desktop.Programme1 - Attente de 10000 ms avant le prochain scan...
2026-07-01 08:31:15.419 [Thread-P1] INFO  com.mp3.desktop.Programme1 - Scan du repertoire : D:\ITU\S6\Mr Naina\Mp4\mp3-desktop\chanson
2026-07-01 08:31:15.440 [Thread-P1] INFO  com.mp3.desktop.Programme1 - Attente de 10000 ms avant le prochain scan...
2026-07-01 08:31:25.447 [Thread-P1] INFO  com.mp3.desktop.Programme1 - Scan du repertoire : D:\ITU\S6\Mr Naina\Mp4\mp3-desktop\chanson
2026-07-01 08:31:25.464 [Thread-P1] INFO  com.mp3.desktop.Programme1 - Attente de 10000 ms avant le prochain scan...
2026-07-01 08:31:35.474 [Thread-P1] INFO  com.mp3.desktop.Programme1 - Scan du repertoire : D:\ITU\S6\Mr Naina\Mp4\mp3-desktop\chanson
2026-07-01 08:31:35.494 [Thread-P1] INFO  com.mp3.desktop.Programme1 - Attente de 10000 ms avant le prochain scan...
2026-07-01 08:31:45.502 [Thread-P1] INFO  com.mp3.desktop.Programme1 - Scan du repertoire : D:\ITU\S6\Mr Naina\Mp4\mp3-desktop\chanson
2026-07-01 08:31:45.512 [Thread-P1] INFO  com.mp3.desktop.Programme1 - Attente de 10000 ms avant le prochain scan...
2026-07-01 08:31:55.513 [Thread-P1] INFO  com.mp3.desktop.Programme1 - Scan du repertoire : D:\ITU\S6\Mr Naina\Mp4\mp3-desktop\chanson
2026-07-01 08:31:55.532 [Thread-P1] INFO  com.mp3.desktop.Programme1 - Attente de 10000 ms avant le prochain scan...
2026-07-01 08:32:05.542 [Thread-P1] INFO  com.mp3.desktop.Programme1 - Scan du repertoire : D:\ITU\S6\Mr Naina\Mp4\mp3-desktop\chanson
2026-07-01 08:32:05.563 [Thread-P1] INFO  com.mp3.desktop.Programme1 - Attente de 10000 ms avant le prochain scan...
2026-07-01 08:32:15.576 [Thread-P1] INFO  com.mp3.desktop.Programme1 - Scan du repertoire : D:\ITU\S6\Mr Naina\Mp4\mp3-desktop\chanson
2026-07-01 08:32:15.585 [Thread-P1] INFO  com.mp3.desktop.Programme1 - Attente de 10000 ms avant le prochain scan...
2026-07-01 08:32:25.597 [Thread-P1] INFO  com.mp3.desktop.Programme1 - Scan du repertoire : D:\ITU\S6\Mr Naina\Mp4\mp3-desktop\chanson
2026-07-01 08:32:25.608 [Thread-P1] INFO  com.mp3.desktop.Programme1 - Attente de 10000 ms avant le prochain scan...
2026-07-01 08:32:35.621 [Thread-P1] INFO  com.mp3.desktop.Programme1 - Scan du repertoire : D:\ITU\S6\Mr Naina\Mp4\mp3-desktop\chanson
2026-07-01 08:32:35.634 [Thread-P1] INFO  com.mp3.desktop.Programme1 - Attente de 10000 ms avant le prochain scan...
2026-07-01 08:32:45.647 [Thread-P1] INFO  com.mp3.desktop.Programme1 - Scan du repertoire : D:\ITU\S6\Mr Naina\Mp4\mp3-desktop\chanson
2026-07-01 08:32:45.653 [Thread-P1] INFO  com.mp3.desktop.Programme1 - Attente de 10000 ms avant le prochain scan...
2026-07-01 08:32:55.657 [Thread-P1] INFO  com.mp3.desktop.Programme1 - Scan du repertoire : D:\ITU\S6\Mr Naina\Mp4\mp3-desktop\chanson
2026-07-01 08:32:55.674 [Thread-P1] INFO  com.mp3.desktop.Programme1 - Attente de 10000 ms avant le prochain scan...
2026-07-01 08:33:05.676 [Thread-P1] INFO  com.mp3.desktop.Programme1 - Scan du repertoire : D:\ITU\S6\Mr Naina\Mp4\mp3-desktop\chanson
2026-07-01 08:33:05.685 [Thread-P1] INFO  com.mp3.desktop.Programme1 - Attente de 10000 ms avant le prochain scan...
2026-07-01 08:33:15.687 [Thread-P1] INFO  com.mp3.desktop.Programme1 - Scan du repertoire : D:\ITU\S6\Mr Naina\Mp4\mp3-desktop\chanson
2026-07-01 08:33:15.693 [Thread-P1] INFO  com.mp3.desktop.Programme1 - Attente de 10000 ms avant le prochain scan...
2026-07-01 08:33:25.696 [Thread-P1] INFO  com.mp3.desktop.Programme1 - Scan du repertoire : D:\ITU\S6\Mr Naina\Mp4\mp3-desktop\chanson
2026-07-01 08:33:25.719 [Thread-P1] INFO  com.mp3.desktop.Programme1 - Attente de 10000 ms avant le prochain scan...
2026-07-01 08:33:35.723 [Thread-P1] INFO  com.mp3.desktop.Programme1 - Scan du repertoire : D:\ITU\S6\Mr Naina\Mp4\mp3-desktop\chanson
2026-07-01 08:33:35.744 [Thread-P1] INFO  com.mp3.desktop.Programme1 - Attente de 10000 ms avant le prochain scan...
2026-07-01 08:33:45.750 [Thread-P1] INFO  com.mp3.desktop.Programme1 - Scan du repertoire : D:\ITU\S6\Mr Naina\Mp4\mp3-desktop\chanson
2026-07-01 08:33:45.770 [Thread-P1] INFO  com.mp3.desktop.Programme1 - Attente de 10000 ms avant le prochain scan...
2026-07-01 08:33:55.785 [Thread-P1] INFO  com.mp3.desktop.Programme1 - Scan du repertoire : D:\ITU\S6\Mr Naina\Mp4\mp3-desktop\chanson
2026-07-01 08:33:55.803 [Thread-P1] INFO  com.mp3.desktop.Programme1 - Attente de 10000 ms avant le prochain scan...
2026-07-01 08:34:05.819 [Thread-P1] INFO  com.mp3.desktop.Programme1 - Scan du repertoire : D:\ITU\S6\Mr Naina\Mp4\mp3-desktop\chanson
2026-07-01 08:34:05.840 [Thread-P1] INFO  com.mp3.desktop.Programme1 - Attente de 10000 ms avant le prochain scan...
2026-07-01 08:34:15.850 [Thread-P1] INFO  com.mp3.desktop.Programme1 - Scan du repertoire : D:\ITU\S6\Mr Naina\Mp4\mp3-desktop\chanson
2026-07-01 08:34:15.870 [Thread-P1] INFO  com.mp3.desktop.Programme1 - Attente de 10000 ms avant le prochain scan...
2026-07-01 08:34:25.877 [Thread-P1] INFO  com.mp3.desktop.Programme1 - Scan du repertoire : D:\ITU\S6\Mr Naina\Mp4\mp3-desktop\chanson
2026-07-01 08:34:25.890 [Thread-P1] INFO  com.mp3.desktop.Programme1 - Attente de 10000 ms avant le prochain scan...
2026-07-01 08:34:35.906 [Thread-P1] INFO  com.mp3.desktop.Programme1 - Scan du repertoire : D:\ITU\S6\Mr Naina\Mp4\mp3-desktop\chanson
2026-07-01 08:34:35.915 [Thread-P1] INFO  com.mp3.desktop.Programme1 - Attente de 10000 ms avant le prochain scan...
2026-07-01 08:34:45.919 [Thread-P1] INFO  com.mp3.desktop.Programme1 - Scan du repertoire : D:\ITU\S6\Mr Naina\Mp4\mp3-desktop\chanson
2026-07-01 08:34:45.942 [Thread-P1] INFO  com.mp3.desktop.Programme1 - Attente de 10000 ms avant le prochain scan...
2026-07-01 08:34:55.944 [Thread-P1] INFO  com.mp3.desktop.Programme1 - Scan du repertoire : D:\ITU\S6\Mr Naina\Mp4\mp3-desktop\chanson
2026-07-01 08:34:55.952 [Thread-P1] INFO  com.mp3.desktop.Programme1 - Attente de 10000 ms avant le prochain scan...
2026-07-01 08:35:05.956 [Thread-P1] INFO  com.mp3.desktop.Programme1 - Scan du repertoire : D:\ITU\S6\Mr Naina\Mp4\mp3-desktop\chanson
2026-07-01 08:35:05.966 [Thread-P1] INFO  com.mp3.desktop.Programme1 - Attente de 10000 ms avant le prochain scan...
2026-07-01 08:35:15.968 [Thread-P1] INFO  com.mp3.desktop.Programme1 - Scan du repertoire : D:\ITU\S6\Mr Naina\Mp4\mp3-desktop\chanson
2026-07-01 08:35:15.989 [Thread-P1] INFO  com.mp3.desktop.Programme1 - Attente de 10000 ms avant le prochain scan...
2026-07-01 08:35:25.995 [Thread-P1] INFO  com.mp3.desktop.Programme1 - Scan du repertoire : D:\ITU\S6\Mr Naina\Mp4\mp3-desktop\chanson
2026-07-01 08:35:26.029 [Thread-P1] INFO  com.mp3.desktop.Programme1 - Attente de 10000 ms avant le prochain scan...
2026-07-01 08:35:36.038 [Thread-P1] INFO  com.mp3.desktop.Programme1 - Scan du repertoire : D:\ITU\S6\Mr Naina\Mp4\mp3-desktop\chanson
2026-07-01 08:35:36.051 [Thread-P1] INFO  com.mp3.desktop.Programme1 - Attente de 10000 ms avant le prochain scan...
2026-07-01 08:35:46.052 [Thread-P1] INFO  com.mp3.desktop.Programme1 - Scan du repertoire : D:\ITU\S6\Mr Naina\Mp4\mp3-desktop\chanson
2026-07-01 08:35:46.074 [Thread-P1] INFO  com.mp3.desktop.Programme1 - Attente de 10000 ms avant le prochain scan...
2026-07-01 08:35:56.078 [Thread-P1] INFO  com.mp3.desktop.Programme1 - Scan du repertoire : D:\ITU\S6\Mr Naina\Mp4\mp3-desktop\chanson
2026-07-01 08:35:56.100 [Thread-P1] INFO  com.mp3.desktop.Programme1 - Attente de 10000 ms avant le prochain scan...
2026-07-01 08:36:06.106 [Thread-P1] INFO  com.mp3.desktop.Programme1 - Scan du repertoire : D:\ITU\S6\Mr Naina\Mp4\mp3-desktop\chanson
2026-07-01 08:36:06.128 [Thread-P1] INFO  com.mp3.desktop.Programme1 - Attente de 10000 ms avant le prochain scan...
2026-07-01 08:36:16.133 [Thread-P1] INFO  com.mp3.desktop.Programme1 - Scan du repertoire : D:\ITU\S6\Mr Naina\Mp4\mp3-desktop\chanson
2026-07-01 08:36:16.151 [Thread-P1] INFO  com.mp3.desktop.Programme1 - Attente de 10000 ms avant le prochain scan...
2026-07-01 08:36:26.159 [Thread-P1] INFO  com.mp3.desktop.Programme1 - Scan du repertoire : D:\ITU\S6\Mr Naina\Mp4\mp3-desktop\chanson
2026-07-01 08:36:26.176 [Thread-P1] INFO  com.mp3.desktop.Programme1 - Attente de 10000 ms avant le prochain scan...
2026-07-01 08:36:36.187 [Thread-P1] INFO  com.mp3.desktop.Programme1 - Scan du repertoire : D:\ITU\S6\Mr Naina\Mp4\mp3-desktop\chanson
2026-07-01 08:36:36.214 [Thread-P1] INFO  com.mp3.desktop.Programme1 - Attente de 10000 ms avant le prochain scan...
2026-07-01 08:36:46.217 [Thread-P1] INFO  com.mp3.desktop.Programme1 - Scan du repertoire : D:\ITU\S6\Mr Naina\Mp4\mp3-desktop\chanson
2026-07-01 08:36:46.233 [Thread-P1] INFO  com.mp3.desktop.Programme1 - Attente de 10000 ms avant le prochain scan...
2026-07-01 08:36:56.243 [Thread-P1] INFO  com.mp3.desktop.Programme1 - Scan du repertoire : D:\ITU\S6\Mr Naina\Mp4\mp3-desktop\chanson
2026-07-01 08:36:56.278 [Thread-P1] INFO  com.mp3.desktop.Programme1 - Attente de 10000 ms avant le prochain scan...
2026-07-01 08:37:06.288 [Thread-P1] INFO  com.mp3.desktop.Programme1 - Scan du repertoire : D:\ITU\S6\Mr Naina\Mp4\mp3-desktop\chanson
2026-07-01 08:37:06.310 [Thread-P1] INFO  com.mp3.desktop.Programme1 - Attente de 10000 ms avant le prochain scan...
2026-07-01 08:37:16.313 [Thread-P1] INFO  com.mp3.desktop.Programme1 - Scan du repertoire : D:\ITU\S6\Mr Naina\Mp4\mp3-desktop\chanson
2026-07-01 08:37:16.325 [Thread-P1] INFO  com.mp3.desktop.Programme1 - Attente de 10000 ms avant le prochain scan...
2026-07-01 08:37:26.328 [Thread-P1] INFO  com.mp3.desktop.Programme1 - Scan du repertoire : D:\ITU\S6\Mr Naina\Mp4\mp3-desktop\chanson
2026-07-01 08:37:26.343 [Thread-P1] INFO  com.mp3.desktop.Programme1 - Attente de 10000 ms avant le prochain scan...
2026-07-01 08:37:36.352 [Thread-P1] INFO  com.mp3.desktop.Programme1 - Scan du repertoire : D:\ITU\S6\Mr Naina\Mp4\mp3-desktop\chanson
2026-07-01 08:37:36.372 [Thread-P1] INFO  com.mp3.desktop.Programme1 - Attente de 10000 ms avant le prochain scan...
2026-07-01 08:37:46.382 [Thread-P1] INFO  com.mp3.desktop.Programme1 - Scan du repertoire : D:\ITU\S6\Mr Naina\Mp4\mp3-desktop\chanson
2026-07-01 08:37:46.402 [Thread-P1] INFO  com.mp3.desktop.Programme1 - Attente de 10000 ms avant le prochain scan...
2026-07-01 08:37:56.410 [Thread-P1] INFO  com.mp3.desktop.Programme1 - Scan du repertoire : D:\ITU\S6\Mr Naina\Mp4\mp3-desktop\chanson
2026-07-01 08:37:56.420 [Thread-P1] INFO  com.mp3.desktop.Programme1 - Attente de 10000 ms avant le prochain scan...
2026-07-01 08:38:06.423 [Thread-P1] INFO  com.mp3.desktop.Programme1 - Scan du repertoire : D:\ITU\S6\Mr Naina\Mp4\mp3-desktop\chanson
2026-07-01 08:38:06.445 [Thread-P1] INFO  com.mp3.desktop.Programme1 - Attente de 10000 ms avant le prochain scan...
2026-07-01 08:38:16.449 [Thread-P1] INFO  com.mp3.desktop.Programme1 - Scan du repertoire : D:\ITU\S6\Mr Naina\Mp4\mp3-desktop\chanson
2026-07-01 08:38:16.468 [Thread-P1] INFO  com.mp3.desktop.Programme1 - Attente de 10000 ms avant le prochain scan...
2026-07-01 08:38:26.477 [Thread-P1] INFO  com.mp3.desktop.Programme1 - Scan du repertoire : D:\ITU\S6\Mr Naina\Mp4\mp3-desktop\chanson
2026-07-01 08:38:26.496 [Thread-P1] INFO  com.mp3.desktop.Programme1 - Attente de 10000 ms avant le prochain scan...
2026-07-01 08:38:36.505 [Thread-P1] INFO  com.mp3.desktop.Programme1 - Scan du repertoire : D:\ITU\S6\Mr Naina\Mp4\mp3-desktop\chanson
2026-07-01 08:38:36.516 [Thread-P1] INFO  com.mp3.desktop.Programme1 - Attente de 10000 ms avant le prochain scan...
2026-07-01 08:38:46.524 [Thread-P1] INFO  com.mp3.desktop.Programme1 - Scan du repertoire : D:\ITU\S6\Mr Naina\Mp4\mp3-desktop\chanson
2026-07-01 08:38:46.544 [Thread-P1] INFO  com.mp3.desktop.Programme1 - Attente de 10000 ms avant le prochain scan...
2026-07-01 08:38:56.559 [Thread-P1] INFO  com.mp3.desktop.Programme1 - Scan du repertoire : D:\ITU\S6\Mr Naina\Mp4\mp3-desktop\chanson
2026-07-01 08:38:56.570 [Thread-P1] INFO  com.mp3.desktop.Programme1 - Attente de 10000 ms avant le prochain scan...
2026-07-01 08:39:06.574 [Thread-P1] INFO  com.mp3.desktop.Programme1 - Scan du repertoire : D:\ITU\S6\Mr Naina\Mp4\mp3-desktop\chanson
2026-07-01 08:39:06.580 [Thread-P1] INFO  com.mp3.desktop.Programme1 - Attente de 10000 ms avant le prochain scan...
2026-07-01 08:39:16.584 [Thread-P1] INFO  com.mp3.desktop.Programme1 - Scan du repertoire : D:\ITU\S6\Mr Naina\Mp4\mp3-desktop\chanson
2026-07-01 08:39:16.590 [Thread-P1] INFO  com.mp3.desktop.Programme1 - Attente de 10000 ms avant le prochain scan...
2026-07-01 08:39:26.598 [Thread-P1] INFO  com.mp3.desktop.Programme1 - Scan du repertoire : D:\ITU\S6\Mr Naina\Mp4\mp3-desktop\chanson
2026-07-01 08:39:26.607 [Thread-P1] INFO  com.mp3.desktop.Programme1 - Attente de 10000 ms avant le prochain scan...
2026-07-01 08:39:36.614 [Thread-P1] INFO  com.mp3.desktop.Programme1 - Scan du repertoire : D:\ITU\S6\Mr Naina\Mp4\mp3-desktop\chanson
2026-07-01 08:39:36.632 [Thread-P1] INFO  com.mp3.desktop.Programme1 - Attente de 10000 ms avant le prochain scan...
2026-07-01 08:39:46.643 [Thread-P1] INFO  com.mp3.desktop.Programme1 - Scan du repertoire : D:\ITU\S6\Mr Naina\Mp4\mp3-desktop\chanson
2026-07-01 08:39:46.659 [Thread-P1] INFO  com.mp3.desktop.Programme1 - Attente de 10000 ms avant le prochain scan...
2026-07-01 08:39:56.677 [Thread-P1] INFO  com.mp3.desktop.Programme1 - Scan du repertoire : D:\ITU\S6\Mr Naina\Mp4\mp3-desktop\chanson
2026-07-01 08:39:56.688 [Thread-P1] INFO  com.mp3.desktop.Programme1 - Attente de 10000 ms avant le prochain scan...
2026-07-01 08:40:06.695 [Thread-P1] INFO  com.mp3.desktop.Programme1 - Scan du repertoire : D:\ITU\S6\Mr Naina\Mp4\mp3-desktop\chanson
2026-07-01 08:40:06.711 [Thread-P1] INFO  com.mp3.desktop.Programme1 - Attente de 10000 ms avant le prochain scan...
2026-07-01 08:40:16.715 [Thread-P1] INFO  com.mp3.desktop.Programme1 - Scan du repertoire : D:\ITU\S6\Mr Naina\Mp4\mp3-desktop\chanson
2026-07-01 08:40:16.726 [Thread-P1] INFO  com.mp3.desktop.Programme1 - Attente de 10000 ms avant le prochain scan...
2026-07-01 08:40:26.727 [Thread-P1] INFO  com.mp3.desktop.Programme1 - Scan du repertoire : D:\ITU\S6\Mr Naina\Mp4\mp3-desktop\chanson
2026-07-01 08:40:26.737 [Thread-P1] INFO  com.mp3.desktop.Programme1 - Attente de 10000 ms avant le prochain scan...
2026-07-01 08:40:36.737 [Thread-P1] INFO  com.mp3.desktop.Programme1 - Scan du repertoire : D:\ITU\S6\Mr Naina\Mp4\mp3-desktop\chanson
2026-07-01 08:40:36.744 [Thread-P1] INFO  com.mp3.desktop.Programme1 - Attente de 10000 ms avant le prochain scan...
2026-07-01 08:40:46.751 [Thread-P1] INFO  com.mp3.desktop.Programme1 - Scan du repertoire : D:\ITU\S6\Mr Naina\Mp4\mp3-desktop\chanson
2026-07-01 08:40:46.756 [Thread-P1] INFO  com.mp3.desktop.Programme1 - Attente de 10000 ms avant le prochain scan...
2026-07-01 08:40:56.760 [Thread-P1] INFO  com.mp3.desktop.Programme1 - Scan du repertoire : D:\ITU\S6\Mr Naina\Mp4\mp3-desktop\chanson
2026-07-01 08:40:56.766 [Thread-P1] INFO  com.mp3.desktop.Programme1 - Attente de 10000 ms avant le prochain scan...
2026-07-01 08:41:06.768 [Thread-P1] INFO  com.mp3.desktop.Programme1 - Scan du repertoire : D:\ITU\S6\Mr Naina\Mp4\mp3-desktop\chanson
2026-07-01 08:41:06.774 [Thread-P1] INFO  com.mp3.desktop.Programme1 - Attente de 10000 ms avant le prochain scan...
2026-07-01 08:41:16.783 [Thread-P1] INFO  com.mp3.desktop.Programme1 - Scan du repertoire : D:\ITU\S6\Mr Naina\Mp4\mp3-desktop\chanson
2026-07-01 08:41:16.795 [Thread-P1] INFO  com.mp3.desktop.Programme1 - Attente de 10000 ms avant le prochain scan...
2026-07-01 08:41:26.806 [Thread-P1] INFO  com.mp3.desktop.Programme1 - Scan du repertoire : D:\ITU\S6\Mr Naina\Mp4\mp3-desktop\chanson
2026-07-01 08:41:26.808 [Thread-P1] INFO  com.mp3.desktop.Programme1 - Attente de 10000 ms avant le prochain scan...
2026-07-01 08:41:36.817 [Thread-P1] INFO  com.mp3.desktop.Programme1 - Scan du repertoire : D:\ITU\S6\Mr Naina\Mp4\mp3-desktop\chanson
2026-07-01 08:41:36.823 [Thread-P1] INFO  com.mp3.desktop.Programme1 - Attente de 10000 ms avant le prochain scan...
2026-07-01 08:41:46.828 [Thread-P1] INFO  com.mp3.desktop.Programme1 - Scan du repertoire : D:\ITU\S6\Mr Naina\Mp4\mp3-desktop\chanson
2026-07-01 08:41:46.838 [Thread-P1] INFO  com.mp3.desktop.Programme1 - Attente de 10000 ms avant le prochain scan...
2026-07-01 08:41:56.840 [Thread-P1] INFO  com.mp3.desktop.Programme1 - Scan du repertoire : D:\ITU\S6\Mr Naina\Mp4\mp3-desktop\chanson
2026-07-01 08:41:56.843 [Thread-P1] INFO  com.mp3.desktop.Programme1 - Attente de 10000 ms avant le prochain scan...
2026-07-01 08:42:06.850 [Thread-P1] INFO  com.mp3.desktop.Programme1 - Scan du repertoire : D:\ITU\S6\Mr Naina\Mp4\mp3-desktop\chanson
2026-07-01 08:42:06.861 [Thread-P1] INFO  com.mp3.desktop.Programme1 - Attente de 10000 ms avant le prochain scan...
2026-07-01 08:42:16.863 [Thread-P1] INFO  com.mp3.desktop.Programme1 - Scan du repertoire : D:\ITU\S6\Mr Naina\Mp4\mp3-desktop\chanson
2026-07-01 08:42:16.882 [Thread-P1] INFO  com.mp3.desktop.Programme1 - Attente de 10000 ms avant le prochain scan...
2026-07-01 08:42:26.890 [Thread-P1] INFO  com.mp3.desktop.Programme1 - Scan du repertoire : D:\ITU\S6\Mr Naina\Mp4\mp3-desktop\chanson
2026-07-01 08:42:26.896 [Thread-P1] INFO  com.mp3.desktop.Programme1 - Attente de 10000 ms avant le prochain scan...
2026-07-01 08:42:36.903 [Thread-P1] INFO  com.mp3.desktop.Programme1 - Scan du repertoire : D:\ITU\S6\Mr Naina\Mp4\mp3-desktop\chanson
2026-07-01 08:42:36.924 [Thread-P1] INFO  com.mp3.desktop.Programme1 - Attente de 10000 ms avant le prochain scan...
2026-07-01 08:42:46.928 [Thread-P1] INFO  com.mp3.desktop.Programme1 - Scan du repertoire : D:\ITU\S6\Mr Naina\Mp4\mp3-desktop\chanson
2026-07-01 08:42:46.939 [Thread-P1] INFO  com.mp3.desktop.Programme1 - Attente de 10000 ms avant le prochain scan...
2026-07-01 08:42:56.941 [Thread-P1] INFO  com.mp3.desktop.Programme1 - Scan du repertoire : D:\ITU\S6\Mr Naina\Mp4\mp3-desktop\chanson
2026-07-01 08:42:56.950 [Thread-P1] INFO  com.mp3.desktop.Programme1 - Attente de 10000 ms avant le prochain scan...
2026-07-01 08:43:06.952 [Thread-P1] INFO  com.mp3.desktop.Programme1 - Scan du repertoire : D:\ITU\S6\Mr Naina\Mp4\mp3-desktop\chanson
2026-07-01 08:43:06.958 [Thread-P1] INFO  com.mp3.desktop.Programme1 - Attente de 10000 ms avant le prochain scan...
2026-07-01 08:43:16.963 [Thread-P1] INFO  com.mp3.desktop.Programme1 - Scan du repertoire : D:\ITU\S6\Mr Naina\Mp4\mp3-desktop\chanson
2026-07-01 08:43:16.970 [Thread-P1] INFO  com.mp3.desktop.Programme1 - Attente de 10000 ms avant le prochain scan...
2026-07-01 08:43:26.985 [Thread-P1] INFO  com.mp3.desktop.Programme1 - Scan du repertoire : D:\ITU\S6\Mr Naina\Mp4\mp3-desktop\chanson
2026-07-01 08:43:27.006 [Thread-P1] INFO  com.mp3.desktop.Programme1 - Attente de 10000 ms avant le prochain scan...
2026-07-01 08:43:37.019 [Thread-P1] INFO  com.mp3.desktop.Programme1 - Scan du repertoire : D:\ITU\S6\Mr Naina\Mp4\mp3-desktop\chanson
2026-07-01 08:43:37.044 [Thread-P1] INFO  com.mp3.desktop.Programme1 - Attente de 10000 ms avant le prochain scan...
2026-07-01 08:43:47.059 [Thread-P1] INFO  com.mp3.desktop.Programme1 - Scan du repertoire : D:\ITU\S6\Mr Naina\Mp4\mp3-desktop\chanson
2026-07-01 08:43:47.068 [Thread-P1] INFO  com.mp3.desktop.Programme1 - Attente de 10000 ms avant le prochain scan...
2026-07-01 08:43:57.072 [Thread-P1] INFO  com.mp3.desktop.Programme1 - Scan du repertoire : D:\ITU\S6\Mr Naina\Mp4\mp3-desktop\chanson
2026-07-01 08:43:57.091 [Thread-P1] INFO  com.mp3.desktop.Programme1 - Attente de 10000 ms avant le prochain scan...
2026-07-01 08:44:07.097 [Thread-P1] INFO  com.mp3.desktop.Programme1 - Scan du repertoire : D:\ITU\S6\Mr Naina\Mp4\mp3-desktop\chanson
2026-07-01 08:44:07.113 [Thread-P1] INFO  com.mp3.desktop.Programme1 - Attente de 10000 ms avant le prochain scan...
2026-07-01 08:44:17.129 [Thread-P1] INFO  com.mp3.desktop.Programme1 - Scan du repertoire : D:\ITU\S6\Mr Naina\Mp4\mp3-desktop\chanson
2026-07-01 08:44:17.137 [Thread-P1] INFO  com.mp3.desktop.Programme1 - Attente de 10000 ms avant le prochain scan...
2026-07-01 08:44:27.139 [Thread-P1] INFO  com.mp3.desktop.Programme1 - Scan du repertoire : D:\ITU\S6\Mr Naina\Mp4\mp3-desktop\chanson
2026-07-01 08:44:27.144 [Thread-P1] INFO  com.mp3.desktop.Programme1 - Attente de 10000 ms avant le prochain scan...
2026-07-01 08:44:37.151 [Thread-P1] INFO  com.mp3.desktop.Programme1 - Scan du repertoire : D:\ITU\S6\Mr Naina\Mp4\mp3-desktop\chanson
2026-07-01 08:44:37.174 [Thread-P1] INFO  com.mp3.desktop.Programme1 - Attente de 10000 ms avant le prochain scan...
2026-07-01 08:44:47.189 [Thread-P1] INFO  com.mp3.desktop.Programme1 - Scan du repertoire : D:\ITU\S6\Mr Naina\Mp4\mp3-desktop\chanson
2026-07-01 08:44:47.196 [Thread-P1] INFO  com.mp3.desktop.Programme1 - Attente de 10000 ms avant le prochain scan...
2026-07-01 08:44:57.202 [Thread-P1] INFO  com.mp3.desktop.Programme1 - Scan du repertoire : D:\ITU\S6\Mr Naina\Mp4\mp3-desktop\chanson
2026-07-01 08:44:57.212 [Thread-P1] INFO  com.mp3.desktop.Programme1 - Attente de 10000 ms avant le prochain scan...
2026-07-01 08:45:07.226 [Thread-P1] INFO  com.mp3.desktop.Programme1 - Scan du repertoire : D:\ITU\S6\Mr Naina\Mp4\mp3-desktop\chanson
2026-07-01 08:45:07.227 [Thread-P1] INFO  com.mp3.desktop.Programme1 - Attente de 10000 ms avant le prochain scan...
2026-07-01 08:45:17.243 [Thread-P1] INFO  com.mp3.desktop.Programme1 - Scan du repertoire : D:\ITU\S6\Mr Naina\Mp4\mp3-desktop\chanson
2026-07-01 08:45:17.293 [Thread-P1] INFO  com.mp3.desktop.Programme1 - Attente de 10000 ms avant le prochain scan...
2026-07-01 08:45:27.306 [Thread-P1] INFO  com.mp3.desktop.Programme1 - Scan du repertoire : D:\ITU\S6\Mr Naina\Mp4\mp3-desktop\chanson
2026-07-01 08:45:27.332 [Thread-P1] INFO  com.mp3.desktop.Programme1 - Attente de 10000 ms avant le prochain scan...
2026-07-01 08:45:37.347 [Thread-P1] INFO  com.mp3.desktop.Programme1 - Scan du repertoire : D:\ITU\S6\Mr Naina\Mp4\mp3-desktop\chanson
2026-07-01 08:45:37.365 [Thread-P1] INFO  com.mp3.desktop.Programme1 - Attente de 10000 ms avant le prochain scan...
2026-07-01 08:45:47.377 [Thread-P1] INFO  com.mp3.desktop.Programme1 - Scan du repertoire : D:\ITU\S6\Mr Naina\Mp4\mp3-desktop\chanson
2026-07-01 08:45:47.392 [Thread-P1] INFO  com.mp3.desktop.Programme1 - Attente de 10000 ms avant le prochain scan...
2026-07-01 08:45:57.404 [Thread-P1] INFO  com.mp3.desktop.Programme1 - Scan du repertoire : D:\ITU\S6\Mr Naina\Mp4\mp3-desktop\chanson
2026-07-01 08:45:57.430 [Thread-P1] INFO  com.mp3.desktop.Programme1 - Attente de 10000 ms avant le prochain scan...
2026-07-01 08:46:07.443 [Thread-P1] INFO  com.mp3.desktop.Programme1 - Scan du repertoire : D:\ITU\S6\Mr Naina\Mp4\mp3-desktop\chanson
2026-07-01 08:46:07.473 [Thread-P1] INFO  com.mp3.desktop.Programme1 - Attente de 10000 ms avant le prochain scan...
2026-07-01 08:46:17.477 [Thread-P1] INFO  com.mp3.desktop.Programme1 - Scan du repertoire : D:\ITU\S6\Mr Naina\Mp4\mp3-desktop\chanson
2026-07-01 08:46:17.484 [Thread-P1] INFO  com.mp3.desktop.Programme1 - Attente de 10000 ms avant le prochain scan...
2026-07-01 08:46:27.488 [Thread-P1] INFO  com.mp3.desktop.Programme1 - Scan du repertoire : D:\ITU\S6\Mr Naina\Mp4\mp3-desktop\chanson
2026-07-01 08:46:27.498 [Thread-P1] INFO  com.mp3.desktop.Programme1 - Attente de 10000 ms avant le prochain scan...
2026-07-01 08:46:37.503 [Thread-P1] INFO  com.mp3.desktop.Programme1 - Scan du repertoire : D:\ITU\S6\Mr Naina\Mp4\mp3-desktop\chanson
2026-07-01 08:46:37.514 [Thread-P1] INFO  com.mp3.desktop.Programme1 - Attente de 10000 ms avant le prochain scan...
2026-07-01 08:46:47.526 [Thread-P1] INFO  com.mp3.desktop.Programme1 - Scan du repertoire : D:\ITU\S6\Mr Naina\Mp4\mp3-desktop\chanson
2026-07-01 08:46:47.551 [Thread-P1] INFO  com.mp3.desktop.Programme1 - Attente de 10000 ms avant le prochain scan...
2026-07-01 08:46:57.555 [Thread-P1] INFO  com.mp3.desktop.Programme1 - Scan du repertoire : D:\ITU\S6\Mr Naina\Mp4\mp3-desktop\chanson
2026-07-01 08:46:57.571 [Thread-P1] INFO  com.mp3.desktop.Programme1 - Attente de 10000 ms avant le prochain scan...
2026-07-01 08:47:07.583 [Thread-P1] INFO  com.mp3.desktop.Programme1 - Scan du repertoire : D:\ITU\S6\Mr Naina\Mp4\mp3-desktop\chanson
2026-07-01 08:47:07.607 [Thread-P1] INFO  com.mp3.desktop.Programme1 - Attente de 10000 ms avant le prochain scan...
2026-07-01 08:47:17.608 [Thread-P1] INFO  com.mp3.desktop.Programme1 - Scan du repertoire : D:\ITU\S6\Mr Naina\Mp4\mp3-desktop\chanson
2026-07-01 08:47:17.631 [Thread-P1] INFO  com.mp3.desktop.Programme1 - Attente de 10000 ms avant le prochain scan...
2026-07-01 08:47:27.636 [Thread-P1] INFO  com.mp3.desktop.Programme1 - Scan du repertoire : D:\ITU\S6\Mr Naina\Mp4\mp3-desktop\chanson
2026-07-01 08:47:27.654 [Thread-P1] INFO  com.mp3.desktop.Programme1 - Attente de 10000 ms avant le prochain scan...
2026-07-01 08:47:37.664 [Thread-P1] INFO  com.mp3.desktop.Programme1 - Scan du repertoire : D:\ITU\S6\Mr Naina\Mp4\mp3-desktop\chanson
2026-07-01 08:47:37.691 [Thread-P1] INFO  com.mp3.desktop.Programme1 - Attente de 10000 ms avant le prochain scan...
2026-07-01 08:47:47.694 [Thread-P1] INFO  com.mp3.desktop.Programme1 - Scan du repertoire : D:\ITU\S6\Mr Naina\Mp4\mp3-desktop\chanson
2026-07-01 08:47:47.708 [Thread-P1] INFO  com.mp3.desktop.Programme1 - Attente de 10000 ms avant le prochain scan...
2026-07-01 08:47:57.711 [Thread-P1] INFO  com.mp3.desktop.Programme1 - Scan du repertoire : D:\ITU\S6\Mr Naina\Mp4\mp3-desktop\chanson
2026-07-01 08:47:57.739 [Thread-P1] INFO  com.mp3.desktop.Programme1 - Attente de 10000 ms avant le prochain scan...
2026-07-01 08:48:07.750 [Thread-P1] INFO  com.mp3.desktop.Programme1 - Scan du repertoire : D:\ITU\S6\Mr Naina\Mp4\mp3-desktop\chanson
2026-07-01 08:48:07.834 [Thread-P1] INFO  com.mp3.desktop.Programme1 - Attente de 10000 ms avant le prochain scan...
2026-07-01 08:48:17.848 [Thread-P1] INFO  com.mp3.desktop.Programme1 - Scan du repertoire : D:\ITU\S6\Mr Naina\Mp4\mp3-desktop\chanson
2026-07-01 08:48:17.862 [Thread-P1] INFO  com.mp3.desktop.Programme1 - Attente de 10000 ms avant le prochain scan...
2026-07-01 08:48:27.875 [Thread-P1] INFO  com.mp3.desktop.Programme1 - Scan du repertoire : D:\ITU\S6\Mr Naina\Mp4\mp3-desktop\chanson
2026-07-01 08:48:27.884 [Thread-P1] INFO  com.mp3.desktop.Programme1 - Attente de 10000 ms avant le prochain scan...
2026-07-01 08:48:37.886 [Thread-P1] INFO  com.mp3.desktop.Programme1 - Scan du repertoire : D:\ITU\S6\Mr Naina\Mp4\mp3-desktop\chanson
2026-07-01 08:48:37.901 [Thread-P1] INFO  com.mp3.desktop.Programme1 - Attente de 10000 ms avant le prochain scan...
2026-07-01 08:48:47.906 [Thread-P1] INFO  com.mp3.desktop.Programme1 - Scan du repertoire : D:\ITU\S6\Mr Naina\Mp4\mp3-desktop\chanson
2026-07-01 08:48:47.918 [Thread-P1] INFO  com.mp3.desktop.Programme1 - Attente de 10000 ms avant le prochain scan...
2026-07-01 08:48:57.922 [Thread-P1] INFO  com.mp3.desktop.Programme1 - Scan du repertoire : D:\ITU\S6\Mr Naina\Mp4\mp3-desktop\chanson
2026-07-01 08:48:57.929 [Thread-P1] INFO  com.mp3.desktop.Programme1 - Attente de 10000 ms avant le prochain scan...
2026-07-01 08:49:07.931 [Thread-P1] INFO  com.mp3.desktop.Programme1 - Scan du repertoire : D:\ITU\S6\Mr Naina\Mp4\mp3-desktop\chanson
2026-07-01 08:49:07.944 [Thread-P1] INFO  com.mp3.desktop.Programme1 - Attente de 10000 ms avant le prochain scan...
2026-07-01 08:49:17.959 [Thread-P1] INFO  com.mp3.desktop.Programme1 - Scan du repertoire : D:\ITU\S6\Mr Naina\Mp4\mp3-desktop\chanson
2026-07-01 08:49:17.966 [Thread-P1] INFO  com.mp3.desktop.Programme1 - Attente de 10000 ms avant le prochain scan...
2026-07-01 08:49:27.969 [Thread-P1] INFO  com.mp3.desktop.Programme1 - Scan du repertoire : D:\ITU\S6\Mr Naina\Mp4\mp3-desktop\chanson
2026-07-01 08:49:27.976 [Thread-P1] INFO  com.mp3.desktop.Programme1 - Attente de 10000 ms avant le prochain scan...
2026-07-01 08:49:37.979 [Thread-P1] INFO  com.mp3.desktop.Programme1 - Scan du repertoire : D:\ITU\S6\Mr Naina\Mp4\mp3-desktop\chanson
2026-07-01 08:49:37.988 [Thread-P1] INFO  com.mp3.desktop.Programme1 - Attente de 10000 ms avant le prochain scan...
2026-07-01 08:49:47.991 [Thread-P1] INFO  com.mp3.desktop.Programme1 - Scan du repertoire : D:\ITU\S6\Mr Naina\Mp4\mp3-desktop\chanson
2026-07-01 08:49:47.998 [Thread-P1] INFO  com.mp3.desktop.Programme1 - Attente de 10000 ms avant le prochain scan...
2026-07-01 08:49:57.999 [Thread-P1] INFO  com.mp3.desktop.Programme1 - Scan du repertoire : D:\ITU\S6\Mr Naina\Mp4\mp3-desktop\chanson
2026-07-01 08:49:58.006 [Thread-P1] INFO  com.mp3.desktop.Programme1 - Attente de 10000 ms avant le prochain scan...
2026-07-01 08:50:08.013 [Thread-P1] INFO  com.mp3.desktop.Programme1 - Scan du repertoire : D:\ITU\S6\Mr Naina\Mp4\mp3-desktop\chanson
2026-07-01 08:50:08.022 [Thread-P1] INFO  com.mp3.desktop.Programme1 - Attente de 10000 ms avant le prochain scan...
2026-07-01 08:50:18.024 [Thread-P1] INFO  com.mp3.desktop.Programme1 - Scan du repertoire : D:\ITU\S6\Mr Naina\Mp4\mp3-desktop\chanson
2026-07-01 08:50:18.026 [Thread-P1] INFO  com.mp3.desktop.Programme1 - Attente de 10000 ms avant le prochain scan...
2026-07-01 08:50:20.318 [Thread-P1] WARN  com.mp3.desktop.Programme1 - Programme 1 interrompu
2026-07-01 08:50:31.876 [Thread-P1] INFO  com.mp3.desktop.Programme1 - === Demarrage du Programme 1 ===
2026-07-01 08:50:31.878 [Thread-P1] INFO  com.mp3.desktop.Programme1 - Scan du repertoire : D:\ITU\S6\Mr Naina\Mp4\mp3-desktop\chanson
2026-07-01 08:50:31.911 [Thread-P1] INFO  com.mp3.desktop.Programme1 - Attente de 10000 ms avant le prochain scan...
2026-07-01 08:50:41.929 [Thread-P1] INFO  com.mp3.desktop.Programme1 - Scan du repertoire : D:\ITU\S6\Mr Naina\Mp4\mp3-desktop\chanson
2026-07-01 08:50:41.939 [Thread-P1] INFO  com.mp3.desktop.Programme1 - Attente de 10000 ms avant le prochain scan...
2026-07-01 08:50:51.944 [Thread-P1] INFO  com.mp3.desktop.Programme1 - Scan du repertoire : D:\ITU\S6\Mr Naina\Mp4\mp3-desktop\chanson
2026-07-01 08:50:51.966 [Thread-P1] INFO  com.mp3.desktop.Programme1 - Attente de 10000 ms avant le prochain scan...
2026-07-01 08:51:01.981 [Thread-P1] INFO  com.mp3.desktop.Programme1 - Scan du repertoire : D:\ITU\S6\Mr Naina\Mp4\mp3-desktop\chanson
2026-07-01 08:51:01.994 [Thread-P1] INFO  com.mp3.desktop.Programme1 - Attente de 10000 ms avant le prochain scan...
2026-07-01 08:51:12.009 [Thread-P1] INFO  com.mp3.desktop.Programme1 - Scan du repertoire : D:\ITU\S6\Mr Naina\Mp4\mp3-desktop\chanson
2026-07-01 08:51:12.020 [Thread-P1] INFO  com.mp3.desktop.Programme1 - Attente de 10000 ms avant le prochain scan...
2026-07-01 08:51:22.035 [Thread-P1] INFO  com.mp3.desktop.Programme1 - Scan du repertoire : D:\ITU\S6\Mr Naina\Mp4\mp3-desktop\chanson
2026-07-01 08:51:22.044 [Thread-P1] INFO  com.mp3.desktop.Programme1 - Attente de 10000 ms avant le prochain scan...
2026-07-01 08:51:32.050 [Thread-P1] INFO  com.mp3.desktop.Programme1 - Scan du repertoire : D:\ITU\S6\Mr Naina\Mp4\mp3-desktop\chanson
2026-07-01 08:51:32.060 [Thread-P1] INFO  com.mp3.desktop.Programme1 - Attente de 10000 ms avant le prochain scan...
2026-07-01 08:51:42.073 [Thread-P1] INFO  com.mp3.desktop.Programme1 - Scan du repertoire : D:\ITU\S6\Mr Naina\Mp4\mp3-desktop\chanson
2026-07-01 08:51:42.080 [Thread-P1] INFO  com.mp3.desktop.Programme1 - Attente de 10000 ms avant le prochain scan...
2026-07-01 08:51:52.096 [Thread-P1] INFO  com.mp3.desktop.Programme1 - Scan du repertoire : D:\ITU\S6\Mr Naina\Mp4\mp3-desktop\chanson
2026-07-01 08:51:52.112 [Thread-P1] INFO  com.mp3.desktop.Programme1 - Attente de 10000 ms avant le prochain scan...
2026-07-01 08:52:02.116 [Thread-P1] INFO  com.mp3.desktop.Programme1 - Scan du repertoire : D:\ITU\S6\Mr Naina\Mp4\mp3-desktop\chanson
2026-07-01 08:52:02.124 [Thread-P1] INFO  com.mp3.desktop.Programme1 - Attente de 10000 ms avant le prochain scan...
2026-07-01 08:52:12.128 [Thread-P1] INFO  com.mp3.desktop.Programme1 - Scan du repertoire : D:\ITU\S6\Mr Naina\Mp4\mp3-desktop\chanson
2026-07-01 08:52:12.147 [Thread-P1] INFO  com.mp3.desktop.Programme1 - Attente de 10000 ms avant le prochain scan...
2026-07-01 08:52:22.153 [Thread-P1] INFO  com.mp3.desktop.Programme1 - Scan du repertoire : D:\ITU\S6\Mr Naina\Mp4\mp3-desktop\chanson
2026-07-01 08:52:22.163 [Thread-P1] INFO  com.mp3.desktop.Programme1 - Attente de 10000 ms avant le prochain scan...
2026-07-01 08:52:32.177 [Thread-P1] INFO  com.mp3.desktop.Programme1 - Scan du repertoire : D:\ITU\S6\Mr Naina\Mp4\mp3-desktop\chanson
2026-07-01 08:52:32.185 [Thread-P1] INFO  com.mp3.desktop.Programme1 - Attente de 10000 ms avant le prochain scan...
2026-07-01 08:52:42.199 [Thread-P1] INFO  com.mp3.desktop.Programme1 - Scan du repertoire : D:\ITU\S6\Mr Naina\Mp4\mp3-desktop\chanson
2026-07-01 08:52:42.220 [Thread-P1] INFO  com.mp3.desktop.Programme1 - Attente de 10000 ms avant le prochain scan...
2026-07-01 08:52:52.225 [Thread-P1] INFO  com.mp3.desktop.Programme1 - Scan du repertoire : D:\ITU\S6\Mr Naina\Mp4\mp3-desktop\chanson
2026-07-01 08:52:52.261 [Thread-P1] INFO  com.mp3.desktop.Programme1 - Attente de 10000 ms avant le prochain scan...
2026-07-01 08:53:02.265 [Thread-P1] INFO  com.mp3.desktop.Programme1 - Scan du repertoire : D:\ITU\S6\Mr Naina\Mp4\mp3-desktop\chanson
2026-07-01 08:53:02.274 [Thread-P1] INFO  com.mp3.desktop.Programme1 - Attente de 10000 ms avant le prochain scan...
2026-07-01 08:53:12.288 [Thread-P1] INFO  com.mp3.desktop.Programme1 - Scan du repertoire : D:\ITU\S6\Mr Naina\Mp4\mp3-desktop\chanson
2026-07-01 08:53:12.298 [Thread-P1] INFO  com.mp3.desktop.Programme1 - Attente de 10000 ms avant le prochain scan...
2026-07-01 08:53:22.303 [Thread-P1] INFO  com.mp3.desktop.Programme1 - Scan du repertoire : D:\ITU\S6\Mr Naina\Mp4\mp3-desktop\chanson
2026-07-01 08:53:22.324 [Thread-P1] INFO  com.mp3.desktop.Programme1 - Attente de 10000 ms avant le prochain scan...
2026-07-01 08:53:32.329 [Thread-P1] INFO  com.mp3.desktop.Programme1 - Scan du repertoire : D:\ITU\S6\Mr Naina\Mp4\mp3-desktop\chanson
2026-07-01 08:53:32.349 [Thread-P1] INFO  com.mp3.desktop.Programme1 - Attente de 10000 ms avant le prochain scan...
2026-07-01 08:53:42.358 [Thread-P1] INFO  com.mp3.desktop.Programme1 - Scan du repertoire : D:\ITU\S6\Mr Naina\Mp4\mp3-desktop\chanson
2026-07-01 08:53:42.369 [Thread-P1] INFO  com.mp3.desktop.Programme1 - Attente de 10000 ms avant le prochain scan...
2026-07-01 08:53:52.371 [Thread-P1] INFO  com.mp3.desktop.Programme1 - Scan du repertoire : D:\ITU\S6\Mr Naina\Mp4\mp3-desktop\chanson
2026-07-01 08:53:52.374 [Thread-P1] INFO  com.mp3.desktop.Programme1 - Attente de 10000 ms avant le prochain scan...
2026-07-01 08:54:02.381 [Thread-P1] INFO  com.mp3.desktop.Programme1 - Scan du repertoire : D:\ITU\S6\Mr Naina\Mp4\mp3-desktop\chanson
2026-07-01 08:54:02.404 [Thread-P1] INFO  com.mp3.desktop.Programme1 - Attente de 10000 ms avant le prochain scan...
2026-07-01 08:54:12.409 [Thread-P1] INFO  com.mp3.desktop.Programme1 - Scan du repertoire : D:\ITU\S6\Mr Naina\Mp4\mp3-desktop\chanson
2026-07-01 08:54:12.423 [Thread-P1] INFO  com.mp3.desktop.Programme1 - Attente de 10000 ms avant le prochain scan...
2026-07-01 08:54:22.436 [Thread-P1] INFO  com.mp3.desktop.Programme1 - Scan du repertoire : D:\ITU\S6\Mr Naina\Mp4\mp3-desktop\chanson
2026-07-01 08:54:22.443 [Thread-P1] INFO  com.mp3.desktop.Programme1 - Attente de 10000 ms avant le prochain scan...
2026-07-01 08:54:32.456 [Thread-P1] INFO  com.mp3.desktop.Programme1 - Scan du repertoire : D:\ITU\S6\Mr Naina\Mp4\mp3-desktop\chanson
2026-07-01 08:54:32.466 [Thread-P1] INFO  com.mp3.desktop.Programme1 - Attente de 10000 ms avant le prochain scan...
2026-07-01 08:54:42.476 [Thread-P1] INFO  com.mp3.desktop.Programme1 - Scan du repertoire : D:\ITU\S6\Mr Naina\Mp4\mp3-desktop\chanson
2026-07-01 08:54:42.515 [Thread-P1] INFO  com.mp3.desktop.Programme1 - Attente de 10000 ms avant le prochain scan...
2026-07-01 08:54:52.520 [Thread-P1] INFO  com.mp3.desktop.Programme1 - Scan du repertoire : D:\ITU\S6\Mr Naina\Mp4\mp3-desktop\chanson
2026-07-01 08:54:52.546 [Thread-P1] INFO  com.mp3.desktop.Programme1 - Attente de 10000 ms avant le prochain scan...
2026-07-01 08:55:02.548 [Thread-P1] INFO  com.mp3.desktop.Programme1 - Scan du repertoire : D:\ITU\S6\Mr Naina\Mp4\mp3-desktop\chanson
2026-07-01 08:55:02.559 [Thread-P1] INFO  com.mp3.desktop.Programme1 - Attente de 10000 ms avant le prochain scan...
2026-07-01 08:55:12.560 [Thread-P1] INFO  com.mp3.desktop.Programme1 - Scan du repertoire : D:\ITU\S6\Mr Naina\Mp4\mp3-desktop\chanson
2026-07-01 08:55:12.568 [Thread-P1] INFO  com.mp3.desktop.Programme1 - Attente de 10000 ms avant le prochain scan...
2026-07-01 08:55:22.571 [Thread-P1] INFO  com.mp3.desktop.Programme1 - Scan du repertoire : D:\ITU\S6\Mr Naina\Mp4\mp3-desktop\chanson
2026-07-01 08:55:22.592 [Thread-P1] INFO  com.mp3.desktop.Programme1 - Attente de 10000 ms avant le prochain scan...
2026-07-01 08:55:32.596 [Thread-P1] INFO  com.mp3.desktop.Programme1 - Scan du repertoire : D:\ITU\S6\Mr Naina\Mp4\mp3-desktop\chanson
2026-07-01 08:55:32.610 [Thread-P1] INFO  com.mp3.desktop.Programme1 - Attente de 10000 ms avant le prochain scan...
2026-07-01 08:55:42.613 [Thread-P1] INFO  com.mp3.desktop.Programme1 - Scan du repertoire : D:\ITU\S6\Mr Naina\Mp4\mp3-desktop\chanson
2026-07-01 08:55:42.618 [Thread-P1] INFO  com.mp3.desktop.Programme1 - Attente de 10000 ms avant le prochain scan...
2026-07-01 08:55:52.619 [Thread-P1] INFO  com.mp3.desktop.Programme1 - Scan du repertoire : D:\ITU\S6\Mr Naina\Mp4\mp3-desktop\chanson
2026-07-01 08:55:52.624 [Thread-P1] INFO  com.mp3.desktop.Programme1 - Attente de 10000 ms avant le prochain scan...
2026-07-01 08:56:02.630 [Thread-P1] INFO  com.mp3.desktop.Programme1 - Scan du repertoire : D:\ITU\S6\Mr Naina\Mp4\mp3-desktop\chanson
2026-07-01 08:56:02.637 [Thread-P1] INFO  com.mp3.desktop.Programme1 - Attente de 10000 ms avant le prochain scan...
2026-07-01 08:56:12.641 [Thread-P1] INFO  com.mp3.desktop.Programme1 - Scan du repertoire : D:\ITU\S6\Mr Naina\Mp4\mp3-desktop\chanson
2026-07-01 08:56:12.665 [Thread-P1] INFO  com.mp3.desktop.Programme1 - Attente de 10000 ms avant le prochain scan...
2026-07-01 08:56:22.671 [Thread-P1] INFO  com.mp3.desktop.Programme1 - Scan du repertoire : D:\ITU\S6\Mr Naina\Mp4\mp3-desktop\chanson
2026-07-01 08:56:22.685 [Thread-P1] INFO  com.mp3.desktop.Programme1 - Attente de 10000 ms avant le prochain scan...
2026-07-01 08:56:32.696 [Thread-P1] INFO  com.mp3.desktop.Programme1 - Scan du repertoire : D:\ITU\S6\Mr Naina\Mp4\mp3-desktop\chanson
2026-07-01 08:56:32.707 [Thread-P1] INFO  com.mp3.desktop.Programme1 - Attente de 10000 ms avant le prochain scan...
2026-07-01 08:56:42.728 [Thread-P1] INFO  com.mp3.desktop.Programme1 - Scan du repertoire : D:\ITU\S6\Mr Naina\Mp4\mp3-desktop\chanson
2026-07-01 08:56:42.775 [Thread-P1] INFO  com.mp3.desktop.Programme1 - Attente de 10000 ms avant le prochain scan...
2026-07-01 08:56:52.785 [Thread-P1] INFO  com.mp3.desktop.Programme1 - Scan du repertoire : D:\ITU\S6\Mr Naina\Mp4\mp3-desktop\chanson
2026-07-01 08:56:52.793 [Thread-P1] INFO  com.mp3.desktop.Programme1 - Attente de 10000 ms avant le prochain scan...
2026-07-01 08:57:02.801 [Thread-P1] INFO  com.mp3.desktop.Programme1 - Scan du repertoire : D:\ITU\S6\Mr Naina\Mp4\mp3-desktop\chanson
2026-07-01 08:57:02.827 [Thread-P1] INFO  com.mp3.desktop.Programme1 - Attente de 10000 ms avant le prochain scan...
2026-07-01 08:57:12.840 [Thread-P1] INFO  com.mp3.desktop.Programme1 - Scan du repertoire : D:\ITU\S6\Mr Naina\Mp4\mp3-desktop\chanson
2026-07-01 08:57:12.860 [Thread-P1] INFO  com.mp3.desktop.Programme1 - Attente de 10000 ms avant le prochain scan...
2026-07-01 08:57:22.881 [Thread-P1] INFO  com.mp3.desktop.Programme1 - Scan du repertoire : D:\ITU\S6\Mr Naina\Mp4\mp3-desktop\chanson
2026-07-01 08:57:22.890 [Thread-P1] INFO  com.mp3.desktop.Programme1 - Attente de 10000 ms avant le prochain scan...
2026-07-01 08:57:32.895 [Thread-P1] INFO  com.mp3.desktop.Programme1 - Scan du repertoire : D:\ITU\S6\Mr Naina\Mp4\mp3-desktop\chanson
2026-07-01 08:57:32.903 [Thread-P1] INFO  com.mp3.desktop.Programme1 - Attente de 10000 ms avant le prochain scan...
2026-07-01 08:57:42.907 [Thread-P1] INFO  com.mp3.desktop.Programme1 - Scan du repertoire : D:\ITU\S6\Mr Naina\Mp4\mp3-desktop\chanson
2026-07-01 08:57:42.926 [Thread-P1] INFO  com.mp3.desktop.Programme1 - Attente de 10000 ms avant le prochain scan...
2026-07-01 08:57:52.935 [Thread-P1] INFO  com.mp3.desktop.Programme1 - Scan du repertoire : D:\ITU\S6\Mr Naina\Mp4\mp3-desktop\chanson
2026-07-01 08:57:52.957 [Thread-P1] INFO  com.mp3.desktop.Programme1 - Attente de 10000 ms avant le prochain scan...
2026-07-01 08:58:02.962 [Thread-P1] INFO  com.mp3.desktop.Programme1 - Scan du repertoire : D:\ITU\S6\Mr Naina\Mp4\mp3-desktop\chanson
2026-07-01 08:58:02.970 [Thread-P1] INFO  com.mp3.desktop.Programme1 - Attente de 10000 ms avant le prochain scan...
2026-07-01 08:58:12.973 [Thread-P1] INFO  com.mp3.desktop.Programme1 - Scan du repertoire : D:\ITU\S6\Mr Naina\Mp4\mp3-desktop\chanson
2026-07-01 08:58:12.974 [Thread-P1] INFO  com.mp3.desktop.Programme1 - Attente de 10000 ms avant le prochain scan...
2026-07-01 08:58:22.983 [Thread-P1] INFO  com.mp3.desktop.Programme1 - Scan du repertoire : D:\ITU\S6\Mr Naina\Mp4\mp3-desktop\chanson
2026-07-01 08:58:23.003 [Thread-P1] INFO  com.mp3.desktop.Programme1 - Attente de 10000 ms avant le prochain scan...
2026-07-01 08:58:33.013 [Thread-P1] INFO  com.mp3.desktop.Programme1 - Scan du repertoire : D:\ITU\S6\Mr Naina\Mp4\mp3-desktop\chanson
2026-07-01 08:58:33.021 [Thread-P1] INFO  com.mp3.desktop.Programme1 - Attente de 10000 ms avant le prochain scan...
2026-07-01 08:58:43.033 [Thread-P1] INFO  com.mp3.desktop.Programme1 - Scan du repertoire : D:\ITU\S6\Mr Naina\Mp4\mp3-desktop\chanson
2026-07-01 08:58:43.053 [Thread-P1] INFO  com.mp3.desktop.Programme1 - Attente de 10000 ms avant le prochain scan...
2026-07-01 08:58:53.067 [Thread-P1] INFO  com.mp3.desktop.Programme1 - Scan du repertoire : D:\ITU\S6\Mr Naina\Mp4\mp3-desktop\chanson
2026-07-01 08:58:53.086 [Thread-P1] INFO  com.mp3.desktop.Programme1 - Attente de 10000 ms avant le prochain scan...
2026-07-01 08:59:03.106 [Thread-P1] INFO  com.mp3.desktop.Programme1 - Scan du repertoire : D:\ITU\S6\Mr Naina\Mp4\mp3-desktop\chanson
2026-07-01 08:59:03.125 [Thread-P1] INFO  com.mp3.desktop.Programme1 - Attente de 10000 ms avant le prochain scan...
2026-07-01 08:59:13.136 [Thread-P1] INFO  com.mp3.desktop.Programme1 - Scan du repertoire : D:\ITU\S6\Mr Naina\Mp4\mp3-desktop\chanson
2026-07-01 08:59:13.148 [Thread-P1] INFO  com.mp3.desktop.Programme1 - Attente de 10000 ms avant le prochain scan...
2026-07-01 08:59:23.152 [Thread-P1] INFO  com.mp3.desktop.Programme1 - Scan du repertoire : D:\ITU\S6\Mr Naina\Mp4\mp3-desktop\chanson
2026-07-01 08:59:23.172 [Thread-P1] INFO  com.mp3.desktop.Programme1 - Attente de 10000 ms avant le prochain scan...
2026-07-01 08:59:33.179 [Thread-P1] INFO  com.mp3.desktop.Programme1 - Scan du repertoire : D:\ITU\S6\Mr Naina\Mp4\mp3-desktop\chanson
2026-07-01 08:59:33.206 [Thread-P1] INFO  com.mp3.desktop.Programme1 - Attente de 10000 ms avant le prochain scan...
2026-07-01 08:59:43.215 [Thread-P1] INFO  com.mp3.desktop.Programme1 - Scan du repertoire : D:\ITU\S6\Mr Naina\Mp4\mp3-desktop\chanson
2026-07-01 08:59:43.220 [Thread-P1] INFO  com.mp3.desktop.Programme1 - Attente de 10000 ms avant le prochain scan...
2026-07-01 08:59:53.236 [Thread-P1] INFO  com.mp3.desktop.Programme1 - Scan du repertoire : D:\ITU\S6\Mr Naina\Mp4\mp3-desktop\chanson
2026-07-01 08:59:53.244 [Thread-P1] INFO  com.mp3.desktop.Programme1 - Attente de 10000 ms avant le prochain scan...
2026-07-01 09:00:03.250 [Thread-P1] INFO  com.mp3.desktop.Programme1 - Scan du repertoire : D:\ITU\S6\Mr Naina\Mp4\mp3-desktop\chanson
2026-07-01 09:00:03.281 [Thread-P1] INFO  com.mp3.desktop.Programme1 - Attente de 10000 ms avant le prochain scan...
2026-07-01 09:00:13.287 [Thread-P1] INFO  com.mp3.desktop.Programme1 - Scan du repertoire : D:\ITU\S6\Mr Naina\Mp4\mp3-desktop\chanson
2026-07-01 09:00:13.299 [Thread-P1] INFO  com.mp3.desktop.Programme1 - Attente de 10000 ms avant le prochain scan...
2026-07-01 09:00:23.314 [Thread-P1] INFO  com.mp3.desktop.Programme1 - Scan du repertoire : D:\ITU\S6\Mr Naina\Mp4\mp3-desktop\chanson
2026-07-01 09:00:23.327 [Thread-P1] INFO  com.mp3.desktop.Programme1 - Attente de 10000 ms avant le prochain scan...
2026-07-01 09:00:33.328 [Thread-P1] INFO  com.mp3.desktop.Programme1 - Scan du repertoire : D:\ITU\S6\Mr Naina\Mp4\mp3-desktop\chanson
2026-07-01 09:00:33.357 [Thread-P1] INFO  com.mp3.desktop.Programme1 - Attente de 10000 ms avant le prochain scan...
2026-07-01 09:00:43.372 [Thread-P1] INFO  com.mp3.desktop.Programme1 - Scan du repertoire : D:\ITU\S6\Mr Naina\Mp4\mp3-desktop\chanson
2026-07-01 09:00:43.381 [Thread-P1] INFO  com.mp3.desktop.Programme1 - Attente de 10000 ms avant le prochain scan...
2026-07-01 09:00:53.387 [Thread-P1] INFO  com.mp3.desktop.Programme1 - Scan du repertoire : D:\ITU\S6\Mr Naina\Mp4\mp3-desktop\chanson
2026-07-01 09:00:53.407 [Thread-P1] INFO  com.mp3.desktop.Programme1 - Attente de 10000 ms avant le prochain scan...
2026-07-01 09:01:03.422 [Thread-P1] INFO  com.mp3.desktop.Programme1 - Scan du repertoire : D:\ITU\S6\Mr Naina\Mp4\mp3-desktop\chanson
2026-07-01 09:01:03.440 [Thread-P1] INFO  com.mp3.desktop.Programme1 - Attente de 10000 ms avant le prochain scan...
2026-07-01 09:01:13.454 [Thread-P1] INFO  com.mp3.desktop.Programme1 - Scan du repertoire : D:\ITU\S6\Mr Naina\Mp4\mp3-desktop\chanson
2026-07-01 09:01:13.461 [Thread-P1] INFO  com.mp3.desktop.Programme1 - Attente de 10000 ms avant le prochain scan...
2026-07-01 09:01:23.465 [Thread-P1] INFO  com.mp3.desktop.Programme1 - Scan du repertoire : D:\ITU\S6\Mr Naina\Mp4\mp3-desktop\chanson
2026-07-01 09:01:23.473 [Thread-P1] INFO  com.mp3.desktop.Programme1 - Attente de 10000 ms avant le prochain scan...
2026-07-01 09:01:33.475 [Thread-P1] INFO  com.mp3.desktop.Programme1 - Scan du repertoire : D:\ITU\S6\Mr Naina\Mp4\mp3-desktop\chanson
2026-07-01 09:01:33.490 [Thread-P1] INFO  com.mp3.desktop.Programme1 - Attente de 10000 ms avant le prochain scan...
2026-07-01 09:01:43.503 [Thread-P1] INFO  com.mp3.desktop.Programme1 - Scan du repertoire : D:\ITU\S6\Mr Naina\Mp4\mp3-desktop\chanson
2026-07-01 09:01:43.528 [Thread-P1] INFO  com.mp3.desktop.Programme1 - Attente de 10000 ms avant le prochain scan...
2026-07-01 09:01:53.532 [Thread-P1] INFO  com.mp3.desktop.Programme1 - Scan du repertoire : D:\ITU\S6\Mr Naina\Mp4\mp3-desktop\chanson
2026-07-01 09:01:53.549 [Thread-P1] INFO  com.mp3.desktop.Programme1 - Attente de 10000 ms avant le prochain scan...
2026-07-01 09:02:03.558 [Thread-P1] INFO  com.mp3.desktop.Programme1 - Scan du repertoire : D:\ITU\S6\Mr Naina\Mp4\mp3-desktop\chanson
2026-07-01 09:02:03.581 [Thread-P1] INFO  com.mp3.desktop.Programme1 - Attente de 10000 ms avant le prochain scan...
2026-07-01 09:02:13.587 [Thread-P1] INFO  com.mp3.desktop.Programme1 - Scan du repertoire : D:\ITU\S6\Mr Naina\Mp4\mp3-desktop\chanson
2026-07-01 09:02:13.595 [Thread-P1] INFO  com.mp3.desktop.Programme1 - Attente de 10000 ms avant le prochain scan...
2026-07-01 09:02:23.598 [Thread-P1] INFO  com.mp3.desktop.Programme1 - Scan du repertoire : D:\ITU\S6\Mr Naina\Mp4\mp3-desktop\chanson
2026-07-01 09:02:23.605 [Thread-P1] INFO  com.mp3.desktop.Programme1 - Attente de 10000 ms avant le prochain scan...
2026-07-01 09:02:33.606 [Thread-P1] INFO  com.mp3.desktop.Programme1 - Scan du repertoire : D:\ITU\S6\Mr Naina\Mp4\mp3-desktop\chanson
2026-07-01 09:02:33.628 [Thread-P1] INFO  com.mp3.desktop.Programme1 - Attente de 10000 ms avant le prochain scan...
2026-07-01 09:02:43.636 [Thread-P1] INFO  com.mp3.desktop.Programme1 - Scan du repertoire : D:\ITU\S6\Mr Naina\Mp4\mp3-desktop\chanson
2026-07-01 09:02:43.660 [Thread-P1] INFO  com.mp3.desktop.Programme1 - Attente de 10000 ms avant le prochain scan...
2026-07-01 09:02:53.664 [Thread-P1] INFO  com.mp3.desktop.Programme1 - Scan du repertoire : D:\ITU\S6\Mr Naina\Mp4\mp3-desktop\chanson
2026-07-01 09:02:53.674 [Thread-P1] INFO  com.mp3.desktop.Programme1 - Attente de 10000 ms avant le prochain scan...
2026-07-01 09:03:03.690 [Thread-P1] INFO  com.mp3.desktop.Programme1 - Scan du repertoire : D:\ITU\S6\Mr Naina\Mp4\mp3-desktop\chanson
2026-07-01 09:03:03.720 [Thread-P1] INFO  com.mp3.desktop.Programme1 - Attente de 10000 ms avant le prochain scan...
2026-07-01 09:03:13.732 [Thread-P1] INFO  com.mp3.desktop.Programme1 - Scan du repertoire : D:\ITU\S6\Mr Naina\Mp4\mp3-desktop\chanson
2026-07-01 09:03:13.740 [Thread-P1] INFO  com.mp3.desktop.Programme1 - Attente de 10000 ms avant le prochain scan...
2026-07-01 09:03:23.746 [Thread-P1] INFO  com.mp3.desktop.Programme1 - Scan du repertoire : D:\ITU\S6\Mr Naina\Mp4\mp3-desktop\chanson
2026-07-01 09:03:23.810 [Thread-P1] INFO  com.mp3.desktop.Programme1 - Attente de 10000 ms avant le prochain scan...
2026-07-01 09:03:33.825 [Thread-P1] INFO  com.mp3.desktop.Programme1 - Scan du repertoire : D:\ITU\S6\Mr Naina\Mp4\mp3-desktop\chanson
2026-07-01 09:03:33.830 [Thread-P1] INFO  com.mp3.desktop.Programme1 - Attente de 10000 ms avant le prochain scan...
2026-07-01 09:03:43.838 [Thread-P1] INFO  com.mp3.desktop.Programme1 - Scan du repertoire : D:\ITU\S6\Mr Naina\Mp4\mp3-desktop\chanson
2026-07-01 09:03:43.857 [Thread-P1] INFO  com.mp3.desktop.Programme1 - Attente de 10000 ms avant le prochain scan...
2026-07-01 09:03:53.862 [Thread-P1] INFO  com.mp3.desktop.Programme1 - Scan du repertoire : D:\ITU\S6\Mr Naina\Mp4\mp3-desktop\chanson
2026-07-01 09:03:53.885 [Thread-P1] INFO  com.mp3.desktop.Programme1 - Attente de 10000 ms avant le prochain scan...
2026-07-01 09:04:03.899 [Thread-P1] INFO  com.mp3.desktop.Programme1 - Scan du repertoire : D:\ITU\S6\Mr Naina\Mp4\mp3-desktop\chanson
2026-07-01 09:04:03.920 [Thread-P1] INFO  com.mp3.desktop.Programme1 - Attente de 10000 ms avant le prochain scan...
2026-07-01 09:04:13.937 [Thread-P1] INFO  com.mp3.desktop.Programme1 - Scan du repertoire : D:\ITU\S6\Mr Naina\Mp4\mp3-desktop\chanson
2026-07-01 09:04:13.943 [Thread-P1] INFO  com.mp3.desktop.Programme1 - Attente de 10000 ms avant le prochain scan...
2026-07-01 09:04:23.948 [Thread-P1] INFO  com.mp3.desktop.Programme1 - Scan du repertoire : D:\ITU\S6\Mr Naina\Mp4\mp3-desktop\chanson
2026-07-01 09:04:23.968 [Thread-P1] INFO  com.mp3.desktop.Programme1 - Attente de 10000 ms avant le prochain scan...
2026-07-01 09:04:33.978 [Thread-P1] INFO  com.mp3.desktop.Programme1 - Scan du repertoire : D:\ITU\S6\Mr Naina\Mp4\mp3-desktop\chanson
2026-07-01 09:04:33.997 [Thread-P1] INFO  com.mp3.desktop.Programme1 - Attente de 10000 ms avant le prochain scan...
2026-07-01 09:04:44.007 [Thread-P1] INFO  com.mp3.desktop.Programme1 - Scan du repertoire : D:\ITU\S6\Mr Naina\Mp4\mp3-desktop\chanson
2026-07-01 09:04:44.024 [Thread-P1] INFO  com.mp3.desktop.Programme1 - Attente de 10000 ms avant le prochain scan...
2026-07-01 09:04:54.034 [Thread-P1] INFO  com.mp3.desktop.Programme1 - Scan du repertoire : D:\ITU\S6\Mr Naina\Mp4\mp3-desktop\chanson
2026-07-01 09:04:54.053 [Thread-P1] INFO  com.mp3.desktop.Programme1 - Attente de 10000 ms avant le prochain scan...
2026-07-01 09:05:04.067 [Thread-P1] INFO  com.mp3.desktop.Programme1 - Scan du repertoire : D:\ITU\S6\Mr Naina\Mp4\mp3-desktop\chanson
2026-07-01 09:05:04.094 [Thread-P1] INFO  com.mp3.desktop.Programme1 - Attente de 10000 ms avant le prochain scan...
2026-07-01 09:05:14.111 [Thread-P1] INFO  com.mp3.desktop.Programme1 - Scan du repertoire : D:\ITU\S6\Mr Naina\Mp4\mp3-desktop\chanson
2026-07-01 09:05:14.129 [Thread-P1] INFO  com.mp3.desktop.Programme1 - Attente de 10000 ms avant le prochain scan...
2026-07-01 09:05:24.141 [Thread-P1] INFO  com.mp3.desktop.Programme1 - Scan du repertoire : D:\ITU\S6\Mr Naina\Mp4\mp3-desktop\chanson
2026-07-01 09:05:24.161 [Thread-P1] INFO  com.mp3.desktop.Programme1 - Attente de 10000 ms avant le prochain scan...
2026-07-01 09:05:34.171 [Thread-P1] INFO  com.mp3.desktop.Programme1 - Scan du repertoire : D:\ITU\S6\Mr Naina\Mp4\mp3-desktop\chanson
2026-07-01 09:05:34.193 [Thread-P1] INFO  com.mp3.desktop.Programme1 - Attente de 10000 ms avant le prochain scan...
2026-07-01 09:05:44.199 [Thread-P1] INFO  com.mp3.desktop.Programme1 - Scan du repertoire : D:\ITU\S6\Mr Naina\Mp4\mp3-desktop\chanson
2026-07-01 09:05:44.220 [Thread-P1] INFO  com.mp3.desktop.Programme1 - Attente de 10000 ms avant le prochain scan...
2026-07-01 09:05:54.238 [Thread-P1] INFO  com.mp3.desktop.Programme1 - Scan du repertoire : D:\ITU\S6\Mr Naina\Mp4\mp3-desktop\chanson
2026-07-01 09:05:54.257 [Thread-P1] INFO  com.mp3.desktop.Programme1 - Attente de 10000 ms avant le prochain scan...
2026-07-01 09:06:04.268 [Thread-P1] INFO  com.mp3.desktop.Programme1 - Scan du repertoire : D:\ITU\S6\Mr Naina\Mp4\mp3-desktop\chanson
2026-07-01 09:06:04.293 [Thread-P1] INFO  com.mp3.desktop.Programme1 - Attente de 10000 ms avant le prochain scan...
2026-07-01 09:06:14.300 [Thread-P1] INFO  com.mp3.desktop.Programme1 - Scan du repertoire : D:\ITU\S6\Mr Naina\Mp4\mp3-desktop\chanson
2026-07-01 09:06:14.321 [Thread-P1] INFO  com.mp3.desktop.Programme1 - Attente de 10000 ms avant le prochain scan...
2026-07-01 09:06:24.329 [Thread-P1] INFO  com.mp3.desktop.Programme1 - Scan du repertoire : D:\ITU\S6\Mr Naina\Mp4\mp3-desktop\chanson
2026-07-01 09:06:24.337 [Thread-P1] INFO  com.mp3.desktop.Programme1 - Attente de 10000 ms avant le prochain scan...
2026-07-01 09:06:34.340 [Thread-P1] INFO  com.mp3.desktop.Programme1 - Scan du repertoire : D:\ITU\S6\Mr Naina\Mp4\mp3-desktop\chanson
2026-07-01 09:06:34.347 [Thread-P1] INFO  com.mp3.desktop.Programme1 - Attente de 10000 ms avant le prochain scan...
2026-07-01 09:06:44.352 [Thread-P1] INFO  com.mp3.desktop.Programme1 - Scan du repertoire : D:\ITU\S6\Mr Naina\Mp4\mp3-desktop\chanson
2026-07-01 09:06:44.366 [Thread-P1] INFO  com.mp3.desktop.Programme1 - Attente de 10000 ms avant le prochain scan...
2026-07-01 09:06:54.379 [Thread-P1] INFO  com.mp3.desktop.Programme1 - Scan du repertoire : D:\ITU\S6\Mr Naina\Mp4\mp3-desktop\chanson
2026-07-01 09:06:54.391 [Thread-P1] INFO  com.mp3.desktop.Programme1 - Attente de 10000 ms avant le prochain scan...
2026-07-01 09:07:04.406 [Thread-P1] INFO  com.mp3.desktop.Programme1 - Scan du repertoire : D:\ITU\S6\Mr Naina\Mp4\mp3-desktop\chanson
2026-07-01 09:07:04.413 [Thread-P1] INFO  com.mp3.desktop.Programme1 - Attente de 10000 ms avant le prochain scan...
2026-07-01 09:07:14.415 [Thread-P1] INFO  com.mp3.desktop.Programme1 - Scan du repertoire : D:\ITU\S6\Mr Naina\Mp4\mp3-desktop\chanson
2026-07-01 09:07:14.426 [Thread-P1] INFO  com.mp3.desktop.Programme1 - Attente de 10000 ms avant le prochain scan...
2026-07-01 09:07:24.428 [Thread-P1] INFO  com.mp3.desktop.Programme1 - Scan du repertoire : D:\ITU\S6\Mr Naina\Mp4\mp3-desktop\chanson
2026-07-01 09:07:24.435 [Thread-P1] INFO  com.mp3.desktop.Programme1 - Attente de 10000 ms avant le prochain scan...
2026-07-01 09:07:34.439 [Thread-P1] INFO  com.mp3.desktop.Programme1 - Scan du repertoire : D:\ITU\S6\Mr Naina\Mp4\mp3-desktop\chanson
2026-07-01 09:07:34.449 [Thread-P1] INFO  com.mp3.desktop.Programme1 - Attente de 10000 ms avant le prochain scan...
2026-07-01 09:07:44.453 [Thread-P1] INFO  com.mp3.desktop.Programme1 - Scan du repertoire : D:\ITU\S6\Mr Naina\Mp4\mp3-desktop\chanson
2026-07-01 09:07:44.478 [Thread-P1] INFO  com.mp3.desktop.Programme1 - Attente de 10000 ms avant le prochain scan...
2026-07-01 09:07:54.482 [Thread-P1] INFO  com.mp3.desktop.Programme1 - Scan du repertoire : D:\ITU\S6\Mr Naina\Mp4\mp3-desktop\chanson
2026-07-01 09:07:54.489 [Thread-P1] INFO  com.mp3.desktop.Programme1 - Attente de 10000 ms avant le prochain scan...
2026-07-01 09:08:04.506 [Thread-P1] INFO  com.mp3.desktop.Programme1 - Scan du repertoire : D:\ITU\S6\Mr Naina\Mp4\mp3-desktop\chanson
2026-07-01 09:08:04.515 [Thread-P1] INFO  com.mp3.desktop.Programme1 - Attente de 10000 ms avant le prochain scan...
2026-07-01 09:08:14.517 [Thread-P1] INFO  com.mp3.desktop.Programme1 - Scan du repertoire : D:\ITU\S6\Mr Naina\Mp4\mp3-desktop\chanson
2026-07-01 09:08:14.523 [Thread-P1] INFO  com.mp3.desktop.Programme1 - Attente de 10000 ms avant le prochain scan...
2026-07-01 09:08:24.536 [Thread-P1] INFO  com.mp3.desktop.Programme1 - Scan du repertoire : D:\ITU\S6\Mr Naina\Mp4\mp3-desktop\chanson
2026-07-01 09:08:24.543 [Thread-P1] INFO  com.mp3.desktop.Programme1 - Attente de 10000 ms avant le prochain scan...
2026-07-01 09:08:34.556 [Thread-P1] INFO  com.mp3.desktop.Programme1 - Scan du repertoire : D:\ITU\S6\Mr Naina\Mp4\mp3-desktop\chanson
2026-07-01 09:08:34.572 [Thread-P1] INFO  com.mp3.desktop.Programme1 - Attente de 10000 ms avant le prochain scan...
2026-07-01 09:08:44.583 [Thread-P1] INFO  com.mp3.desktop.Programme1 - Scan du repertoire : D:\ITU\S6\Mr Naina\Mp4\mp3-desktop\chanson
2026-07-01 09:08:44.594 [Thread-P1] INFO  com.mp3.desktop.Programme1 - Attente de 10000 ms avant le prochain scan...
2026-07-01 09:08:54.595 [Thread-P1] INFO  com.mp3.desktop.Programme1 - Scan du repertoire : D:\ITU\S6\Mr Naina\Mp4\mp3-desktop\chanson
2026-07-01 09:08:54.616 [Thread-P1] INFO  com.mp3.desktop.Programme1 - Attente de 10000 ms avant le prochain scan...
2026-07-01 09:09:04.620 [Thread-P1] INFO  com.mp3.desktop.Programme1 - Scan du repertoire : D:\ITU\S6\Mr Naina\Mp4\mp3-desktop\chanson
2026-07-01 09:09:04.627 [Thread-P1] INFO  com.mp3.desktop.Programme1 - Attente de 10000 ms avant le prochain scan...
2026-07-01 09:09:14.634 [Thread-P1] INFO  com.mp3.desktop.Programme1 - Scan du repertoire : D:\ITU\S6\Mr Naina\Mp4\mp3-desktop\chanson
2026-07-01 09:09:14.675 [Thread-P1] INFO  com.mp3.desktop.Programme1 - Attente de 10000 ms avant le prochain scan...
2026-07-01 09:09:24.678 [Thread-P1] INFO  com.mp3.desktop.Programme1 - Scan du repertoire : D:\ITU\S6\Mr Naina\Mp4\mp3-desktop\chanson
2026-07-01 09:09:24.698 [Thread-P1] INFO  com.mp3.desktop.Programme1 - Attente de 10000 ms avant le prochain scan...
2026-07-01 09:09:34.706 [Thread-P1] INFO  com.mp3.desktop.Programme1 - Scan du repertoire : D:\ITU\S6\Mr Naina\Mp4\mp3-desktop\chanson
2026-07-01 09:09:34.719 [Thread-P1] INFO  com.mp3.desktop.Programme1 - Attente de 10000 ms avant le prochain scan...
2026-07-01 09:09:44.732 [Thread-P1] INFO  com.mp3.desktop.Programme1 - Scan du repertoire : D:\ITU\S6\Mr Naina\Mp4\mp3-desktop\chanson
2026-07-01 09:09:44.755 [Thread-P1] INFO  com.mp3.desktop.Programme1 - Attente de 10000 ms avant le prochain scan...
2026-07-01 09:09:54.767 [Thread-P1] INFO  com.mp3.desktop.Programme1 - Scan du repertoire : D:\ITU\S6\Mr Naina\Mp4\mp3-desktop\chanson
2026-07-01 09:09:54.779 [Thread-P1] INFO  com.mp3.desktop.Programme1 - Attente de 10000 ms avant le prochain scan...
2026-07-01 09:10:04.787 [Thread-P1] INFO  com.mp3.desktop.Programme1 - Scan du repertoire : D:\ITU\S6\Mr Naina\Mp4\mp3-desktop\chanson
2026-07-01 09:10:04.813 [Thread-P1] INFO  com.mp3.desktop.Programme1 - Attente de 10000 ms avant le prochain scan...
2026-07-01 09:10:14.816 [Thread-P1] INFO  com.mp3.desktop.Programme1 - Scan du repertoire : D:\ITU\S6\Mr Naina\Mp4\mp3-desktop\chanson
2026-07-01 09:10:14.825 [Thread-P1] INFO  com.mp3.desktop.Programme1 - Attente de 10000 ms avant le prochain scan...
2026-07-01 09:10:24.826 [Thread-P1] INFO  com.mp3.desktop.Programme1 - Scan du repertoire : D:\ITU\S6\Mr Naina\Mp4\mp3-desktop\chanson
2026-07-01 09:10:24.839 [Thread-P1] INFO  com.mp3.desktop.Programme1 - Attente de 10000 ms avant le prochain scan...
2026-07-01 09:10:34.854 [Thread-P1] INFO  com.mp3.desktop.Programme1 - Scan du repertoire : D:\ITU\S6\Mr Naina\Mp4\mp3-desktop\chanson
2026-07-01 09:10:34.877 [Thread-P1] INFO  com.mp3.desktop.Programme1 - Attente de 10000 ms avant le prochain scan...
2026-07-01 09:10:44.881 [Thread-P1] INFO  com.mp3.desktop.Programme1 - Scan du repertoire : D:\ITU\S6\Mr Naina\Mp4\mp3-desktop\chanson
2026-07-01 09:10:44.890 [Thread-P1] INFO  com.mp3.desktop.Programme1 - Attente de 10000 ms avant le prochain scan...
2026-07-01 09:10:54.894 [Thread-P1] INFO  com.mp3.desktop.Programme1 - Scan du repertoire : D:\ITU\S6\Mr Naina\Mp4\mp3-desktop\chanson
2026-07-01 09:10:54.915 [Thread-P1] INFO  com.mp3.desktop.Programme1 - Attente de 10000 ms avant le prochain scan...
2026-07-01 09:11:04.919 [Thread-P1] INFO  com.mp3.desktop.Programme1 - Scan du repertoire : D:\ITU\S6\Mr Naina\Mp4\mp3-desktop\chanson
2026-07-01 09:11:04.936 [Thread-P1] INFO  com.mp3.desktop.Programme1 - Attente de 10000 ms avant le prochain scan...
2026-07-01 09:11:14.940 [Thread-P1] INFO  com.mp3.desktop.Programme1 - Scan du repertoire : D:\ITU\S6\Mr Naina\Mp4\mp3-desktop\chanson
2026-07-01 09:11:14.960 [Thread-P1] INFO  com.mp3.desktop.Programme1 - Attente de 10000 ms avant le prochain scan...
2026-07-01 09:11:24.967 [Thread-P1] INFO  com.mp3.desktop.Programme1 - Scan du repertoire : D:\ITU\S6\Mr Naina\Mp4\mp3-desktop\chanson
2026-07-01 09:11:24.989 [Thread-P1] INFO  com.mp3.desktop.Programme1 - Attente de 10000 ms avant le prochain scan...
2026-07-01 09:11:34.996 [Thread-P1] INFO  com.mp3.desktop.Programme1 - Scan du repertoire : D:\ITU\S6\Mr Naina\Mp4\mp3-desktop\chanson
2026-07-01 09:11:35.028 [Thread-P1] INFO  com.mp3.desktop.Programme1 - Attente de 10000 ms avant le prochain scan...
2026-07-01 09:11:45.031 [Thread-P1] INFO  com.mp3.desktop.Programme1 - Scan du repertoire : D:\ITU\S6\Mr Naina\Mp4\mp3-desktop\chanson
2026-07-01 09:11:45.051 [Thread-P1] INFO  com.mp3.desktop.Programme1 - Attente de 10000 ms avant le prochain scan...
2026-07-01 09:11:55.058 [Thread-P1] INFO  com.mp3.desktop.Programme1 - Scan du repertoire : D:\ITU\S6\Mr Naina\Mp4\mp3-desktop\chanson
2026-07-01 09:11:55.066 [Thread-P1] INFO  com.mp3.desktop.Programme1 - Attente de 10000 ms avant le prochain scan...
2026-07-01 09:12:05.070 [Thread-P1] INFO  com.mp3.desktop.Programme1 - Scan du repertoire : D:\ITU\S6\Mr Naina\Mp4\mp3-desktop\chanson
2026-07-01 09:12:05.087 [Thread-P1] INFO  com.mp3.desktop.Programme1 - Attente de 10000 ms avant le prochain scan...
2026-07-01 09:12:15.097 [Thread-P1] INFO  com.mp3.desktop.Programme1 - Scan du repertoire : D:\ITU\S6\Mr Naina\Mp4\mp3-desktop\chanson
2026-07-01 09:12:15.112 [Thread-P1] INFO  com.mp3.desktop.Programme1 - Attente de 10000 ms avant le prochain scan...
2026-07-01 09:12:25.123 [Thread-P1] INFO  com.mp3.desktop.Programme1 - Scan du repertoire : D:\ITU\S6\Mr Naina\Mp4\mp3-desktop\chanson
2026-07-01 09:12:25.144 [Thread-P1] INFO  com.mp3.desktop.Programme1 - Attente de 10000 ms avant le prochain scan...
2026-07-01 09:12:35.146 [Thread-P1] INFO  com.mp3.desktop.Programme1 - Scan du repertoire : D:\ITU\S6\Mr Naina\Mp4\mp3-desktop\chanson
2026-07-01 09:12:35.159 [Thread-P1] INFO  com.mp3.desktop.Programme1 - Attente de 10000 ms avant le prochain scan...
2026-07-01 09:12:45.172 [Thread-P1] INFO  com.mp3.desktop.Programme1 - Scan du repertoire : D:\ITU\S6\Mr Naina\Mp4\mp3-desktop\chanson
2026-07-01 09:12:45.188 [Thread-P1] INFO  com.mp3.desktop.Programme1 - Attente de 10000 ms avant le prochain scan...
2026-07-01 09:12:55.192 [Thread-P1] INFO  com.mp3.desktop.Programme1 - Scan du repertoire : D:\ITU\S6\Mr Naina\Mp4\mp3-desktop\chanson
2026-07-01 09:12:55.200 [Thread-P1] INFO  com.mp3.desktop.Programme1 - Attente de 10000 ms avant le prochain scan...
2026-07-01 09:13:05.210 [Thread-P1] INFO  com.mp3.desktop.Programme1 - Scan du repertoire : D:\ITU\S6\Mr Naina\Mp4\mp3-desktop\chanson
2026-07-01 09:13:05.227 [Thread-P1] INFO  com.mp3.desktop.Programme1 - Attente de 10000 ms avant le prochain scan...
2026-07-01 09:13:15.229 [Thread-P1] INFO  com.mp3.desktop.Programme1 - Scan du repertoire : D:\ITU\S6\Mr Naina\Mp4\mp3-desktop\chanson
2026-07-01 09:13:15.238 [Thread-P1] INFO  com.mp3.desktop.Programme1 - Attente de 10000 ms avant le prochain scan...
2026-07-01 09:13:25.242 [Thread-P1] INFO  com.mp3.desktop.Programme1 - Scan du repertoire : D:\ITU\S6\Mr Naina\Mp4\mp3-desktop\chanson
2026-07-01 09:13:25.251 [Thread-P1] INFO  com.mp3.desktop.Programme1 - Attente de 10000 ms avant le prochain scan...
2026-07-01 09:13:35.253 [Thread-P1] INFO  com.mp3.desktop.Programme1 - Scan du repertoire : D:\ITU\S6\Mr Naina\Mp4\mp3-desktop\chanson
2026-07-01 09:13:35.266 [Thread-P1] INFO  com.mp3.desktop.Programme1 - Attente de 10000 ms avant le prochain scan...
2026-07-01 09:13:45.279 [Thread-P1] INFO  com.mp3.desktop.Programme1 - Scan du repertoire : D:\ITU\S6\Mr Naina\Mp4\mp3-desktop\chanson
2026-07-01 09:13:45.293 [Thread-P1] INFO  com.mp3.desktop.Programme1 - Attente de 10000 ms avant le prochain scan...
2026-07-01 09:13:55.306 [Thread-P1] INFO  com.mp3.desktop.Programme1 - Scan du repertoire : D:\ITU\S6\Mr Naina\Mp4\mp3-desktop\chanson
2026-07-01 09:13:55.317 [Thread-P1] INFO  com.mp3.desktop.Programme1 - Attente de 10000 ms avant le prochain scan...
2026-07-01 09:14:05.329 [Thread-P1] INFO  com.mp3.desktop.Programme1 - Scan du repertoire : D:\ITU\S6\Mr Naina\Mp4\mp3-desktop\chanson
2026-07-01 09:14:05.338 [Thread-P1] INFO  com.mp3.desktop.Programme1 - Attente de 10000 ms avant le prochain scan...
2026-07-01 09:14:15.339 [Thread-P1] INFO  com.mp3.desktop.Programme1 - Scan du repertoire : D:\ITU\S6\Mr Naina\Mp4\mp3-desktop\chanson
2026-07-01 09:14:15.359 [Thread-P1] INFO  com.mp3.desktop.Programme1 - Attente de 10000 ms avant le prochain scan...
2026-07-01 09:14:25.372 [Thread-P1] INFO  com.mp3.desktop.Programme1 - Scan du repertoire : D:\ITU\S6\Mr Naina\Mp4\mp3-desktop\chanson
2026-07-01 09:14:25.383 [Thread-P1] INFO  com.mp3.desktop.Programme1 - Attente de 10000 ms avant le prochain scan...
2026-07-01 09:14:35.387 [Thread-P1] INFO  com.mp3.desktop.Programme1 - Scan du repertoire : D:\ITU\S6\Mr Naina\Mp4\mp3-desktop\chanson
2026-07-01 09:14:35.399 [Thread-P1] INFO  com.mp3.desktop.Programme1 - Attente de 10000 ms avant le prochain scan...
2026-07-01 09:21:32.129 [Thread-P1] INFO  com.mp3.desktop.Programme1 - === Demarrage du Programme 1 ===
2026-07-01 09:21:32.135 [Thread-P1] INFO  com.mp3.desktop.Programme1 - Scan du repertoire : D:\ITU\S6\Mr Naina\Mp4\mp3-desktop\chanson
2026-07-01 09:21:32.188 [Thread-P1] INFO  com.mp3.desktop.Programme1 - Attente de 10000 ms avant le prochain scan...
2026-07-01 09:21:42.194 [Thread-P1] INFO  com.mp3.desktop.Programme1 - Scan du repertoire : D:\ITU\S6\Mr Naina\Mp4\mp3-desktop\chanson
2026-07-01 09:21:42.203 [Thread-P1] INFO  com.mp3.desktop.Programme1 - Attente de 10000 ms avant le prochain scan...
2026-07-01 09:21:52.215 [Thread-P1] INFO  com.mp3.desktop.Programme1 - Scan du repertoire : D:\ITU\S6\Mr Naina\Mp4\mp3-desktop\chanson
2026-07-01 09:21:52.230 [Thread-P1] INFO  com.mp3.desktop.Programme1 - Attente de 10000 ms avant le prochain scan...
2026-07-01 09:22:02.235 [Thread-P1] INFO  com.mp3.desktop.Programme1 - Scan du repertoire : D:\ITU\S6\Mr Naina\Mp4\mp3-desktop\chanson
2026-07-01 09:22:02.249 [Thread-P1] INFO  com.mp3.desktop.Programme1 - Attente de 10000 ms avant le prochain scan...
2026-07-01 09:22:12.254 [Thread-P1] INFO  com.mp3.desktop.Programme1 - Scan du repertoire : D:\ITU\S6\Mr Naina\Mp4\mp3-desktop\chanson
2026-07-01 09:22:12.277 [Thread-P1] INFO  com.mp3.desktop.Programme1 - Attente de 10000 ms avant le prochain scan...
2026-07-01 09:22:22.288 [Thread-P1] INFO  com.mp3.desktop.Programme1 - Scan du repertoire : D:\ITU\S6\Mr Naina\Mp4\mp3-desktop\chanson
2026-07-01 09:22:22.299 [Thread-P1] INFO  com.mp3.desktop.Programme1 - Attente de 10000 ms avant le prochain scan...
2026-07-01 09:22:32.315 [Thread-P1] INFO  com.mp3.desktop.Programme1 - Scan du repertoire : D:\ITU\S6\Mr Naina\Mp4\mp3-desktop\chanson
2026-07-01 09:22:32.330 [Thread-P1] INFO  com.mp3.desktop.Programme1 - Attente de 10000 ms avant le prochain scan...
2026-07-01 09:22:42.341 [Thread-P1] INFO  com.mp3.desktop.Programme1 - Scan du repertoire : D:\ITU\S6\Mr Naina\Mp4\mp3-desktop\chanson
2026-07-01 09:22:42.349 [Thread-P1] INFO  com.mp3.desktop.Programme1 - Attente de 10000 ms avant le prochain scan...
2026-07-01 09:22:52.353 [Thread-P1] INFO  com.mp3.desktop.Programme1 - Scan du repertoire : D:\ITU\S6\Mr Naina\Mp4\mp3-desktop\chanson
2026-07-01 09:22:52.361 [Thread-P1] INFO  com.mp3.desktop.Programme1 - Attente de 10000 ms avant le prochain scan...
2026-07-01 09:23:02.366 [Thread-P1] INFO  com.mp3.desktop.Programme1 - Scan du repertoire : D:\ITU\S6\Mr Naina\Mp4\mp3-desktop\chanson
2026-07-01 09:23:02.375 [Thread-P1] INFO  com.mp3.desktop.Programme1 - Attente de 10000 ms avant le prochain scan...
2026-07-01 09:23:12.391 [Thread-P1] INFO  com.mp3.desktop.Programme1 - Scan du repertoire : D:\ITU\S6\Mr Naina\Mp4\mp3-desktop\chanson
2026-07-01 09:23:12.403 [Thread-P1] INFO  com.mp3.desktop.Programme1 - Attente de 10000 ms avant le prochain scan...
2026-07-01 09:23:22.415 [Thread-P1] INFO  com.mp3.desktop.Programme1 - Scan du repertoire : D:\ITU\S6\Mr Naina\Mp4\mp3-desktop\chanson
2026-07-01 09:23:22.431 [Thread-P1] INFO  com.mp3.desktop.Programme1 - Attente de 10000 ms avant le prochain scan...
2026-07-01 09:23:32.447 [Thread-P1] INFO  com.mp3.desktop.Programme1 - Scan du repertoire : D:\ITU\S6\Mr Naina\Mp4\mp3-desktop\chanson
2026-07-01 09:23:32.463 [Thread-P1] INFO  com.mp3.desktop.Programme1 - Attente de 10000 ms avant le prochain scan...
2026-07-01 09:23:42.469 [Thread-P1] INFO  com.mp3.desktop.Programme1 - Scan du repertoire : D:\ITU\S6\Mr Naina\Mp4\mp3-desktop\chanson
2026-07-01 09:23:42.489 [Thread-P1] INFO  com.mp3.desktop.Programme1 - Attente de 10000 ms avant le prochain scan...
2026-07-01 09:23:52.503 [Thread-P1] INFO  com.mp3.desktop.Programme1 - Scan du repertoire : D:\ITU\S6\Mr Naina\Mp4\mp3-desktop\chanson
2026-07-01 09:23:52.519 [Thread-P1] INFO  com.mp3.desktop.Programme1 - Attente de 10000 ms avant le prochain scan...
2026-07-01 09:24:02.527 [Thread-P1] INFO  com.mp3.desktop.Programme1 - Scan du repertoire : D:\ITU\S6\Mr Naina\Mp4\mp3-desktop\chanson
2026-07-01 09:24:02.549 [Thread-P1] INFO  com.mp3.desktop.Programme1 - Attente de 10000 ms avant le prochain scan...
2026-07-01 09:24:12.555 [Thread-P1] INFO  com.mp3.desktop.Programme1 - Scan du repertoire : D:\ITU\S6\Mr Naina\Mp4\mp3-desktop\chanson
2026-07-01 09:24:12.573 [Thread-P1] INFO  com.mp3.desktop.Programme1 - Attente de 10000 ms avant le prochain scan...
2026-07-01 09:24:22.587 [Thread-P1] INFO  com.mp3.desktop.Programme1 - Scan du repertoire : D:\ITU\S6\Mr Naina\Mp4\mp3-desktop\chanson
2026-07-01 09:24:22.595 [Thread-P1] INFO  com.mp3.desktop.Programme1 - Attente de 10000 ms avant le prochain scan...
2026-07-01 09:24:32.598 [Thread-P1] INFO  com.mp3.desktop.Programme1 - Scan du repertoire : D:\ITU\S6\Mr Naina\Mp4\mp3-desktop\chanson
2026-07-01 09:24:32.607 [Thread-P1] INFO  com.mp3.desktop.Programme1 - Attente de 10000 ms avant le prochain scan...
2026-07-01 09:24:42.612 [Thread-P1] INFO  com.mp3.desktop.Programme1 - Scan du repertoire : D:\ITU\S6\Mr Naina\Mp4\mp3-desktop\chanson
2026-07-01 09:24:42.621 [Thread-P1] INFO  com.mp3.desktop.Programme1 - Attente de 10000 ms avant le prochain scan...
2026-07-01 09:24:52.623 [Thread-P1] INFO  com.mp3.desktop.Programme1 - Scan du repertoire : D:\ITU\S6\Mr Naina\Mp4\mp3-desktop\chanson
2026-07-01 09:24:52.640 [Thread-P1] INFO  com.mp3.desktop.Programme1 - Attente de 10000 ms avant le prochain scan...
2026-07-01 09:25:02.648 [Thread-P1] INFO  com.mp3.desktop.Programme1 - Scan du repertoire : D:\ITU\S6\Mr Naina\Mp4\mp3-desktop\chanson
2026-07-01 09:25:02.667 [Thread-P1] INFO  com.mp3.desktop.Programme1 - Attente de 10000 ms avant le prochain scan...
2026-07-01 09:25:12.685 [Thread-P1] INFO  com.mp3.desktop.Programme1 - Scan du repertoire : D:\ITU\S6\Mr Naina\Mp4\mp3-desktop\chanson
2026-07-01 09:25:12.693 [Thread-P1] INFO  com.mp3.desktop.Programme1 - Attente de 10000 ms avant le prochain scan...
2026-07-01 09:25:22.704 [Thread-P1] INFO  com.mp3.desktop.Programme1 - Scan du repertoire : D:\ITU\S6\Mr Naina\Mp4\mp3-desktop\chanson
2026-07-01 09:25:22.712 [Thread-P1] INFO  com.mp3.desktop.Programme1 - Attente de 10000 ms avant le prochain scan...
2026-07-01 09:25:32.713 [Thread-P1] INFO  com.mp3.desktop.Programme1 - Scan du repertoire : D:\ITU\S6\Mr Naina\Mp4\mp3-desktop\chanson
2026-07-01 09:25:32.737 [Thread-P1] INFO  com.mp3.desktop.Programme1 - Attente de 10000 ms avant le prochain scan...
2026-07-01 09:25:42.750 [Thread-P1] INFO  com.mp3.desktop.Programme1 - Scan du repertoire : D:\ITU\S6\Mr Naina\Mp4\mp3-desktop\chanson
2026-07-01 09:25:42.754 [Thread-P1] INFO  com.mp3.desktop.Programme1 - Attente de 10000 ms avant le prochain scan...
2026-07-01 09:25:52.762 [Thread-P1] INFO  com.mp3.desktop.Programme1 - Scan du repertoire : D:\ITU\S6\Mr Naina\Mp4\mp3-desktop\chanson
2026-07-01 09:25:52.779 [Thread-P1] INFO  com.mp3.desktop.Programme1 - Attente de 10000 ms avant le prochain scan...
2026-07-01 09:26:02.787 [Thread-P1] INFO  com.mp3.desktop.Programme1 - Scan du repertoire : D:\ITU\S6\Mr Naina\Mp4\mp3-desktop\chanson
2026-07-01 09:26:02.797 [Thread-P1] INFO  com.mp3.desktop.Programme1 - Attente de 10000 ms avant le prochain scan...
2026-07-01 09:26:12.808 [Thread-P1] INFO  com.mp3.desktop.Programme1 - Scan du repertoire : D:\ITU\S6\Mr Naina\Mp4\mp3-desktop\chanson
2026-07-01 09:26:12.828 [Thread-P1] INFO  com.mp3.desktop.Programme1 - Attente de 10000 ms avant le prochain scan...
2026-07-01 09:26:22.840 [Thread-P1] INFO  com.mp3.desktop.Programme1 - Scan du repertoire : D:\ITU\S6\Mr Naina\Mp4\mp3-desktop\chanson
2026-07-01 09:26:22.863 [Thread-P1] INFO  com.mp3.desktop.Programme1 - Attente de 10000 ms avant le prochain scan...
2026-07-01 09:26:32.868 [Thread-P1] INFO  com.mp3.desktop.Programme1 - Scan du repertoire : D:\ITU\S6\Mr Naina\Mp4\mp3-desktop\chanson
2026-07-01 09:26:32.878 [Thread-P1] INFO  com.mp3.desktop.Programme1 - Attente de 10000 ms avant le prochain scan...
2026-07-01 09:26:42.886 [Thread-P1] INFO  com.mp3.desktop.Programme1 - Scan du repertoire : D:\ITU\S6\Mr Naina\Mp4\mp3-desktop\chanson
2026-07-01 09:26:42.897 [Thread-P1] INFO  com.mp3.desktop.Programme1 - Attente de 10000 ms avant le prochain scan...
2026-07-01 09:26:52.908 [Thread-P1] INFO  com.mp3.desktop.Programme1 - Scan du repertoire : D:\ITU\S6\Mr Naina\Mp4\mp3-desktop\chanson
2026-07-01 09:26:52.916 [Thread-P1] INFO  com.mp3.desktop.Programme1 - Attente de 10000 ms avant le prochain scan...
2026-07-01 09:27:02.930 [Thread-P1] INFO  com.mp3.desktop.Programme1 - Scan du repertoire : D:\ITU\S6\Mr Naina\Mp4\mp3-desktop\chanson
2026-07-01 09:27:02.941 [Thread-P1] INFO  com.mp3.desktop.Programme1 - Attente de 10000 ms avant le prochain scan...
2026-07-01 09:27:12.952 [Thread-P1] INFO  com.mp3.desktop.Programme1 - Scan du repertoire : D:\ITU\S6\Mr Naina\Mp4\mp3-desktop\chanson
2026-07-01 09:27:12.959 [Thread-P1] INFO  com.mp3.desktop.Programme1 - Attente de 10000 ms avant le prochain scan...
2026-07-01 09:27:22.975 [Thread-P1] INFO  com.mp3.desktop.Programme1 - Scan du repertoire : D:\ITU\S6\Mr Naina\Mp4\mp3-desktop\chanson
2026-07-01 09:27:22.987 [Thread-P1] INFO  com.mp3.desktop.Programme1 - Attente de 10000 ms avant le prochain scan...
2026-07-01 09:27:32.989 [Thread-P1] INFO  com.mp3.desktop.Programme1 - Scan du repertoire : D:\ITU\S6\Mr Naina\Mp4\mp3-desktop\chanson
2026-07-01 09:27:33.007 [Thread-P1] INFO  com.mp3.desktop.Programme1 - Attente de 10000 ms avant le prochain scan...
2026-07-01 09:27:43.021 [Thread-P1] INFO  com.mp3.desktop.Programme1 - Scan du repertoire : D:\ITU\S6\Mr Naina\Mp4\mp3-desktop\chanson
2026-07-01 09:27:43.034 [Thread-P1] INFO  com.mp3.desktop.Programme1 - Attente de 10000 ms avant le prochain scan...
2026-07-01 09:27:53.037 [Thread-P1] INFO  com.mp3.desktop.Programme1 - Scan du repertoire : D:\ITU\S6\Mr Naina\Mp4\mp3-desktop\chanson
2026-07-01 09:27:53.055 [Thread-P1] INFO  com.mp3.desktop.Programme1 - Attente de 10000 ms avant le prochain scan...
2026-07-01 09:28:03.067 [Thread-P1] INFO  com.mp3.desktop.Programme1 - Scan du repertoire : D:\ITU\S6\Mr Naina\Mp4\mp3-desktop\chanson
2026-07-01 09:28:03.079 [Thread-P1] INFO  com.mp3.desktop.Programme1 - Attente de 10000 ms avant le prochain scan...
2026-07-01 09:28:13.092 [Thread-P1] INFO  com.mp3.desktop.Programme1 - Scan du repertoire : D:\ITU\S6\Mr Naina\Mp4\mp3-desktop\chanson
2026-07-01 09:28:13.102 [Thread-P1] INFO  com.mp3.desktop.Programme1 - Attente de 10000 ms avant le prochain scan...
2026-07-01 09:28:23.115 [Thread-P1] INFO  com.mp3.desktop.Programme1 - Scan du repertoire : D:\ITU\S6\Mr Naina\Mp4\mp3-desktop\chanson
2026-07-01 09:28:23.125 [Thread-P1] INFO  com.mp3.desktop.Programme1 - Attente de 10000 ms avant le prochain scan...
2026-07-01 09:28:33.132 [Thread-P1] INFO  com.mp3.desktop.Programme1 - Scan du repertoire : D:\ITU\S6\Mr Naina\Mp4\mp3-desktop\chanson
2026-07-01 09:28:33.149 [Thread-P1] INFO  com.mp3.desktop.Programme1 - Attente de 10000 ms avant le prochain scan...
2026-07-01 09:28:43.157 [Thread-P1] INFO  com.mp3.desktop.Programme1 - Scan du repertoire : D:\ITU\S6\Mr Naina\Mp4\mp3-desktop\chanson
2026-07-01 09:28:43.163 [Thread-P1] INFO  com.mp3.desktop.Programme1 - Attente de 10000 ms avant le prochain scan...
2026-07-01 09:28:53.179 [Thread-P1] INFO  com.mp3.desktop.Programme1 - Scan du repertoire : D:\ITU\S6\Mr Naina\Mp4\mp3-desktop\chanson
2026-07-01 09:28:53.185 [Thread-P1] INFO  com.mp3.desktop.Programme1 - Attente de 10000 ms avant le prochain scan...
2026-07-01 09:29:03.202 [Thread-P1] INFO  com.mp3.desktop.Programme1 - Scan du repertoire : D:\ITU\S6\Mr Naina\Mp4\mp3-desktop\chanson
2026-07-01 09:29:03.205 [Thread-P1] INFO  com.mp3.desktop.Programme1 - Attente de 10000 ms avant le prochain scan...
2026-07-01 09:29:13.213 [Thread-P1] INFO  com.mp3.desktop.Programme1 - Scan du repertoire : D:\ITU\S6\Mr Naina\Mp4\mp3-desktop\chanson
2026-07-01 09:29:13.231 [Thread-P1] INFO  com.mp3.desktop.Programme1 - Attente de 10000 ms avant le prochain scan...
2026-07-01 09:29:23.248 [Thread-P1] INFO  com.mp3.desktop.Programme1 - Scan du repertoire : D:\ITU\S6\Mr Naina\Mp4\mp3-desktop\chanson
2026-07-01 09:29:23.258 [Thread-P1] INFO  com.mp3.desktop.Programme1 - Attente de 10000 ms avant le prochain scan...
2026-07-01 09:29:33.264 [Thread-P1] INFO  com.mp3.desktop.Programme1 - Scan du repertoire : D:\ITU\S6\Mr Naina\Mp4\mp3-desktop\chanson
2026-07-01 09:29:33.275 [Thread-P1] INFO  com.mp3.desktop.Programme1 - Attente de 10000 ms avant le prochain scan...
2026-07-01 09:29:43.288 [Thread-P1] INFO  com.mp3.desktop.Programme1 - Scan du repertoire : D:\ITU\S6\Mr Naina\Mp4\mp3-desktop\chanson
2026-07-01 09:29:43.316 [Thread-P1] INFO  com.mp3.desktop.Programme1 - -> Message envoye a RabbitMQ [queue_liste_mp3] : D:\ITU\S6\Mr Naina\Mp4\mp3-desktop\chanson\IAO.MP3
2026-07-01 09:29:43.324 [Thread-P1] INFO  com.mp3.desktop.Programme1 - Attente de 10000 ms avant le prochain scan...
2026-07-01 09:29:53.325 [Thread-P1] INFO  com.mp3.desktop.Programme1 - Scan du repertoire : D:\ITU\S6\Mr Naina\Mp4\mp3-desktop\chanson
2026-07-01 09:29:53.336 [Thread-P1] INFO  com.mp3.desktop.Programme1 - Attente de 10000 ms avant le prochain scan...
2026-07-01 09:30:03.350 [Thread-P1] INFO  com.mp3.desktop.Programme1 - Scan du repertoire : D:\ITU\S6\Mr Naina\Mp4\mp3-desktop\chanson
2026-07-01 09:30:03.373 [Thread-P1] INFO  com.mp3.desktop.Programme1 - Attente de 10000 ms avant le prochain scan...
2026-07-01 09:30:13.375 [Thread-P1] INFO  com.mp3.desktop.Programme1 - Scan du repertoire : D:\ITU\S6\Mr Naina\Mp4\mp3-desktop\chanson
2026-07-01 09:30:13.379 [Thread-P1] INFO  com.mp3.desktop.Programme1 - Attente de 10000 ms avant le prochain scan...
2026-07-01 09:30:23.383 [Thread-P1] INFO  com.mp3.desktop.Programme1 - Scan du repertoire : D:\ITU\S6\Mr Naina\Mp4\mp3-desktop\chanson
2026-07-01 09:30:23.392 [Thread-P1] INFO  com.mp3.desktop.Programme1 - Attente de 10000 ms avant le prochain scan...
2026-07-01 09:30:33.396 [Thread-P1] INFO  com.mp3.desktop.Programme1 - Scan du repertoire : D:\ITU\S6\Mr Naina\Mp4\mp3-desktop\chanson
2026-07-01 09:30:33.406 [Thread-P1] INFO  com.mp3.desktop.Programme1 - Attente de 10000 ms avant le prochain scan...
2026-07-01 09:30:43.419 [Thread-P1] INFO  com.mp3.desktop.Programme1 - Scan du repertoire : D:\ITU\S6\Mr Naina\Mp4\mp3-desktop\chanson
2026-07-01 09:30:43.432 [Thread-P1] INFO  com.mp3.desktop.Programme1 - Attente de 10000 ms avant le prochain scan...
2026-07-01 09:30:53.437 [Thread-P1] INFO  com.mp3.desktop.Programme1 - Scan du repertoire : D:\ITU\S6\Mr Naina\Mp4\mp3-desktop\chanson
2026-07-01 09:30:53.454 [Thread-P1] INFO  com.mp3.desktop.Programme1 - Attente de 10000 ms avant le prochain scan...
2026-07-01 09:31:03.458 [Thread-P1] INFO  com.mp3.desktop.Programme1 - Scan du repertoire : D:\ITU\S6\Mr Naina\Mp4\mp3-desktop\chanson
2026-07-01 09:31:03.473 [Thread-P1] INFO  com.mp3.desktop.Programme1 - Attente de 10000 ms avant le prochain scan...
2026-07-01 09:31:13.487 [Thread-P1] INFO  com.mp3.desktop.Programme1 - Scan du repertoire : D:\ITU\S6\Mr Naina\Mp4\mp3-desktop\chanson
2026-07-01 09:31:13.495 [Thread-P1] INFO  com.mp3.desktop.Programme1 - Attente de 10000 ms avant le prochain scan...
2026-07-01 09:31:22.150 [Thread-P1] WARN  com.mp3.desktop.Programme1 - Programme 1 interrompu
2026-07-01 09:31:32.463 [Thread-P1] INFO  com.mp3.desktop.Programme1 - === Demarrage du Programme 1 ===
2026-07-01 09:31:32.463 [Thread-P1] INFO  com.mp3.desktop.Programme1 - Scan du repertoire : D:\ITU\S6\Mr Naina\Mp4\mp3-desktop\chanson
2026-07-01 09:31:32.492 [Thread-P1] INFO  com.mp3.desktop.Programme1 - Attente de 10000 ms avant le prochain scan...
2026-07-01 09:31:42.502 [Thread-P1] INFO  com.mp3.desktop.Programme1 - Scan du repertoire : D:\ITU\S6\Mr Naina\Mp4\mp3-desktop\chanson
2026-07-01 09:31:42.519 [Thread-P1] INFO  com.mp3.desktop.Programme1 - Attente de 10000 ms avant le prochain scan...
2026-07-01 09:31:52.521 [Thread-P1] INFO  com.mp3.desktop.Programme1 - Scan du repertoire : D:\ITU\S6\Mr Naina\Mp4\mp3-desktop\chanson
2026-07-01 09:31:52.541 [Thread-P1] INFO  com.mp3.desktop.Programme1 - -> Message envoye a RabbitMQ [queue_liste_mp3] : D:\ITU\S6\Mr Naina\Mp4\mp3-desktop\chanson\IAO.MP3
2026-07-01 09:31:52.543 [Thread-P1] INFO  com.mp3.desktop.Programme1 - Attente de 10000 ms avant le prochain scan...
2026-07-01 09:32:02.545 [Thread-P1] INFO  com.mp3.desktop.Programme1 - Scan du repertoire : D:\ITU\S6\Mr Naina\Mp4\mp3-desktop\chanson
2026-07-01 09:32:02.552 [Thread-P1] INFO  com.mp3.desktop.Programme1 - -> Message envoye a RabbitMQ [queue_liste_mp3] : D:\ITU\S6\Mr Naina\Mp4\mp3-desktop\chanson\IAO.MP3
2026-07-01 09:32:02.556 [Thread-P1] INFO  com.mp3.desktop.Programme1 - Attente de 10000 ms avant le prochain scan...
2026-07-01 09:32:12.568 [Thread-P1] INFO  com.mp3.desktop.Programme1 - Scan du repertoire : D:\ITU\S6\Mr Naina\Mp4\mp3-desktop\chanson
2026-07-01 09:32:12.579 [Thread-P1] INFO  com.mp3.desktop.Programme1 - -> Message envoye a RabbitMQ [queue_liste_mp3] : D:\ITU\S6\Mr Naina\Mp4\mp3-desktop\chanson\IAO.MP3
2026-07-01 09:32:12.586 [Thread-P1] INFO  com.mp3.desktop.Programme1 - Attente de 10000 ms avant le prochain scan...
2026-07-01 09:32:22.599 [Thread-P1] INFO  com.mp3.desktop.Programme1 - Scan du repertoire : D:\ITU\S6\Mr Naina\Mp4\mp3-desktop\chanson
2026-07-01 09:32:22.604 [Thread-P1] INFO  com.mp3.desktop.Programme1 - -> Message envoye a RabbitMQ [queue_liste_mp3] : D:\ITU\S6\Mr Naina\Mp4\mp3-desktop\chanson\IAO.MP3
2026-07-01 09:32:22.611 [Thread-P1] INFO  com.mp3.desktop.Programme1 - Attente de 10000 ms avant le prochain scan...
2026-07-01 09:32:32.626 [Thread-P1] INFO  com.mp3.desktop.Programme1 - Scan du repertoire : D:\ITU\S6\Mr Naina\Mp4\mp3-desktop\chanson
2026-07-01 09:32:32.630 [Thread-P1] INFO  com.mp3.desktop.Programme1 - -> Message envoye a RabbitMQ [queue_liste_mp3] : D:\ITU\S6\Mr Naina\Mp4\mp3-desktop\chanson\IAO.MP3
2026-07-01 09:32:32.635 [Thread-P1] INFO  com.mp3.desktop.Programme1 - Attente de 10000 ms avant le prochain scan...
2026-07-01 09:32:42.651 [Thread-P1] INFO  com.mp3.desktop.Programme1 - Scan du repertoire : D:\ITU\S6\Mr Naina\Mp4\mp3-desktop\chanson
2026-07-01 09:32:42.663 [Thread-P1] INFO  com.mp3.desktop.Programme1 - -> Message envoye a RabbitMQ [queue_liste_mp3] : D:\ITU\S6\Mr Naina\Mp4\mp3-desktop\chanson\IAO.MP3
2026-07-01 09:32:42.670 [Thread-P1] INFO  com.mp3.desktop.Programme1 - Attente de 10000 ms avant le prochain scan...
2026-07-01 09:32:52.683 [Thread-P1] INFO  com.mp3.desktop.Programme1 - Scan du repertoire : D:\ITU\S6\Mr Naina\Mp4\mp3-desktop\chanson
2026-07-01 09:32:52.695 [Thread-P1] INFO  com.mp3.desktop.Programme1 - -> Message envoye a RabbitMQ [queue_liste_mp3] : D:\ITU\S6\Mr Naina\Mp4\mp3-desktop\chanson\IAO.MP3
2026-07-01 09:32:52.699 [Thread-P1] INFO  com.mp3.desktop.Programme1 - Attente de 10000 ms avant le prochain scan...
2026-07-01 09:33:02.707 [Thread-P1] INFO  com.mp3.desktop.Programme1 - Scan du repertoire : D:\ITU\S6\Mr Naina\Mp4\mp3-desktop\chanson
2026-07-01 09:33:02.713 [Thread-P1] INFO  com.mp3.desktop.Programme1 - -> Message envoye a RabbitMQ [queue_liste_mp3] : D:\ITU\S6\Mr Naina\Mp4\mp3-desktop\chanson\IAO.MP3
2026-07-01 09:33:02.717 [Thread-P1] INFO  com.mp3.desktop.Programme1 - Attente de 10000 ms avant le prochain scan...
2026-07-01 09:33:12.733 [Thread-P1] INFO  com.mp3.desktop.Programme1 - Scan du repertoire : D:\ITU\S6\Mr Naina\Mp4\mp3-desktop\chanson
2026-07-01 09:33:12.747 [Thread-P1] INFO  com.mp3.desktop.Programme1 - -> Message envoye a RabbitMQ [queue_liste_mp3] : D:\ITU\S6\Mr Naina\Mp4\mp3-desktop\chanson\IAO.MP3
2026-07-01 09:33:12.750 [Thread-P1] INFO  com.mp3.desktop.Programme1 - Attente de 10000 ms avant le prochain scan...
2026-07-01 09:33:22.764 [Thread-P1] INFO  com.mp3.desktop.Programme1 - Scan du repertoire : D:\ITU\S6\Mr Naina\Mp4\mp3-desktop\chanson
2026-07-01 09:33:22.768 [Thread-P1] INFO  com.mp3.desktop.Programme1 - -> Message envoye a RabbitMQ [queue_liste_mp3] : D:\ITU\S6\Mr Naina\Mp4\mp3-desktop\chanson\IAO.MP3
2026-07-01 09:33:22.775 [Thread-P1] INFO  com.mp3.desktop.Programme1 - Attente de 10000 ms avant le prochain scan...
2026-07-01 09:33:32.781 [Thread-P1] INFO  com.mp3.desktop.Programme1 - Scan du repertoire : D:\ITU\S6\Mr Naina\Mp4\mp3-desktop\chanson
2026-07-01 09:33:32.807 [Thread-P1] INFO  com.mp3.desktop.Programme1 - -> Message envoye a RabbitMQ [queue_liste_mp3] : D:\ITU\S6\Mr Naina\Mp4\mp3-desktop\chanson\IAO.MP3
2026-07-01 09:33:32.821 [Thread-P1] INFO  com.mp3.desktop.Programme1 - Attente de 10000 ms avant le prochain scan...
2026-07-01 09:33:42.827 [Thread-P1] INFO  com.mp3.desktop.Programme1 - Scan du repertoire : D:\ITU\S6\Mr Naina\Mp4\mp3-desktop\chanson
2026-07-01 09:33:42.829 [Thread-P1] INFO  com.mp3.desktop.Programme1 - -> Message envoye a RabbitMQ [queue_liste_mp3] : D:\ITU\S6\Mr Naina\Mp4\mp3-desktop\chanson\IAO.MP3
2026-07-01 09:33:42.835 [Thread-P1] INFO  com.mp3.desktop.Programme1 - Attente de 10000 ms avant le prochain scan...
2026-07-01 09:33:52.841 [Thread-P1] INFO  com.mp3.desktop.Programme1 - Scan du repertoire : D:\ITU\S6\Mr Naina\Mp4\mp3-desktop\chanson
2026-07-01 09:33:52.857 [Thread-P1] INFO  com.mp3.desktop.Programme1 - -> Message envoye a RabbitMQ [queue_liste_mp3] : D:\ITU\S6\Mr Naina\Mp4\mp3-desktop\chanson\IAO.MP3
2026-07-01 09:33:52.866 [Thread-P1] INFO  com.mp3.desktop.Programme1 - Attente de 10000 ms avant le prochain scan...
2026-07-01 09:34:02.872 [Thread-P1] INFO  com.mp3.desktop.Programme1 - Scan du repertoire : D:\ITU\S6\Mr Naina\Mp4\mp3-desktop\chanson
2026-07-01 09:34:02.879 [Thread-P1] INFO  com.mp3.desktop.Programme1 - -> Message envoye a RabbitMQ [queue_liste_mp3] : D:\ITU\S6\Mr Naina\Mp4\mp3-desktop\chanson\IAO.MP3
2026-07-01 09:34:02.889 [Thread-P1] INFO  com.mp3.desktop.Programme1 - Attente de 10000 ms avant le prochain scan...
2026-07-01 09:34:12.907 [Thread-P1] INFO  com.mp3.desktop.Programme1 - Scan du repertoire : D:\ITU\S6\Mr Naina\Mp4\mp3-desktop\chanson
2026-07-01 09:34:12.925 [Thread-P1] INFO  com.mp3.desktop.Programme1 - -> Message envoye a RabbitMQ [queue_liste_mp3] : D:\ITU\S6\Mr Naina\Mp4\mp3-desktop\chanson\IAO.MP3
2026-07-01 09:34:12.929 [Thread-P1] INFO  com.mp3.desktop.Programme1 - Attente de 10000 ms avant le prochain scan...
2026-07-01 09:34:22.936 [Thread-P1] INFO  com.mp3.desktop.Programme1 - Scan du repertoire : D:\ITU\S6\Mr Naina\Mp4\mp3-desktop\chanson
2026-07-01 09:34:22.956 [Thread-P1] INFO  com.mp3.desktop.Programme1 - -> Message envoye a RabbitMQ [queue_liste_mp3] : D:\ITU\S6\Mr Naina\Mp4\mp3-desktop\chanson\IAO.MP3
2026-07-01 09:34:22.963 [Thread-P1] INFO  com.mp3.desktop.Programme1 - Attente de 10000 ms avant le prochain scan...
2026-07-01 09:34:32.978 [Thread-P1] INFO  com.mp3.desktop.Programme1 - Scan du repertoire : D:\ITU\S6\Mr Naina\Mp4\mp3-desktop\chanson
2026-07-01 09:34:33.000 [Thread-P1] INFO  com.mp3.desktop.Programme1 - -> Message envoye a RabbitMQ [queue_liste_mp3] : D:\ITU\S6\Mr Naina\Mp4\mp3-desktop\chanson\IAO.MP3
2026-07-01 09:34:33.009 [Thread-P1] INFO  com.mp3.desktop.Programme1 - Attente de 10000 ms avant le prochain scan...
2026-07-01 09:34:43.019 [Thread-P1] INFO  com.mp3.desktop.Programme1 - Scan du repertoire : D:\ITU\S6\Mr Naina\Mp4\mp3-desktop\chanson
2026-07-01 09:34:43.032 [Thread-P1] INFO  com.mp3.desktop.Programme1 - -> Message envoye a RabbitMQ [queue_liste_mp3] : D:\ITU\S6\Mr Naina\Mp4\mp3-desktop\chanson\IAO.MP3
2026-07-01 09:34:43.043 [Thread-P1] INFO  com.mp3.desktop.Programme1 - Attente de 10000 ms avant le prochain scan...
2026-07-01 09:34:53.048 [Thread-P1] INFO  com.mp3.desktop.Programme1 - Scan du repertoire : D:\ITU\S6\Mr Naina\Mp4\mp3-desktop\chanson
2026-07-01 09:34:53.055 [Thread-P1] INFO  com.mp3.desktop.Programme1 - -> Message envoye a RabbitMQ [queue_liste_mp3] : D:\ITU\S6\Mr Naina\Mp4\mp3-desktop\chanson\IAO.MP3
2026-07-01 09:34:53.062 [Thread-P1] INFO  com.mp3.desktop.Programme1 - Attente de 10000 ms avant le prochain scan...
2026-07-01 09:35:03.073 [Thread-P1] INFO  com.mp3.desktop.Programme1 - Scan du repertoire : D:\ITU\S6\Mr Naina\Mp4\mp3-desktop\chanson
2026-07-01 09:35:03.081 [Thread-P1] INFO  com.mp3.desktop.Programme1 - -> Message envoye a RabbitMQ [queue_liste_mp3] : D:\ITU\S6\Mr Naina\Mp4\mp3-desktop\chanson\IAO.MP3
2026-07-01 09:35:03.084 [Thread-P1] INFO  com.mp3.desktop.Programme1 - Attente de 10000 ms avant le prochain scan...
2026-07-01 09:35:13.085 [Thread-P1] INFO  com.mp3.desktop.Programme1 - Scan du repertoire : D:\ITU\S6\Mr Naina\Mp4\mp3-desktop\chanson
2026-07-01 09:35:13.093 [Thread-P1] INFO  com.mp3.desktop.Programme1 - -> Message envoye a RabbitMQ [queue_liste_mp3] : D:\ITU\S6\Mr Naina\Mp4\mp3-desktop\chanson\IAO.MP3
2026-07-01 09:35:13.096 [Thread-P1] INFO  com.mp3.desktop.Programme1 - Attente de 10000 ms avant le prochain scan...
2026-07-01 09:35:23.104 [Thread-P1] INFO  com.mp3.desktop.Programme1 - Scan du repertoire : D:\ITU\S6\Mr Naina\Mp4\mp3-desktop\chanson
2026-07-01 09:35:23.112 [Thread-P1] INFO  com.mp3.desktop.Programme1 - -> Message envoye a RabbitMQ [queue_liste_mp3] : D:\ITU\S6\Mr Naina\Mp4\mp3-desktop\chanson\IAO.MP3
2026-07-01 09:35:23.117 [Thread-P1] INFO  com.mp3.desktop.Programme1 - Attente de 10000 ms avant le prochain scan...
2026-07-01 09:35:33.125 [Thread-P1] INFO  com.mp3.desktop.Programme1 - Scan du repertoire : D:\ITU\S6\Mr Naina\Mp4\mp3-desktop\chanson
2026-07-01 09:35:33.141 [Thread-P1] INFO  com.mp3.desktop.Programme1 - -> Message envoye a RabbitMQ [queue_liste_mp3] : D:\ITU\S6\Mr Naina\Mp4\mp3-desktop\chanson\IAO.MP3
2026-07-01 09:35:33.149 [Thread-P1] INFO  com.mp3.desktop.Programme1 - Attente de 10000 ms avant le prochain scan...
2026-07-01 09:35:43.153 [Thread-P1] INFO  com.mp3.desktop.Programme1 - Scan du repertoire : D:\ITU\S6\Mr Naina\Mp4\mp3-desktop\chanson
2026-07-01 09:35:43.173 [Thread-P1] INFO  com.mp3.desktop.Programme1 - -> Message envoye a RabbitMQ [queue_liste_mp3] : D:\ITU\S6\Mr Naina\Mp4\mp3-desktop\chanson\IAO.MP3
2026-07-01 09:35:43.179 [Thread-P1] INFO  com.mp3.desktop.Programme1 - Attente de 10000 ms avant le prochain scan...
2026-07-01 09:35:53.181 [Thread-P1] INFO  com.mp3.desktop.Programme1 - Scan du repertoire : D:\ITU\S6\Mr Naina\Mp4\mp3-desktop\chanson
2026-07-01 09:35:53.195 [Thread-P1] INFO  com.mp3.desktop.Programme1 - -> Message envoye a RabbitMQ [queue_liste_mp3] : D:\ITU\S6\Mr Naina\Mp4\mp3-desktop\chanson\IAO.MP3
2026-07-01 09:35:53.202 [Thread-P1] INFO  com.mp3.desktop.Programme1 - Attente de 10000 ms avant le prochain scan...
2026-07-01 09:36:03.207 [Thread-P1] INFO  com.mp3.desktop.Programme1 - Scan du repertoire : D:\ITU\S6\Mr Naina\Mp4\mp3-desktop\chanson
2026-07-01 09:36:03.225 [Thread-P1] INFO  com.mp3.desktop.Programme1 - -> Message envoye a RabbitMQ [queue_liste_mp3] : D:\ITU\S6\Mr Naina\Mp4\mp3-desktop\chanson\IAO.MP3
2026-07-01 09:36:03.231 [Thread-P1] INFO  com.mp3.desktop.Programme1 - Attente de 10000 ms avant le prochain scan...
2026-07-01 09:36:13.235 [Thread-P1] INFO  com.mp3.desktop.Programme1 - Scan du repertoire : D:\ITU\S6\Mr Naina\Mp4\mp3-desktop\chanson
2026-07-01 09:36:13.252 [Thread-P1] INFO  com.mp3.desktop.Programme1 - -> Message envoye a RabbitMQ [queue_liste_mp3] : D:\ITU\S6\Mr Naina\Mp4\mp3-desktop\chanson\IAO.MP3
2026-07-01 09:36:13.261 [Thread-P1] INFO  com.mp3.desktop.Programme1 - Attente de 10000 ms avant le prochain scan...
2026-07-01 09:36:23.265 [Thread-P1] INFO  com.mp3.desktop.Programme1 - Scan du repertoire : D:\ITU\S6\Mr Naina\Mp4\mp3-desktop\chanson
2026-07-01 09:36:23.284 [Thread-P1] INFO  com.mp3.desktop.Programme1 - -> Message envoye a RabbitMQ [queue_liste_mp3] : D:\ITU\S6\Mr Naina\Mp4\mp3-desktop\chanson\IAO.MP3
2026-07-01 09:36:23.289 [Thread-P1] INFO  com.mp3.desktop.Programme1 - Attente de 10000 ms avant le prochain scan...
2026-07-01 09:36:33.290 [Thread-P1] INFO  com.mp3.desktop.Programme1 - Scan du repertoire : D:\ITU\S6\Mr Naina\Mp4\mp3-desktop\chanson
2026-07-01 09:36:33.295 [Thread-P1] INFO  com.mp3.desktop.Programme1 - -> Message envoye a RabbitMQ [queue_liste_mp3] : D:\ITU\S6\Mr Naina\Mp4\mp3-desktop\chanson\IAO.MP3
2026-07-01 09:36:33.301 [Thread-P1] INFO  com.mp3.desktop.Programme1 - Attente de 10000 ms avant le prochain scan...
2026-07-01 09:36:43.302 [Thread-P1] INFO  com.mp3.desktop.Programme1 - Scan du repertoire : D:\ITU\S6\Mr Naina\Mp4\mp3-desktop\chanson
2026-07-01 09:36:43.318 [Thread-P1] INFO  com.mp3.desktop.Programme1 - -> Message envoye a RabbitMQ [queue_liste_mp3] : D:\ITU\S6\Mr Naina\Mp4\mp3-desktop\chanson\IAO.MP3
2026-07-01 09:36:43.325 [Thread-P1] INFO  com.mp3.desktop.Programme1 - Attente de 10000 ms avant le prochain scan...
2026-07-01 09:36:53.330 [Thread-P1] INFO  com.mp3.desktop.Programme1 - Scan du repertoire : D:\ITU\S6\Mr Naina\Mp4\mp3-desktop\chanson
2026-07-01 09:36:53.345 [Thread-P1] INFO  com.mp3.desktop.Programme1 - -> Message envoye a RabbitMQ [queue_liste_mp3] : D:\ITU\S6\Mr Naina\Mp4\mp3-desktop\chanson\IAO.MP3
2026-07-01 09:36:53.350 [Thread-P1] INFO  com.mp3.desktop.Programme1 - Attente de 10000 ms avant le prochain scan...
2026-07-01 09:37:03.361 [Thread-P1] INFO  com.mp3.desktop.Programme1 - Scan du repertoire : D:\ITU\S6\Mr Naina\Mp4\mp3-desktop\chanson
2026-07-01 09:37:03.386 [Thread-P1] INFO  com.mp3.desktop.Programme1 - -> Message envoye a RabbitMQ [queue_liste_mp3] : D:\ITU\S6\Mr Naina\Mp4\mp3-desktop\chanson\IAO.MP3
2026-07-01 09:37:03.396 [Thread-P1] INFO  com.mp3.desktop.Programme1 - Attente de 10000 ms avant le prochain scan...
2026-07-01 09:37:13.401 [Thread-P1] INFO  com.mp3.desktop.Programme1 - Scan du repertoire : D:\ITU\S6\Mr Naina\Mp4\mp3-desktop\chanson
2026-07-01 09:37:13.407 [Thread-P1] INFO  com.mp3.desktop.Programme1 - -> Message envoye a RabbitMQ [queue_liste_mp3] : D:\ITU\S6\Mr Naina\Mp4\mp3-desktop\chanson\IAO.MP3
2026-07-01 09:37:13.409 [Thread-P1] INFO  com.mp3.desktop.Programme1 - Attente de 10000 ms avant le prochain scan...
2026-07-01 09:37:23.411 [Thread-P1] INFO  com.mp3.desktop.Programme1 - Scan du repertoire : D:\ITU\S6\Mr Naina\Mp4\mp3-desktop\chanson
2026-07-01 09:37:23.418 [Thread-P1] INFO  com.mp3.desktop.Programme1 - -> Message envoye a RabbitMQ [queue_liste_mp3] : D:\ITU\S6\Mr Naina\Mp4\mp3-desktop\chanson\IAO.MP3
2026-07-01 09:37:23.421 [Thread-P1] INFO  com.mp3.desktop.Programme1 - Attente de 10000 ms avant le prochain scan...
2026-07-01 09:37:33.423 [Thread-P1] INFO  com.mp3.desktop.Programme1 - Scan du repertoire : D:\ITU\S6\Mr Naina\Mp4\mp3-desktop\chanson
2026-07-01 09:37:33.441 [Thread-P1] INFO  com.mp3.desktop.Programme1 - -> Message envoye a RabbitMQ [queue_liste_mp3] : D:\ITU\S6\Mr Naina\Mp4\mp3-desktop\chanson\IAO.MP3
2026-07-01 09:37:33.449 [Thread-P1] INFO  com.mp3.desktop.Programme1 - Attente de 10000 ms avant le prochain scan...
2026-07-01 09:37:43.463 [Thread-P1] INFO  com.mp3.desktop.Programme1 - Scan du repertoire : D:\ITU\S6\Mr Naina\Mp4\mp3-desktop\chanson
2026-07-01 09:37:43.480 [Thread-P1] INFO  com.mp3.desktop.Programme1 - -> Message envoye a RabbitMQ [queue_liste_mp3] : D:\ITU\S6\Mr Naina\Mp4\mp3-desktop\chanson\IAO.MP3
2026-07-01 09:37:43.483 [Thread-P1] INFO  com.mp3.desktop.Programme1 - Attente de 10000 ms avant le prochain scan...
2026-07-01 09:37:53.493 [Thread-P1] INFO  com.mp3.desktop.Programme1 - Scan du repertoire : D:\ITU\S6\Mr Naina\Mp4\mp3-desktop\chanson
2026-07-01 09:37:53.499 [Thread-P1] INFO  com.mp3.desktop.Programme1 - -> Message envoye a RabbitMQ [queue_liste_mp3] : D:\ITU\S6\Mr Naina\Mp4\mp3-desktop\chanson\IAO.MP3
2026-07-01 09:37:53.505 [Thread-P1] INFO  com.mp3.desktop.Programme1 - Attente de 10000 ms avant le prochain scan...
2026-07-01 09:38:03.516 [Thread-P1] INFO  com.mp3.desktop.Programme1 - Scan du repertoire : D:\ITU\S6\Mr Naina\Mp4\mp3-desktop\chanson
2026-07-01 09:38:03.569 [Thread-P1] INFO  com.mp3.desktop.Programme1 - -> Message envoye a RabbitMQ [queue_liste_mp3] : D:\ITU\S6\Mr Naina\Mp4\mp3-desktop\chanson\IAO.MP3
2026-07-01 09:38:03.593 [Thread-P1] INFO  com.mp3.desktop.Programme1 - Attente de 10000 ms avant le prochain scan...
2026-07-01 09:38:13.599 [Thread-P1] INFO  com.mp3.desktop.Programme1 - Scan du repertoire : D:\ITU\S6\Mr Naina\Mp4\mp3-desktop\chanson
2026-07-01 09:38:13.605 [Thread-P1] INFO  com.mp3.desktop.Programme1 - -> Message envoye a RabbitMQ [queue_liste_mp3] : D:\ITU\S6\Mr Naina\Mp4\mp3-desktop\chanson\IAO.MP3
2026-07-01 09:38:13.609 [Thread-P1] INFO  com.mp3.desktop.Programme1 - Attente de 10000 ms avant le prochain scan...
2026-07-01 09:38:23.612 [Thread-P1] INFO  com.mp3.desktop.Programme1 - Scan du repertoire : D:\ITU\S6\Mr Naina\Mp4\mp3-desktop\chanson
2026-07-01 09:38:23.618 [Thread-P1] INFO  com.mp3.desktop.Programme1 - -> Message envoye a RabbitMQ [queue_liste_mp3] : D:\ITU\S6\Mr Naina\Mp4\mp3-desktop\chanson\IAO.MP3
2026-07-01 09:38:23.625 [Thread-P1] INFO  com.mp3.desktop.Programme1 - Attente de 10000 ms avant le prochain scan...
2026-07-01 09:38:33.632 [Thread-P1] INFO  com.mp3.desktop.Programme1 - Scan du repertoire : D:\ITU\S6\Mr Naina\Mp4\mp3-desktop\chanson
2026-07-01 09:38:33.645 [Thread-P1] INFO  com.mp3.desktop.Programme1 - -> Message envoye a RabbitMQ [queue_liste_mp3] : D:\ITU\S6\Mr Naina\Mp4\mp3-desktop\chanson\IAO.MP3
2026-07-01 09:38:33.651 [Thread-P1] INFO  com.mp3.desktop.Programme1 - Attente de 10000 ms avant le prochain scan...
2026-07-01 09:38:43.665 [Thread-P1] INFO  com.mp3.desktop.Programme1 - Scan du repertoire : D:\ITU\S6\Mr Naina\Mp4\mp3-desktop\chanson
2026-07-01 09:38:43.675 [Thread-P1] INFO  com.mp3.desktop.Programme1 - -> Message envoye a RabbitMQ [queue_liste_mp3] : D:\ITU\S6\Mr Naina\Mp4\mp3-desktop\chanson\IAO.MP3
2026-07-01 09:38:43.678 [Thread-P1] INFO  com.mp3.desktop.Programme1 - Attente de 10000 ms avant le prochain scan...
2026-07-01 09:38:53.689 [Thread-P1] INFO  com.mp3.desktop.Programme1 - Scan du repertoire : D:\ITU\S6\Mr Naina\Mp4\mp3-desktop\chanson
2026-07-01 09:38:53.704 [Thread-P1] INFO  com.mp3.desktop.Programme1 - -> Message envoye a RabbitMQ [queue_liste_mp3] : D:\ITU\S6\Mr Naina\Mp4\mp3-desktop\chanson\IAO.MP3
2026-07-01 09:38:53.714 [Thread-P1] INFO  com.mp3.desktop.Programme1 - Attente de 10000 ms avant le prochain scan...
2026-07-01 09:39:03.722 [Thread-P1] INFO  com.mp3.desktop.Programme1 - Scan du repertoire : D:\ITU\S6\Mr Naina\Mp4\mp3-desktop\chanson
2026-07-01 09:39:03.729 [Thread-P1] INFO  com.mp3.desktop.Programme1 - -> Message envoye a RabbitMQ [queue_liste_mp3] : D:\ITU\S6\Mr Naina\Mp4\mp3-desktop\chanson\IAO.MP3
2026-07-01 09:39:03.734 [Thread-P1] INFO  com.mp3.desktop.Programme1 - Attente de 10000 ms avant le prochain scan...
2026-07-01 09:39:13.735 [Thread-P1] INFO  com.mp3.desktop.Programme1 - Scan du repertoire : D:\ITU\S6\Mr Naina\Mp4\mp3-desktop\chanson
2026-07-01 09:39:13.743 [Thread-P1] INFO  com.mp3.desktop.Programme1 - -> Message envoye a RabbitMQ [queue_liste_mp3] : D:\ITU\S6\Mr Naina\Mp4\mp3-desktop\chanson\IAO.MP3
2026-07-01 09:39:13.751 [Thread-P1] INFO  com.mp3.desktop.Programme1 - Attente de 10000 ms avant le prochain scan...
2026-07-01 09:39:23.760 [Thread-P1] INFO  com.mp3.desktop.Programme1 - Scan du repertoire : D:\ITU\S6\Mr Naina\Mp4\mp3-desktop\chanson
2026-07-01 09:39:23.770 [Thread-P1] INFO  com.mp3.desktop.Programme1 - -> Message envoye a RabbitMQ [queue_liste_mp3] : D:\ITU\S6\Mr Naina\Mp4\mp3-desktop\chanson\IAO.MP3
2026-07-01 09:39:23.774 [Thread-P1] INFO  com.mp3.desktop.Programme1 - Attente de 10000 ms avant le prochain scan...
2026-07-01 09:39:33.780 [Thread-P1] INFO  com.mp3.desktop.Programme1 - Scan du repertoire : D:\ITU\S6\Mr Naina\Mp4\mp3-desktop\chanson
2026-07-01 09:39:33.800 [Thread-P1] INFO  com.mp3.desktop.Programme1 - -> Message envoye a RabbitMQ [queue_liste_mp3] : D:\ITU\S6\Mr Naina\Mp4\mp3-desktop\chanson\IAO.MP3
2026-07-01 09:39:33.805 [Thread-P1] INFO  com.mp3.desktop.Programme1 - Attente de 10000 ms avant le prochain scan...
2026-07-01 09:39:43.815 [Thread-P1] INFO  com.mp3.desktop.Programme1 - Scan du repertoire : D:\ITU\S6\Mr Naina\Mp4\mp3-desktop\chanson
2026-07-01 09:39:43.825 [Thread-P1] INFO  com.mp3.desktop.Programme1 - -> Message envoye a RabbitMQ [queue_liste_mp3] : D:\ITU\S6\Mr Naina\Mp4\mp3-desktop\chanson\IAO.MP3
2026-07-01 09:39:43.833 [Thread-P1] INFO  com.mp3.desktop.Programme1 - Attente de 10000 ms avant le prochain scan...
2026-07-01 09:39:53.858 [Thread-P1] INFO  com.mp3.desktop.Programme1 - Scan du repertoire : D:\ITU\S6\Mr Naina\Mp4\mp3-desktop\chanson
2026-07-01 09:39:53.940 [Thread-P1] INFO  com.mp3.desktop.Programme1 - -> Message envoye a RabbitMQ [queue_liste_mp3] : D:\ITU\S6\Mr Naina\Mp4\mp3-desktop\chanson\IAO.MP3
2026-07-01 09:39:53.952 [Thread-P1] INFO  com.mp3.desktop.Programme1 - Attente de 10000 ms avant le prochain scan...
2026-07-01 09:40:03.974 [Thread-P1] INFO  com.mp3.desktop.Programme1 - Scan du repertoire : D:\ITU\S6\Mr Naina\Mp4\mp3-desktop\chanson
2026-07-01 09:40:03.981 [Thread-P1] INFO  com.mp3.desktop.Programme1 - -> Message envoye a RabbitMQ [queue_liste_mp3] : D:\ITU\S6\Mr Naina\Mp4\mp3-desktop\chanson\IAO.MP3
2026-07-01 09:40:03.984 [Thread-P1] INFO  com.mp3.desktop.Programme1 - Attente de 10000 ms avant le prochain scan...
2026-07-01 09:40:13.998 [Thread-P1] INFO  com.mp3.desktop.Programme1 - Scan du repertoire : D:\ITU\S6\Mr Naina\Mp4\mp3-desktop\chanson
2026-07-01 09:40:14.005 [Thread-P1] INFO  com.mp3.desktop.Programme1 - -> Message envoye a RabbitMQ [queue_liste_mp3] : D:\ITU\S6\Mr Naina\Mp4\mp3-desktop\chanson\IAO.MP3
2026-07-01 09:40:14.009 [Thread-P1] INFO  com.mp3.desktop.Programme1 - Attente de 10000 ms avant le prochain scan...
2026-07-01 09:40:24.010 [Thread-P1] INFO  com.mp3.desktop.Programme1 - Scan du repertoire : D:\ITU\S6\Mr Naina\Mp4\mp3-desktop\chanson
2026-07-01 09:40:24.029 [Thread-P1] INFO  com.mp3.desktop.Programme1 - -> Message envoye a RabbitMQ [queue_liste_mp3] : D:\ITU\S6\Mr Naina\Mp4\mp3-desktop\chanson\IAO.MP3
2026-07-01 09:40:24.036 [Thread-P1] INFO  com.mp3.desktop.Programme1 - Attente de 10000 ms avant le prochain scan...
2026-07-01 09:40:34.039 [Thread-P1] INFO  com.mp3.desktop.Programme1 - Scan du repertoire : D:\ITU\S6\Mr Naina\Mp4\mp3-desktop\chanson
2026-07-01 09:40:34.195 [Thread-P1] INFO  com.mp3.desktop.Programme1 - -> Message envoye a RabbitMQ [queue_liste_mp3] : D:\ITU\S6\Mr Naina\Mp4\mp3-desktop\chanson\IAO.MP3
2026-07-01 09:40:34.201 [Thread-P1] INFO  com.mp3.desktop.Programme1 - Attente de 10000 ms avant le prochain scan...
2026-07-01 09:40:44.213 [Thread-P1] INFO  com.mp3.desktop.Programme1 - Scan du repertoire : D:\ITU\S6\Mr Naina\Mp4\mp3-desktop\chanson
2026-07-01 09:40:44.217 [Thread-P1] INFO  com.mp3.desktop.Programme1 - -> Message envoye a RabbitMQ [queue_liste_mp3] : D:\ITU\S6\Mr Naina\Mp4\mp3-desktop\chanson\IAO.MP3
2026-07-01 09:40:44.222 [Thread-P1] INFO  com.mp3.desktop.Programme1 - Attente de 10000 ms avant le prochain scan...
2026-07-01 09:40:54.227 [Thread-P1] INFO  com.mp3.desktop.Programme1 - Scan du repertoire : D:\ITU\S6\Mr Naina\Mp4\mp3-desktop\chanson
2026-07-01 09:40:54.245 [Thread-P1] INFO  com.mp3.desktop.Programme1 - -> Message envoye a RabbitMQ [queue_liste_mp3] : D:\ITU\S6\Mr Naina\Mp4\mp3-desktop\chanson\IAO.MP3
2026-07-01 09:40:54.252 [Thread-P1] INFO  com.mp3.desktop.Programme1 - Attente de 10000 ms avant le prochain scan...
2026-07-01 09:41:04.255 [Thread-P1] INFO  com.mp3.desktop.Programme1 - Scan du repertoire : D:\ITU\S6\Mr Naina\Mp4\mp3-desktop\chanson
2026-07-01 09:41:04.275 [Thread-P1] INFO  com.mp3.desktop.Programme1 - -> Message envoye a RabbitMQ [queue_liste_mp3] : D:\ITU\S6\Mr Naina\Mp4\mp3-desktop\chanson\IAO.MP3
2026-07-01 09:41:04.280 [Thread-P1] INFO  com.mp3.desktop.Programme1 - Attente de 10000 ms avant le prochain scan...
2026-07-01 09:41:14.282 [Thread-P1] INFO  com.mp3.desktop.Programme1 - Scan du repertoire : D:\ITU\S6\Mr Naina\Mp4\mp3-desktop\chanson
2026-07-01 09:41:14.289 [Thread-P1] INFO  com.mp3.desktop.Programme1 - -> Message envoye a RabbitMQ [queue_liste_mp3] : D:\ITU\S6\Mr Naina\Mp4\mp3-desktop\chanson\IAO.MP3
2026-07-01 09:41:14.293 [Thread-P1] INFO  com.mp3.desktop.Programme1 - Attente de 10000 ms avant le prochain scan...
2026-07-01 09:41:24.294 [Thread-P1] INFO  com.mp3.desktop.Programme1 - Scan du repertoire : D:\ITU\S6\Mr Naina\Mp4\mp3-desktop\chanson
2026-07-01 09:41:24.299 [Thread-P1] INFO  com.mp3.desktop.Programme1 - -> Message envoye a RabbitMQ [queue_liste_mp3] : D:\ITU\S6\Mr Naina\Mp4\mp3-desktop\chanson\IAO.MP3
2026-07-01 09:41:24.303 [Thread-P1] INFO  com.mp3.desktop.Programme1 - Attente de 10000 ms avant le prochain scan...
2026-07-01 09:41:34.305 [Thread-P1] INFO  com.mp3.desktop.Programme1 - Scan du repertoire : D:\ITU\S6\Mr Naina\Mp4\mp3-desktop\chanson
2026-07-01 09:41:34.328 [Thread-P1] INFO  com.mp3.desktop.Programme1 - -> Message envoye a RabbitMQ [queue_liste_mp3] : D:\ITU\S6\Mr Naina\Mp4\mp3-desktop\chanson\IAO.MP3
2026-07-01 09:41:34.337 [Thread-P1] INFO  com.mp3.desktop.Programme1 - Attente de 10000 ms avant le prochain scan...
2026-07-01 09:41:44.348 [Thread-P1] INFO  com.mp3.desktop.Programme1 - Scan du repertoire : D:\ITU\S6\Mr Naina\Mp4\mp3-desktop\chanson
2026-07-01 09:41:44.362 [Thread-P1] INFO  com.mp3.desktop.Programme1 - -> Message envoye a RabbitMQ [queue_liste_mp3] : D:\ITU\S6\Mr Naina\Mp4\mp3-desktop\chanson\IAO.MP3
2026-07-01 09:41:44.369 [Thread-P1] INFO  com.mp3.desktop.Programme1 - Attente de 10000 ms avant le prochain scan...
2026-07-01 09:41:54.376 [Thread-P1] INFO  com.mp3.desktop.Programme1 - Scan du repertoire : D:\ITU\S6\Mr Naina\Mp4\mp3-desktop\chanson
2026-07-01 09:41:54.397 [Thread-P1] INFO  com.mp3.desktop.Programme1 - -> Message envoye a RabbitMQ [queue_liste_mp3] : D:\ITU\S6\Mr Naina\Mp4\mp3-desktop\chanson\IAO.MP3
2026-07-01 09:41:54.399 [Thread-P1] INFO  com.mp3.desktop.Programme1 - Attente de 10000 ms avant le prochain scan...
2026-07-01 09:42:04.403 [Thread-P1] INFO  com.mp3.desktop.Programme1 - Scan du repertoire : D:\ITU\S6\Mr Naina\Mp4\mp3-desktop\chanson
2026-07-01 09:42:04.421 [Thread-P1] INFO  com.mp3.desktop.Programme1 - -> Message envoye a RabbitMQ [queue_liste_mp3] : D:\ITU\S6\Mr Naina\Mp4\mp3-desktop\chanson\IAO.MP3
2026-07-01 09:42:04.424 [Thread-P1] INFO  com.mp3.desktop.Programme1 - Attente de 10000 ms avant le prochain scan...
2026-07-01 09:42:14.448 [Thread-P1] INFO  com.mp3.desktop.Programme1 - Scan du repertoire : D:\ITU\S6\Mr Naina\Mp4\mp3-desktop\chanson
2026-07-01 09:42:14.521 [Thread-P1] INFO  com.mp3.desktop.Programme1 - -> Message envoye a RabbitMQ [queue_liste_mp3] : D:\ITU\S6\Mr Naina\Mp4\mp3-desktop\chanson\IAO.MP3
2026-07-01 09:42:14.550 [Thread-P1] INFO  com.mp3.desktop.Programme1 - Attente de 10000 ms avant le prochain scan...
2026-07-01 09:42:24.559 [Thread-P1] INFO  com.mp3.desktop.Programme1 - Scan du repertoire : D:\ITU\S6\Mr Naina\Mp4\mp3-desktop\chanson
2026-07-01 09:42:24.563 [Thread-P1] INFO  com.mp3.desktop.Programme1 - -> Message envoye a RabbitMQ [queue_liste_mp3] : D:\ITU\S6\Mr Naina\Mp4\mp3-desktop\chanson\IAO.MP3
2026-07-01 09:42:24.568 [Thread-P1] INFO  com.mp3.desktop.Programme1 - Attente de 10000 ms avant le prochain scan...
2026-07-01 09:42:34.570 [Thread-P1] INFO  com.mp3.desktop.Programme1 - Scan du repertoire : D:\ITU\S6\Mr Naina\Mp4\mp3-desktop\chanson
2026-07-01 09:42:34.580 [Thread-P1] INFO  com.mp3.desktop.Programme1 - -> Message envoye a RabbitMQ [queue_liste_mp3] : D:\ITU\S6\Mr Naina\Mp4\mp3-desktop\chanson\IAO.MP3
2026-07-01 09:42:34.586 [Thread-P1] INFO  com.mp3.desktop.Programme1 - Attente de 10000 ms avant le prochain scan...
2026-07-01 09:42:44.597 [Thread-P1] INFO  com.mp3.desktop.Programme1 - Scan du repertoire : D:\ITU\S6\Mr Naina\Mp4\mp3-desktop\chanson
2026-07-01 09:42:44.604 [Thread-P1] INFO  com.mp3.desktop.Programme1 - -> Message envoye a RabbitMQ [queue_liste_mp3] : D:\ITU\S6\Mr Naina\Mp4\mp3-desktop\chanson\IAO.MP3
2026-07-01 09:42:44.609 [Thread-P1] INFO  com.mp3.desktop.Programme1 - Attente de 10000 ms avant le prochain scan...
2026-07-01 09:42:54.625 [Thread-P1] INFO  com.mp3.desktop.Programme1 - Scan du repertoire : D:\ITU\S6\Mr Naina\Mp4\mp3-desktop\chanson
2026-07-01 09:42:54.629 [Thread-P1] INFO  com.mp3.desktop.Programme1 - -> Message envoye a RabbitMQ [queue_liste_mp3] : D:\ITU\S6\Mr Naina\Mp4\mp3-desktop\chanson\IAO.MP3
2026-07-01 09:42:54.634 [Thread-P1] INFO  com.mp3.desktop.Programme1 - Attente de 10000 ms avant le prochain scan...
2026-07-01 09:43:04.653 [Thread-P1] INFO  com.mp3.desktop.Programme1 - Scan du repertoire : D:\ITU\S6\Mr Naina\Mp4\mp3-desktop\chanson
2026-07-01 09:43:04.668 [Thread-P1] INFO  com.mp3.desktop.Programme1 - -> Message envoye a RabbitMQ [queue_liste_mp3] : D:\ITU\S6\Mr Naina\Mp4\mp3-desktop\chanson\IAO.MP3
2026-07-01 09:43:04.673 [Thread-P1] INFO  com.mp3.desktop.Programme1 - Attente de 10000 ms avant le prochain scan...
2026-07-01 09:43:14.684 [Thread-P1] INFO  com.mp3.desktop.Programme1 - Scan du repertoire : D:\ITU\S6\Mr Naina\Mp4\mp3-desktop\chanson
2026-07-01 09:43:14.689 [Thread-P1] INFO  com.mp3.desktop.Programme1 - -> Message envoye a RabbitMQ [queue_liste_mp3] : D:\ITU\S6\Mr Naina\Mp4\mp3-desktop\chanson\IAO.MP3
2026-07-01 09:43:14.692 [Thread-P1] INFO  com.mp3.desktop.Programme1 - Attente de 10000 ms avant le prochain scan...
2026-07-01 09:43:15.104 [Thread-P1] WARN  com.mp3.desktop.Programme1 - Programme 1 interrompu
2026-07-01 09:43:24.798 [Thread-P1] INFO  com.mp3.desktop.Programme1 - === Demarrage du Programme 1 ===
2026-07-01 09:43:24.803 [Thread-P1] INFO  com.mp3.desktop.Programme1 - Scan du repertoire : D:\ITU\S6\Mr Naina\Mp4\mp3-desktop\chanson
2026-07-01 09:43:24.855 [Thread-P1] INFO  com.mp3.desktop.Programme1 - -> Message envoye a RabbitMQ [queue_liste_mp3] : D:\ITU\S6\Mr Naina\Mp4\mp3-desktop\chanson\IAO.MP3
2026-07-01 09:43:24.870 [Thread-P1] INFO  com.mp3.desktop.Programme1 - Attente de 10000 ms avant le prochain scan...
2026-07-01 09:43:34.886 [Thread-P1] INFO  com.mp3.desktop.Programme1 - Scan du repertoire : D:\ITU\S6\Mr Naina\Mp4\mp3-desktop\chanson
2026-07-01 09:43:34.895 [Thread-P1] INFO  com.mp3.desktop.Programme1 - -> Message envoye a RabbitMQ [queue_liste_mp3] : D:\ITU\S6\Mr Naina\Mp4\mp3-desktop\chanson\IAO.MP3
2026-07-01 09:43:34.900 [Thread-P1] INFO  com.mp3.desktop.Programme1 - Attente de 10000 ms avant le prochain scan...
2026-07-01 09:43:44.907 [Thread-P1] INFO  com.mp3.desktop.Programme1 - Scan du repertoire : D:\ITU\S6\Mr Naina\Mp4\mp3-desktop\chanson
2026-07-01 09:43:44.917 [Thread-P1] INFO  com.mp3.desktop.Programme1 - -> Message envoye a RabbitMQ [queue_liste_mp3] : D:\ITU\S6\Mr Naina\Mp4\mp3-desktop\chanson\IAO.MP3
2026-07-01 09:43:44.917 [Thread-P1] INFO  com.mp3.desktop.Programme1 - Attente de 10000 ms avant le prochain scan...
2026-07-01 09:43:54.925 [Thread-P1] INFO  com.mp3.desktop.Programme1 - Scan du repertoire : D:\ITU\S6\Mr Naina\Mp4\mp3-desktop\chanson
2026-07-01 09:43:54.947 [Thread-P1] INFO  com.mp3.desktop.Programme1 - -> Message envoye a RabbitMQ [queue_liste_mp3] : D:\ITU\S6\Mr Naina\Mp4\mp3-desktop\chanson\IAO.MP3
2026-07-01 09:43:54.954 [Thread-P1] INFO  com.mp3.desktop.Programme1 - Attente de 10000 ms avant le prochain scan...
2026-07-01 09:44:04.970 [Thread-P1] INFO  com.mp3.desktop.Programme1 - Scan du repertoire : D:\ITU\S6\Mr Naina\Mp4\mp3-desktop\chanson
2026-07-01 09:44:04.986 [Thread-P1] INFO  com.mp3.desktop.Programme1 - -> Message envoye a RabbitMQ [queue_liste_mp3] : D:\ITU\S6\Mr Naina\Mp4\mp3-desktop\chanson\IAO.MP3
2026-07-01 09:44:04.992 [Thread-P1] INFO  com.mp3.desktop.Programme1 - Attente de 10000 ms avant le prochain scan...
2026-07-01 09:44:14.994 [Thread-P1] INFO  com.mp3.desktop.Programme1 - Scan du repertoire : D:\ITU\S6\Mr Naina\Mp4\mp3-desktop\chanson
2026-07-01 09:44:15.005 [Thread-P1] INFO  com.mp3.desktop.Programme1 - -> Message envoye a RabbitMQ [queue_liste_mp3] : D:\ITU\S6\Mr Naina\Mp4\mp3-desktop\chanson\IAO.MP3
2026-07-01 09:44:15.014 [Thread-P1] INFO  com.mp3.desktop.Programme1 - Attente de 10000 ms avant le prochain scan...
2026-07-01 09:44:25.023 [Thread-P1] INFO  com.mp3.desktop.Programme1 - Scan du repertoire : D:\ITU\S6\Mr Naina\Mp4\mp3-desktop\chanson
2026-07-01 09:44:25.029 [Thread-P1] INFO  com.mp3.desktop.Programme1 - -> Message envoye a RabbitMQ [queue_liste_mp3] : D:\ITU\S6\Mr Naina\Mp4\mp3-desktop\chanson\IAO.MP3
2026-07-01 09:44:25.037 [Thread-P1] INFO  com.mp3.desktop.Programme1 - Attente de 10000 ms avant le prochain scan...
2026-07-01 09:44:35.052 [Thread-P1] INFO  com.mp3.desktop.Programme1 - Scan du repertoire : D:\ITU\S6\Mr Naina\Mp4\mp3-desktop\chanson
2026-07-01 09:44:35.055 [Thread-P1] INFO  com.mp3.desktop.Programme1 - -> Message envoye a RabbitMQ [queue_liste_mp3] : D:\ITU\S6\Mr Naina\Mp4\mp3-desktop\chanson\IAO.MP3
2026-07-01 09:44:35.064 [Thread-P1] INFO  com.mp3.desktop.Programme1 - Attente de 10000 ms avant le prochain scan...
2026-07-01 09:44:45.077 [Thread-P1] INFO  com.mp3.desktop.Programme1 - Scan du repertoire : D:\ITU\S6\Mr Naina\Mp4\mp3-desktop\chanson
2026-07-01 09:44:45.089 [Thread-P1] INFO  com.mp3.desktop.Programme1 - -> Message envoye a RabbitMQ [queue_liste_mp3] : D:\ITU\S6\Mr Naina\Mp4\mp3-desktop\chanson\IAO.MP3
2026-07-01 09:44:45.097 [Thread-P1] INFO  com.mp3.desktop.Programme1 - Attente de 10000 ms avant le prochain scan...
2026-07-01 09:44:55.108 [Thread-P1] INFO  com.mp3.desktop.Programme1 - Scan du repertoire : D:\ITU\S6\Mr Naina\Mp4\mp3-desktop\chanson
2026-07-01 09:44:55.113 [Thread-P1] INFO  com.mp3.desktop.Programme1 - -> Message envoye a RabbitMQ [queue_liste_mp3] : D:\ITU\S6\Mr Naina\Mp4\mp3-desktop\chanson\IAO.MP3
2026-07-01 09:44:55.121 [Thread-P1] INFO  com.mp3.desktop.Programme1 - Attente de 10000 ms avant le prochain scan...
2026-07-01 09:45:05.134 [Thread-P1] INFO  com.mp3.desktop.Programme1 - Scan du repertoire : D:\ITU\S6\Mr Naina\Mp4\mp3-desktop\chanson
2026-07-01 09:45:05.145 [Thread-P1] INFO  com.mp3.desktop.Programme1 - -> Message envoye a RabbitMQ [queue_liste_mp3] : D:\ITU\S6\Mr Naina\Mp4\mp3-desktop\chanson\IAO.MP3
2026-07-01 09:45:05.151 [Thread-P1] INFO  com.mp3.desktop.Programme1 - Attente de 10000 ms avant le prochain scan...
2026-07-01 09:45:15.163 [Thread-P1] INFO  com.mp3.desktop.Programme1 - Scan du repertoire : D:\ITU\S6\Mr Naina\Mp4\mp3-desktop\chanson
2026-07-01 09:45:15.167 [Thread-P1] INFO  com.mp3.desktop.Programme1 - -> Message envoye a RabbitMQ [queue_liste_mp3] : D:\ITU\S6\Mr Naina\Mp4\mp3-desktop\chanson\IAO.MP3
2026-07-01 09:45:15.172 [Thread-P1] INFO  com.mp3.desktop.Programme1 - Attente de 10000 ms avant le prochain scan...
2026-07-01 09:45:25.184 [Thread-P1] INFO  com.mp3.desktop.Programme1 - Scan du repertoire : D:\ITU\S6\Mr Naina\Mp4\mp3-desktop\chanson
2026-07-01 09:45:25.195 [Thread-P1] INFO  com.mp3.desktop.Programme1 - -> Message envoye a RabbitMQ [queue_liste_mp3] : D:\ITU\S6\Mr Naina\Mp4\mp3-desktop\chanson\IAO.MP3
2026-07-01 09:45:25.201 [Thread-P1] INFO  com.mp3.desktop.Programme1 - Attente de 10000 ms avant le prochain scan...
2026-07-01 09:45:35.203 [Thread-P1] INFO  com.mp3.desktop.Programme1 - Scan du repertoire : D:\ITU\S6\Mr Naina\Mp4\mp3-desktop\chanson
2026-07-01 09:45:35.210 [Thread-P1] INFO  com.mp3.desktop.Programme1 - -> Message envoye a RabbitMQ [queue_liste_mp3] : D:\ITU\S6\Mr Naina\Mp4\mp3-desktop\chanson\IAO.MP3
2026-07-01 09:45:35.214 [Thread-P1] INFO  com.mp3.desktop.Programme1 - Attente de 10000 ms avant le prochain scan...
2026-07-01 09:45:45.227 [Thread-P1] INFO  com.mp3.desktop.Programme1 - Scan du repertoire : D:\ITU\S6\Mr Naina\Mp4\mp3-desktop\chanson
2026-07-01 09:45:45.233 [Thread-P1] INFO  com.mp3.desktop.Programme1 - -> Message envoye a RabbitMQ [queue_liste_mp3] : D:\ITU\S6\Mr Naina\Mp4\mp3-desktop\chanson\IAO.MP3
2026-07-01 09:45:45.238 [Thread-P1] INFO  com.mp3.desktop.Programme1 - Attente de 10000 ms avant le prochain scan...
2026-07-01 09:45:55.239 [Thread-P1] INFO  com.mp3.desktop.Programme1 - Scan du repertoire : D:\ITU\S6\Mr Naina\Mp4\mp3-desktop\chanson
2026-07-01 09:45:55.250 [Thread-P1] INFO  com.mp3.desktop.Programme1 - -> Message envoye a RabbitMQ [queue_liste_mp3] : D:\ITU\S6\Mr Naina\Mp4\mp3-desktop\chanson\IAO.MP3
2026-07-01 09:45:55.255 [Thread-P1] INFO  com.mp3.desktop.Programme1 - Attente de 10000 ms avant le prochain scan...
2026-07-01 09:46:05.265 [Thread-P1] INFO  com.mp3.desktop.Programme1 - Scan du repertoire : D:\ITU\S6\Mr Naina\Mp4\mp3-desktop\chanson
2026-07-01 09:46:05.276 [Thread-P1] INFO  com.mp3.desktop.Programme1 - -> Message envoye a RabbitMQ [queue_liste_mp3] : D:\ITU\S6\Mr Naina\Mp4\mp3-desktop\chanson\IAO.MP3
2026-07-01 09:46:05.281 [Thread-P1] INFO  com.mp3.desktop.Programme1 - Attente de 10000 ms avant le prochain scan...
2026-07-01 09:46:15.296 [Thread-P1] INFO  com.mp3.desktop.Programme1 - Scan du repertoire : D:\ITU\S6\Mr Naina\Mp4\mp3-desktop\chanson
2026-07-01 09:46:15.314 [Thread-P1] INFO  com.mp3.desktop.Programme1 - -> Message envoye a RabbitMQ [queue_liste_mp3] : D:\ITU\S6\Mr Naina\Mp4\mp3-desktop\chanson\IAO.MP3
2026-07-01 09:46:15.318 [Thread-P1] INFO  com.mp3.desktop.Programme1 - Attente de 10000 ms avant le prochain scan...
2026-07-01 09:46:25.333 [Thread-P1] INFO  com.mp3.desktop.Programme1 - Scan du repertoire : D:\ITU\S6\Mr Naina\Mp4\mp3-desktop\chanson
2026-07-01 09:46:25.345 [Thread-P1] INFO  com.mp3.desktop.Programme1 - -> Message envoye a RabbitMQ [queue_liste_mp3] : D:\ITU\S6\Mr Naina\Mp4\mp3-desktop\chanson\IAO.MP3
2026-07-01 09:46:25.350 [Thread-P1] INFO  com.mp3.desktop.Programme1 - Attente de 10000 ms avant le prochain scan...
2026-07-01 09:46:35.363 [Thread-P1] INFO  com.mp3.desktop.Programme1 - Scan du repertoire : D:\ITU\S6\Mr Naina\Mp4\mp3-desktop\chanson
2026-07-01 09:46:35.369 [Thread-P1] INFO  com.mp3.desktop.Programme1 - -> Message envoye a RabbitMQ [queue_liste_mp3] : D:\ITU\S6\Mr Naina\Mp4\mp3-desktop\chanson\IAO.MP3
2026-07-01 09:46:35.371 [Thread-P1] INFO  com.mp3.desktop.Programme1 - Attente de 10000 ms avant le prochain scan...
2026-07-01 09:46:45.387 [Thread-P1] INFO  com.mp3.desktop.Programme1 - Scan du repertoire : D:\ITU\S6\Mr Naina\Mp4\mp3-desktop\chanson
2026-07-01 09:46:45.395 [Thread-P1] INFO  com.mp3.desktop.Programme1 - -> Message envoye a RabbitMQ [queue_liste_mp3] : D:\ITU\S6\Mr Naina\Mp4\mp3-desktop\chanson\IAO.MP3
2026-07-01 09:46:45.399 [Thread-P1] INFO  com.mp3.desktop.Programme1 - Attente de 10000 ms avant le prochain scan...
2026-07-01 09:46:55.418 [Thread-P1] INFO  com.mp3.desktop.Programme1 - Scan du repertoire : D:\ITU\S6\Mr Naina\Mp4\mp3-desktop\chanson
2026-07-01 09:46:55.441 [Thread-P1] INFO  com.mp3.desktop.Programme1 - -> Message envoye a RabbitMQ [queue_liste_mp3] : D:\ITU\S6\Mr Naina\Mp4\mp3-desktop\chanson\IAO.MP3
2026-07-01 09:46:55.447 [Thread-P1] INFO  com.mp3.desktop.Programme1 - Attente de 10000 ms avant le prochain scan...
2026-07-01 09:47:05.451 [Thread-P1] INFO  com.mp3.desktop.Programme1 - Scan du repertoire : D:\ITU\S6\Mr Naina\Mp4\mp3-desktop\chanson
2026-07-01 09:47:05.458 [Thread-P1] INFO  com.mp3.desktop.Programme1 - -> Message envoye a RabbitMQ [queue_liste_mp3] : D:\ITU\S6\Mr Naina\Mp4\mp3-desktop\chanson\IAO.MP3
2026-07-01 09:47:05.464 [Thread-P1] INFO  com.mp3.desktop.Programme1 - Attente de 10000 ms avant le prochain scan...
2026-07-01 09:47:15.478 [Thread-P1] INFO  com.mp3.desktop.Programme1 - Scan du repertoire : D:\ITU\S6\Mr Naina\Mp4\mp3-desktop\chanson
2026-07-01 09:47:15.486 [Thread-P1] INFO  com.mp3.desktop.Programme1 - -> Message envoye a RabbitMQ [queue_liste_mp3] : D:\ITU\S6\Mr Naina\Mp4\mp3-desktop\chanson\IAO.MP3
2026-07-01 09:47:15.489 [Thread-P1] INFO  com.mp3.desktop.Programme1 - Attente de 10000 ms avant le prochain scan...
2026-07-01 09:47:25.504 [Thread-P1] INFO  com.mp3.desktop.Programme1 - Scan du repertoire : D:\ITU\S6\Mr Naina\Mp4\mp3-desktop\chanson
2026-07-01 09:47:25.511 [Thread-P1] INFO  com.mp3.desktop.Programme1 - -> Message envoye a RabbitMQ [queue_liste_mp3] : D:\ITU\S6\Mr Naina\Mp4\mp3-desktop\chanson\IAO.MP3
2026-07-01 09:47:25.514 [Thread-P1] INFO  com.mp3.desktop.Programme1 - Attente de 10000 ms avant le prochain scan...
2026-07-01 09:47:35.518 [Thread-P1] INFO  com.mp3.desktop.Programme1 - Scan du repertoire : D:\ITU\S6\Mr Naina\Mp4\mp3-desktop\chanson
2026-07-01 09:47:35.531 [Thread-P1] INFO  com.mp3.desktop.Programme1 - -> Message envoye a RabbitMQ [queue_liste_mp3] : D:\ITU\S6\Mr Naina\Mp4\mp3-desktop\chanson\IAO.MP3
2026-07-01 09:47:35.536 [Thread-P1] INFO  com.mp3.desktop.Programme1 - Attente de 10000 ms avant le prochain scan...
2026-07-01 09:47:45.550 [Thread-P1] INFO  com.mp3.desktop.Programme1 - Scan du repertoire : D:\ITU\S6\Mr Naina\Mp4\mp3-desktop\chanson
2026-07-01 09:47:45.560 [Thread-P1] INFO  com.mp3.desktop.Programme1 - -> Message envoye a RabbitMQ [queue_liste_mp3] : D:\ITU\S6\Mr Naina\Mp4\mp3-desktop\chanson\IAO.MP3
2026-07-01 09:47:45.566 [Thread-P1] INFO  com.mp3.desktop.Programme1 - Attente de 10000 ms avant le prochain scan...
2026-07-01 09:47:55.572 [Thread-P1] INFO  com.mp3.desktop.Programme1 - Scan du repertoire : D:\ITU\S6\Mr Naina\Mp4\mp3-desktop\chanson
2026-07-01 09:47:55.579 [Thread-P1] INFO  com.mp3.desktop.Programme1 - -> Message envoye a RabbitMQ [queue_liste_mp3] : D:\ITU\S6\Mr Naina\Mp4\mp3-desktop\chanson\IAO.MP3
2026-07-01 09:47:55.582 [Thread-P1] INFO  com.mp3.desktop.Programme1 - Attente de 10000 ms avant le prochain scan...
2026-07-01 09:48:05.586 [Thread-P1] INFO  com.mp3.desktop.Programme1 - Scan du repertoire : D:\ITU\S6\Mr Naina\Mp4\mp3-desktop\chanson
2026-07-01 09:48:05.595 [Thread-P1] INFO  com.mp3.desktop.Programme1 - -> Message envoye a RabbitMQ [queue_liste_mp3] : D:\ITU\S6\Mr Naina\Mp4\mp3-desktop\chanson\IAO.MP3
2026-07-01 09:48:05.596 [Thread-P1] INFO  com.mp3.desktop.Programme1 - Attente de 10000 ms avant le prochain scan...
2026-07-01 09:48:15.603 [Thread-P1] INFO  com.mp3.desktop.Programme1 - Scan du repertoire : D:\ITU\S6\Mr Naina\Mp4\mp3-desktop\chanson
2026-07-01 09:48:15.604 [Thread-P1] INFO  com.mp3.desktop.Programme1 - -> Message envoye a RabbitMQ [queue_liste_mp3] : D:\ITU\S6\Mr Naina\Mp4\mp3-desktop\chanson\IAO.MP3
2026-07-01 09:48:15.613 [Thread-P1] INFO  com.mp3.desktop.Programme1 - Attente de 10000 ms avant le prochain scan...
2026-07-01 09:48:25.617 [Thread-P1] INFO  com.mp3.desktop.Programme1 - Scan du repertoire : D:\ITU\S6\Mr Naina\Mp4\mp3-desktop\chanson
2026-07-01 09:48:25.625 [Thread-P1] INFO  com.mp3.desktop.Programme1 - -> Message envoye a RabbitMQ [queue_liste_mp3] : D:\ITU\S6\Mr Naina\Mp4\mp3-desktop\chanson\IAO.MP3
2026-07-01 09:48:25.636 [Thread-P1] INFO  com.mp3.desktop.Programme1 - Attente de 10000 ms avant le prochain scan...
2026-07-01 09:48:35.650 [Thread-P1] INFO  com.mp3.desktop.Programme1 - Scan du repertoire : D:\ITU\S6\Mr Naina\Mp4\mp3-desktop\chanson
2026-07-01 09:48:35.663 [Thread-P1] INFO  com.mp3.desktop.Programme1 - -> Message envoye a RabbitMQ [queue_liste_mp3] : D:\ITU\S6\Mr Naina\Mp4\mp3-desktop\chanson\IAO.MP3
2026-07-01 09:48:35.666 [Thread-P1] INFO  com.mp3.desktop.Programme1 - Attente de 10000 ms avant le prochain scan...
2026-07-01 09:48:45.675 [Thread-P1] INFO  com.mp3.desktop.Programme1 - Scan du repertoire : D:\ITU\S6\Mr Naina\Mp4\mp3-desktop\chanson
2026-07-01 09:48:45.690 [Thread-P1] INFO  com.mp3.desktop.Programme1 - -> Message envoye a RabbitMQ [queue_liste_mp3] : D:\ITU\S6\Mr Naina\Mp4\mp3-desktop\chanson\IAO.MP3
2026-07-01 09:48:45.697 [Thread-P1] INFO  com.mp3.desktop.Programme1 - Attente de 10000 ms avant le prochain scan...
2026-07-01 09:48:55.702 [Thread-P1] INFO  com.mp3.desktop.Programme1 - Scan du repertoire : D:\ITU\S6\Mr Naina\Mp4\mp3-desktop\chanson
2026-07-01 09:48:55.710 [Thread-P1] INFO  com.mp3.desktop.Programme1 - -> Message envoye a RabbitMQ [queue_liste_mp3] : D:\ITU\S6\Mr Naina\Mp4\mp3-desktop\chanson\IAO.MP3
2026-07-01 09:48:55.712 [Thread-P1] INFO  com.mp3.desktop.Programme1 - Attente de 10000 ms avant le prochain scan...
2026-07-01 09:49:05.715 [Thread-P1] INFO  com.mp3.desktop.Programme1 - Scan du repertoire : D:\ITU\S6\Mr Naina\Mp4\mp3-desktop\chanson
2026-07-01 09:49:05.721 [Thread-P1] INFO  com.mp3.desktop.Programme1 - -> Message envoye a RabbitMQ [queue_liste_mp3] : D:\ITU\S6\Mr Naina\Mp4\mp3-desktop\chanson\IAO.MP3
2026-07-01 09:49:05.723 [Thread-P1] INFO  com.mp3.desktop.Programme1 - Attente de 10000 ms avant le prochain scan...
2026-07-01 09:49:15.730 [Thread-P1] INFO  com.mp3.desktop.Programme1 - Scan du repertoire : D:\ITU\S6\Mr Naina\Mp4\mp3-desktop\chanson
2026-07-01 09:49:15.750 [Thread-P1] INFO  com.mp3.desktop.Programme1 - -> Message envoye a RabbitMQ [queue_liste_mp3] : D:\ITU\S6\Mr Naina\Mp4\mp3-desktop\chanson\IAO.MP3
2026-07-01 09:49:15.758 [Thread-P1] INFO  com.mp3.desktop.Programme1 - Attente de 10000 ms avant le prochain scan...
2026-07-01 09:49:25.771 [Thread-P1] INFO  com.mp3.desktop.Programme1 - Scan du repertoire : D:\ITU\S6\Mr Naina\Mp4\mp3-desktop\chanson
2026-07-01 09:49:25.779 [Thread-P1] INFO  com.mp3.desktop.Programme1 - -> Message envoye a RabbitMQ [queue_liste_mp3] : D:\ITU\S6\Mr Naina\Mp4\mp3-desktop\chanson\IAO.MP3
2026-07-01 09:49:25.782 [Thread-P1] INFO  com.mp3.desktop.Programme1 - Attente de 10000 ms avant le prochain scan...
2026-07-01 09:49:35.797 [Thread-P1] INFO  com.mp3.desktop.Programme1 - Scan du repertoire : D:\ITU\S6\Mr Naina\Mp4\mp3-desktop\chanson
2026-07-01 09:49:35.805 [Thread-P1] INFO  com.mp3.desktop.Programme1 - -> Message envoye a RabbitMQ [queue_liste_mp3] : D:\ITU\S6\Mr Naina\Mp4\mp3-desktop\chanson\IAO.MP3
2026-07-01 09:49:35.808 [Thread-P1] INFO  com.mp3.desktop.Programme1 - Attente de 10000 ms avant le prochain scan...
2026-07-01 09:49:45.811 [Thread-P1] INFO  com.mp3.desktop.Programme1 - Scan du repertoire : D:\ITU\S6\Mr Naina\Mp4\mp3-desktop\chanson
2026-07-01 09:49:45.823 [Thread-P1] INFO  com.mp3.desktop.Programme1 - -> Message envoye a RabbitMQ [queue_liste_mp3] : D:\ITU\S6\Mr Naina\Mp4\mp3-desktop\chanson\IAO.MP3
2026-07-01 09:49:45.826 [Thread-P1] INFO  com.mp3.desktop.Programme1 - Attente de 10000 ms avant le prochain scan...
