2026-06-23 09:31:28.675 [Thread-P3] INFO  com.mp3.desktop.Programme3 - === Demarrage du Programme 3 ===
2026-06-23 09:31:28.688 [Thread-P3] INFO  com.mp3.desktop.Programme3 - Programme 3 en attente de messages sur la queue queue_metadata
2026-06-23 09:32:38.493 [pool-1-thread-45] INFO  com.mp3.desktop.Programme3 - <- Metadata recu (P3) : ?Happier Than Ever
2026-06-23 09:32:38.723 [pool-1-thread-45] INFO  com.mp3.desktop.Programme3 - Nouvelle chanson detectee. Envoi a l'API : ?Happier Than Ever
2026-06-23 09:32:38.875 [pool-1-thread-45] INFO  com.mp3.desktop.Programme3 - Chanson '?Happier Than Ever' ajoutee avec succes (ID=33.0)
2026-06-23 09:32:38.880 [pool-1-thread-45] INFO  com.mp3.desktop.Programme3 - Succes de l'API. Suppression du fichier d'origine : D:\ITU\S6\Mr Naina\Mp4\mp3-desktop\chanson\Billie Eilish - Happier Than Ever (Official Music Video)(MP3_160K).mp3
2026-06-23 09:32:38.943 [pool-1-thread-45] INFO  com.mp3.desktop.Programme3 - Fichier supprime : D:\ITU\S6\Mr Naina\Mp4\mp3-desktop\chanson\Billie Eilish - Happier Than Ever (Official Music Video)(MP3_160K).mp3
2026-06-23 09:32:38.954 [pool-1-thread-51] INFO  com.mp3.desktop.Programme3 - <- Metadata recu (P3) : ?HATRAIZA / AZA AVELA - REKO
2026-06-23 09:32:38.973 [pool-1-thread-51] INFO  com.mp3.desktop.Programme3 - Nouvelle chanson detectee. Envoi a l'API : ?HATRAIZA / AZA AVELA - REKO
2026-06-23 09:32:39.007 [pool-1-thread-51] INFO  com.mp3.desktop.Programme3 - Chanson '?HATRAIZA / AZA AVELA - REKO' ajoutee avec succes (ID=34.0)
2026-06-23 09:32:39.009 [pool-1-thread-51] INFO  com.mp3.desktop.Programme3 - Succes de l'API. Suppression du fichier d'origine : D:\ITU\S6\Mr Naina\Mp4\mp3-desktop\chanson\HATRAIZA _ AZA AVELA - REKO(MP3_160K).mp3
2026-06-23 09:32:39.078 [pool-1-thread-51] INFO  com.mp3.desktop.Programme3 - Fichier supprime : D:\ITU\S6\Mr Naina\Mp4\mp3-desktop\chanson\HATRAIZA _ AZA AVELA - REKO(MP3_160K).mp3
2026-06-23 09:32:39.088 [pool-1-thread-52] INFO  com.mp3.desktop.Programme3 - <- Metadata recu (P3) : ?Louane - Maman (2015) Official Music Video
2026-06-23 09:32:39.099 [pool-1-thread-52] INFO  com.mp3.desktop.Programme3 - Nouvelle chanson detectee. Envoi a l'API : ?Louane - Maman (2015) Official Music Video
2026-06-23 09:32:39.115 [pool-1-thread-52] INFO  com.mp3.desktop.Programme3 - Chanson '?Louane - Maman (2015) Official Music Video' ajoutee avec succes (ID=35.0)
2026-06-23 09:32:39.115 [pool-1-thread-52] INFO  com.mp3.desktop.Programme3 - Succes de l'API. Suppression du fichier d'origine : D:\ITU\S6\Mr Naina\Mp4\mp3-desktop\chanson\Louane - Maman (2015) Official Music Video(MP3_160K).mp3
2026-06-23 09:32:39.158 [pool-1-thread-52] INFO  com.mp3.desktop.Programme3 - Fichier supprime : D:\ITU\S6\Mr Naina\Mp4\mp3-desktop\chanson\Louane - Maman (2015) Official Music Video(MP3_160K).mp3
2026-06-23 09:32:39.159 [pool-1-thread-53] INFO  com.mp3.desktop.Programme3 - <- Metadata recu (P3) : Matsiro kosa ny nanaovan_i Fy Rasolofoniaina ny hiran_ny tarika _Zay teto.(480P_SD)
2026-06-23 09:32:39.171 [pool-1-thread-53] INFO  com.mp3.desktop.Programme3 - Nouvelle chanson detectee. Envoi a l'API : Matsiro kosa ny nanaovan_i Fy Rasolofoniaina ny hiran_ny tarika _Zay teto.(480P_SD)
2026-06-23 09:32:39.186 [pool-1-thread-53] INFO  com.mp3.desktop.Programme3 - Chanson 'Matsiro kosa ny nanaovan_i Fy Rasolofoniaina ny hiran_ny tarika _Zay teto.(480P_SD)' ajoutee avec succes (ID=36.0)
2026-06-23 09:32:39.187 [pool-1-thread-53] INFO  com.mp3.desktop.Programme3 - Succes de l'API. Suppression du fichier d'origine : D:\ITU\S6\Mr Naina\Mp4\mp3-desktop\chanson\Matsiro kosa ny nanaovan_i Fy Rasolofoniaina ny hiran_ny tarika _Zay teto.(480P_SD).mp3
2026-06-23 09:32:39.232 [pool-1-thread-53] INFO  com.mp3.desktop.Programme3 - Fichier supprime : D:\ITU\S6\Mr Naina\Mp4\mp3-desktop\chanson\Matsiro kosa ny nanaovan_i Fy Rasolofoniaina ny hiran_ny tarika _Zay teto.(480P_SD).mp3
2026-06-23 09:32:39.235 [pool-1-thread-54] INFO  com.mp3.desktop.Programme3 - <- Metadata recu (P3) : ?Misia
2026-06-23 09:32:39.243 [pool-1-thread-54] INFO  com.mp3.desktop.Programme3 - Nouvelle chanson detectee. Envoi a l'API : ?Misia
2026-06-23 09:32:39.256 [pool-1-thread-54] INFO  com.mp3.desktop.Programme3 - Chanson '?Misia' ajoutee avec succes (ID=37.0)
2026-06-23 09:32:39.256 [pool-1-thread-54] INFO  com.mp3.desktop.Programme3 - Succes de l'API. Suppression du fichier d'origine : D:\ITU\S6\Mr Naina\Mp4\mp3-desktop\chanson\MISIA - REKO(MP3_160K).mp3
2026-06-23 09:32:39.576 [pool-1-thread-54] INFO  com.mp3.desktop.Programme3 - Fichier supprime : D:\ITU\S6\Mr Naina\Mp4\mp3-desktop\chanson\MISIA - REKO(MP3_160K).mp3
2026-06-23 09:32:39.576 [pool-1-thread-55] INFO  com.mp3.desktop.Programme3 - <- Metadata recu (P3) : ?MITONIA - REKO (Official lyrics video)
2026-06-23 09:32:39.590 [pool-1-thread-55] INFO  com.mp3.desktop.Programme3 - Nouvelle chanson detectee. Envoi a l'API : ?MITONIA - REKO (Official lyrics video)
2026-06-23 09:32:39.607 [pool-1-thread-55] INFO  com.mp3.desktop.Programme3 - Chanson '?MITONIA - REKO (Official lyrics video)' ajoutee avec succes (ID=38.0)
2026-06-23 09:32:39.607 [pool-1-thread-55] INFO  com.mp3.desktop.Programme3 - Succes de l'API. Suppression du fichier d'origine : D:\ITU\S6\Mr Naina\Mp4\mp3-desktop\chanson\MITONIA - REKO (Official lyrics video)(MP3_160K).mp3
2026-06-23 09:32:39.638 [pool-1-thread-55] INFO  com.mp3.desktop.Programme3 - Fichier supprime : D:\ITU\S6\Mr Naina\Mp4\mp3-desktop\chanson\MITONIA - REKO (Official lyrics video)(MP3_160K).mp3
2026-06-23 09:32:39.640 [pool-1-thread-56] INFO  com.mp3.desktop.Programme3 - <- Metadata recu (P3) : ?Ny Anaranao
2026-06-23 09:32:39.640 [pool-1-thread-56] INFO  com.mp3.desktop.Programme3 - Nouvelle chanson detectee. Envoi a l'API : ?Ny Anaranao
2026-06-23 09:32:39.665 [pool-1-thread-56] INFO  com.mp3.desktop.Programme3 - Chanson '?Ny Anaranao' ajoutee avec succes (ID=39.0)
2026-06-23 09:32:39.667 [pool-1-thread-56] INFO  com.mp3.desktop.Programme3 - Succes de l'API. Suppression du fichier d'origine : D:\ITU\S6\Mr Naina\Mp4\mp3-desktop\chanson\NY ANARANAO - REKO(MP3_160K).mp3
2026-06-23 09:32:39.706 [pool-1-thread-56] INFO  com.mp3.desktop.Programme3 - Fichier supprime : D:\ITU\S6\Mr Naina\Mp4\mp3-desktop\chanson\NY ANARANAO - REKO(MP3_160K).mp3
2026-06-23 09:32:39.708 [pool-1-thread-14] INFO  com.mp3.desktop.Programme3 - <- Metadata recu (P3) : ?Rotoroto
2026-06-23 09:32:39.718 [pool-1-thread-14] INFO  com.mp3.desktop.Programme3 - Nouvelle chanson detectee. Envoi a l'API : ?Rotoroto
2026-06-23 09:32:39.733 [pool-1-thread-14] INFO  com.mp3.desktop.Programme3 - Chanson '?Rotoroto' ajoutee avec succes (ID=40.0)
2026-06-23 09:32:39.737 [pool-1-thread-14] INFO  com.mp3.desktop.Programme3 - Succes de l'API. Suppression du fichier d'origine : D:\ITU\S6\Mr Naina\Mp4\mp3-desktop\chanson\ROTOROTO - REKO(MP3_160K).mp3
2026-06-23 09:32:39.781 [pool-1-thread-14] INFO  com.mp3.desktop.Programme3 - Fichier supprime : D:\ITU\S6\Mr Naina\Mp4\mp3-desktop\chanson\ROTOROTO - REKO(MP3_160K).mp3
2026-06-23 09:32:39.782 [pool-1-thread-45] INFO  com.mp3.desktop.Programme3 - <- Metadata recu (P3) : ?Tongasoa
2026-06-23 09:32:39.786 [pool-1-thread-45] INFO  com.mp3.desktop.Programme3 - Nouvelle chanson detectee. Envoi a l'API : ?Tongasoa
2026-06-23 09:32:39.797 [pool-1-thread-45] INFO  com.mp3.desktop.Programme3 - Chanson '?Tongasoa' ajoutee avec succes (ID=41.0)
2026-06-23 09:32:39.797 [pool-1-thread-45] INFO  com.mp3.desktop.Programme3 - Succes de l'API. Suppression du fichier d'origine : D:\ITU\S6\Mr Naina\Mp4\mp3-desktop\chanson\TONGASOA - REKO(MP3_160K).mp3
2026-06-23 09:32:39.830 [pool-1-thread-45] INFO  com.mp3.desktop.Programme3 - Fichier supprime : D:\ITU\S6\Mr Naina\Mp4\mp3-desktop\chanson\TONGASOA - REKO(MP3_160K).mp3
2026-06-23 09:47:57.486 [Thread-P3] INFO  com.mp3.desktop.Programme3 - === Demarrage du Programme 3 ===
2026-06-23 09:47:57.500 [Thread-P3] INFO  com.mp3.desktop.Programme3 - Programme 3 en attente de messages sur la queue queue_metadata
2026-06-23 09:48:27.240 [pool-1-thread-29] INFO  com.mp3.desktop.Programme3 - <- Metadata recu (P3) : ?Happier Than Ever
2026-06-23 09:48:27.318 [pool-1-thread-29] ERROR com.mp3.desktop.Programme3 - Erreur API - Tentative 1/2 pour ?Happier Than Ever
java.net.ConnectException: null
	at java.net.http/jdk.internal.net.http.HttpClientImpl.send(HttpClientImpl.java:573)
	at java.net.http/jdk.internal.net.http.HttpClientFacade.send(HttpClientFacade.java:123)
	at com.mp3.desktop.Programme3.verifierSiExiste(Programme3.java:132)
	at com.mp3.desktop.Programme3.traiterMetadata(Programme3.java:102)
	at com.mp3.desktop.Programme3.lambda$run$0(Programme3.java:64)
	at com.rabbitmq.client.impl.recovery.AutorecoveringChannel$2.handleDelivery(AutorecoveringChannel.java:588)
	at com.rabbitmq.client.impl.ConsumerDispatcher$5.run(ConsumerDispatcher.java:149)
	at com.rabbitmq.client.impl.ConsumerWorkService$WorkPoolRunnable.run(ConsumerWorkService.java:111)
	at java.base/java.util.concurrent.ThreadPoolExecutor.runWorker(ThreadPoolExecutor.java:1136)
	at java.base/java.util.concurrent.ThreadPoolExecutor$Worker.run(ThreadPoolExecutor.java:635)
	at java.base/java.lang.Thread.run(Thread.java:842)
Caused by: java.net.ConnectException: null
	at java.net.http/jdk.internal.net.http.common.Utils.toConnectException(Utils.java:1055)
	at java.net.http/jdk.internal.net.http.PlainHttpConnection.connectAsync(PlainHttpConnection.java:198)
	at java.net.http/jdk.internal.net.http.PlainHttpConnection.checkRetryConnect(PlainHttpConnection.java:230)
	at java.net.http/jdk.internal.net.http.PlainHttpConnection.lambda$connectAsync$1(PlainHttpConnection.java:206)
	at java.base/java.util.concurrent.CompletableFuture.uniHandle(CompletableFuture.java:934)
	at java.base/java.util.concurrent.CompletableFuture$UniHandle.tryFire(CompletableFuture.java:911)
	at java.base/java.util.concurrent.CompletableFuture.postComplete(CompletableFuture.java:510)
	at java.base/java.util.concurrent.CompletableFuture$AsyncSupply.run(CompletableFuture.java:1773)
	... 3 common frames omitted
Caused by: java.nio.channels.ClosedChannelException: null
	at java.base/sun.nio.ch.SocketChannelImpl.ensureOpen(SocketChannelImpl.java:195)
	at java.base/sun.nio.ch.SocketChannelImpl.beginConnect(SocketChannelImpl.java:760)
	at java.base/sun.nio.ch.SocketChannelImpl.connect(SocketChannelImpl.java:848)
	at java.net.http/jdk.internal.net.http.PlainHttpConnection.lambda$connectAsync$0(PlainHttpConnection.java:183)
	at java.base/java.security.AccessController.doPrivileged(AccessController.java:569)
	at java.net.http/jdk.internal.net.http.PlainHttpConnection.connectAsync(PlainHttpConnection.java:185)
	... 9 common frames omitted
2026-06-23 09:48:29.335 [pool-1-thread-29] ERROR com.mp3.desktop.Programme3 - Erreur API - Tentative 2/2 pour ?Happier Than Ever
java.net.ConnectException: null
	at java.net.http/jdk.internal.net.http.HttpClientImpl.send(HttpClientImpl.java:573)
	at java.net.http/jdk.internal.net.http.HttpClientFacade.send(HttpClientFacade.java:123)
	at com.mp3.desktop.Programme3.verifierSiExiste(Programme3.java:132)
	at com.mp3.desktop.Programme3.traiterMetadata(Programme3.java:102)
	at com.mp3.desktop.Programme3.lambda$run$0(Programme3.java:64)
	at com.rabbitmq.client.impl.recovery.AutorecoveringChannel$2.handleDelivery(AutorecoveringChannel.java:588)
	at com.rabbitmq.client.impl.ConsumerDispatcher$5.run(ConsumerDispatcher.java:149)
	at com.rabbitmq.client.impl.ConsumerWorkService$WorkPoolRunnable.run(ConsumerWorkService.java:111)
	at java.base/java.util.concurrent.ThreadPoolExecutor.runWorker(ThreadPoolExecutor.java:1136)
	at java.base/java.util.concurrent.ThreadPoolExecutor$Worker.run(ThreadPoolExecutor.java:635)
	at java.base/java.lang.Thread.run(Thread.java:842)
Caused by: java.net.ConnectException: null
	at java.net.http/jdk.internal.net.http.common.Utils.toConnectException(Utils.java:1055)
	at java.net.http/jdk.internal.net.http.PlainHttpConnection.connectAsync(PlainHttpConnection.java:198)
	at java.net.http/jdk.internal.net.http.PlainHttpConnection.checkRetryConnect(PlainHttpConnection.java:230)
	at java.net.http/jdk.internal.net.http.PlainHttpConnection.lambda$connectAsync$1(PlainHttpConnection.java:206)
	at java.base/java.util.concurrent.CompletableFuture.uniHandle(CompletableFuture.java:934)
	at java.base/java.util.concurrent.CompletableFuture$UniHandle.tryFire(CompletableFuture.java:911)
	at java.base/java.util.concurrent.CompletableFuture.postComplete(CompletableFuture.java:510)
	at java.base/java.util.concurrent.CompletableFuture$AsyncSupply.run(CompletableFuture.java:1773)
	... 3 common frames omitted
Caused by: java.nio.channels.ClosedChannelException: null
	at java.base/sun.nio.ch.SocketChannelImpl.ensureOpen(SocketChannelImpl.java:195)
	at java.base/sun.nio.ch.SocketChannelImpl.beginConnect(SocketChannelImpl.java:760)
	at java.base/sun.nio.ch.SocketChannelImpl.connect(SocketChannelImpl.java:848)
	at java.net.http/jdk.internal.net.http.PlainHttpConnection.lambda$connectAsync$0(PlainHttpConnection.java:183)
	at java.base/java.security.AccessController.doPrivileged(AccessController.java:569)
	at java.net.http/jdk.internal.net.http.PlainHttpConnection.connectAsync(PlainHttpConnection.java:185)
	... 9 common frames omitted
2026-06-23 09:48:29.339 [pool-1-thread-29] ERROR com.mp3.desktop.Programme3 - ECHEC definitif pour l'envoi de : ?Happier Than Ever. Le fichier NE SERA PAS supprime.
2026-06-23 09:48:29.348 [pool-1-thread-35] INFO  com.mp3.desktop.Programme3 - <- Metadata recu (P3) : ?HATRAIZA / AZA AVELA - REKO
2026-06-23 09:48:29.356 [pool-1-thread-35] ERROR com.mp3.desktop.Programme3 - Erreur API - Tentative 1/2 pour ?HATRAIZA / AZA AVELA - REKO
java.net.ConnectException: null
	at java.net.http/jdk.internal.net.http.HttpClientImpl.send(HttpClientImpl.java:573)
	at java.net.http/jdk.internal.net.http.HttpClientFacade.send(HttpClientFacade.java:123)
	at com.mp3.desktop.Programme3.verifierSiExiste(Programme3.java:132)
	at com.mp3.desktop.Programme3.traiterMetadata(Programme3.java:102)
	at com.mp3.desktop.Programme3.lambda$run$0(Programme3.java:64)
	at com.rabbitmq.client.impl.recovery.AutorecoveringChannel$2.handleDelivery(AutorecoveringChannel.java:588)
	at com.rabbitmq.client.impl.ConsumerDispatcher$5.run(ConsumerDispatcher.java:149)
	at com.rabbitmq.client.impl.ConsumerWorkService$WorkPoolRunnable.run(ConsumerWorkService.java:111)
	at java.base/java.util.concurrent.ThreadPoolExecutor.runWorker(ThreadPoolExecutor.java:1136)
	at java.base/java.util.concurrent.ThreadPoolExecutor$Worker.run(ThreadPoolExecutor.java:635)
	at java.base/java.lang.Thread.run(Thread.java:842)
Caused by: java.net.ConnectException: null
	at java.net.http/jdk.internal.net.http.common.Utils.toConnectException(Utils.java:1055)
	at java.net.http/jdk.internal.net.http.PlainHttpConnection.connectAsync(PlainHttpConnection.java:198)
	at java.net.http/jdk.internal.net.http.PlainHttpConnection.checkRetryConnect(PlainHttpConnection.java:230)
	at java.net.http/jdk.internal.net.http.PlainHttpConnection.lambda$connectAsync$1(PlainHttpConnection.java:206)
	at java.base/java.util.concurrent.CompletableFuture.uniHandle(CompletableFuture.java:934)
	at java.base/java.util.concurrent.CompletableFuture$UniHandle.tryFire(CompletableFuture.java:911)
	at java.base/java.util.concurrent.CompletableFuture.postComplete(CompletableFuture.java:510)
	at java.base/java.util.concurrent.CompletableFuture$AsyncSupply.run(CompletableFuture.java:1773)
	... 3 common frames omitted
Caused by: java.nio.channels.ClosedChannelException: null
	at java.base/sun.nio.ch.SocketChannelImpl.ensureOpen(SocketChannelImpl.java:195)
	at java.base/sun.nio.ch.SocketChannelImpl.beginConnect(SocketChannelImpl.java:760)
	at java.base/sun.nio.ch.SocketChannelImpl.connect(SocketChannelImpl.java:848)
	at java.net.http/jdk.internal.net.http.PlainHttpConnection.lambda$connectAsync$0(PlainHttpConnection.java:183)
	at java.base/java.security.AccessController.doPrivileged(AccessController.java:569)
	at java.net.http/jdk.internal.net.http.PlainHttpConnection.connectAsync(PlainHttpConnection.java:185)
	... 9 common frames omitted
2026-06-23 09:48:31.385 [pool-1-thread-35] ERROR com.mp3.desktop.Programme3 - Erreur API - Tentative 2/2 pour ?HATRAIZA / AZA AVELA - REKO
java.net.ConnectException: null
	at java.net.http/jdk.internal.net.http.HttpClientImpl.send(HttpClientImpl.java:573)
	at java.net.http/jdk.internal.net.http.HttpClientFacade.send(HttpClientFacade.java:123)
	at com.mp3.desktop.Programme3.verifierSiExiste(Programme3.java:132)
	at com.mp3.desktop.Programme3.traiterMetadata(Programme3.java:102)
	at com.mp3.desktop.Programme3.lambda$run$0(Programme3.java:64)
	at com.rabbitmq.client.impl.recovery.AutorecoveringChannel$2.handleDelivery(AutorecoveringChannel.java:588)
	at com.rabbitmq.client.impl.ConsumerDispatcher$5.run(ConsumerDispatcher.java:149)
	at com.rabbitmq.client.impl.ConsumerWorkService$WorkPoolRunnable.run(ConsumerWorkService.java:111)
	at java.base/java.util.concurrent.ThreadPoolExecutor.runWorker(ThreadPoolExecutor.java:1136)
	at java.base/java.util.concurrent.ThreadPoolExecutor$Worker.run(ThreadPoolExecutor.java:635)
	at java.base/java.lang.Thread.run(Thread.java:842)
Caused by: java.net.ConnectException: null
	at java.net.http/jdk.internal.net.http.common.Utils.toConnectException(Utils.java:1055)
	at java.net.http/jdk.internal.net.http.PlainHttpConnection.connectAsync(PlainHttpConnection.java:198)
	at java.net.http/jdk.internal.net.http.PlainHttpConnection.checkRetryConnect(PlainHttpConnection.java:230)
	at java.net.http/jdk.internal.net.http.PlainHttpConnection.lambda$connectAsync$1(PlainHttpConnection.java:206)
	at java.base/java.util.concurrent.CompletableFuture.uniHandle(CompletableFuture.java:934)
	at java.base/java.util.concurrent.CompletableFuture$UniHandle.tryFire(CompletableFuture.java:911)
	at java.base/java.util.concurrent.CompletableFuture.postComplete(CompletableFuture.java:510)
	at java.base/java.util.concurrent.CompletableFuture$AsyncSupply.run(CompletableFuture.java:1773)
	... 3 common frames omitted
Caused by: java.nio.channels.ClosedChannelException: null
	at java.base/sun.nio.ch.SocketChannelImpl.ensureOpen(SocketChannelImpl.java:195)
	at java.base/sun.nio.ch.SocketChannelImpl.beginConnect(SocketChannelImpl.java:760)
	at java.base/sun.nio.ch.SocketChannelImpl.connect(SocketChannelImpl.java:848)
	at java.net.http/jdk.internal.net.http.PlainHttpConnection.lambda$connectAsync$0(PlainHttpConnection.java:183)
	at java.base/java.security.AccessController.doPrivileged(AccessController.java:569)
	at java.net.http/jdk.internal.net.http.PlainHttpConnection.connectAsync(PlainHttpConnection.java:185)
	... 9 common frames omitted
2026-06-23 09:48:31.388 [pool-1-thread-35] ERROR com.mp3.desktop.Programme3 - ECHEC definitif pour l'envoi de : ?HATRAIZA / AZA AVELA - REKO. Le fichier NE SERA PAS supprime.
2026-06-23 09:48:31.396 [pool-1-thread-36] INFO  com.mp3.desktop.Programme3 - <- Metadata recu (P3) : ?Louane - Maman (2015) Official Music Video
2026-06-23 09:48:31.404 [pool-1-thread-36] ERROR com.mp3.desktop.Programme3 - Erreur API - Tentative 1/2 pour ?Louane - Maman (2015) Official Music Video
java.net.ConnectException: null
	at java.net.http/jdk.internal.net.http.HttpClientImpl.send(HttpClientImpl.java:573)
	at java.net.http/jdk.internal.net.http.HttpClientFacade.send(HttpClientFacade.java:123)
	at com.mp3.desktop.Programme3.verifierSiExiste(Programme3.java:132)
	at com.mp3.desktop.Programme3.traiterMetadata(Programme3.java:102)
	at com.mp3.desktop.Programme3.lambda$run$0(Programme3.java:64)
	at com.rabbitmq.client.impl.recovery.AutorecoveringChannel$2.handleDelivery(AutorecoveringChannel.java:588)
	at com.rabbitmq.client.impl.ConsumerDispatcher$5.run(ConsumerDispatcher.java:149)
	at com.rabbitmq.client.impl.ConsumerWorkService$WorkPoolRunnable.run(ConsumerWorkService.java:111)
	at java.base/java.util.concurrent.ThreadPoolExecutor.runWorker(ThreadPoolExecutor.java:1136)
	at java.base/java.util.concurrent.ThreadPoolExecutor$Worker.run(ThreadPoolExecutor.java:635)
	at java.base/java.lang.Thread.run(Thread.java:842)
Caused by: java.net.ConnectException: null
	at java.net.http/jdk.internal.net.http.common.Utils.toConnectException(Utils.java:1055)
	at java.net.http/jdk.internal.net.http.PlainHttpConnection.connectAsync(PlainHttpConnection.java:198)
	at java.net.http/jdk.internal.net.http.PlainHttpConnection.checkRetryConnect(PlainHttpConnection.java:230)
	at java.net.http/jdk.internal.net.http.PlainHttpConnection.lambda$connectAsync$1(PlainHttpConnection.java:206)
	at java.base/java.util.concurrent.CompletableFuture.uniHandle(CompletableFuture.java:934)
	at java.base/java.util.concurrent.CompletableFuture$UniHandle.tryFire(CompletableFuture.java:911)
	at java.base/java.util.concurrent.CompletableFuture.postComplete(CompletableFuture.java:510)
	at java.base/java.util.concurrent.CompletableFuture$AsyncSupply.run(CompletableFuture.java:1773)
	... 3 common frames omitted
Caused by: java.nio.channels.ClosedChannelException: null
	at java.base/sun.nio.ch.SocketChannelImpl.ensureOpen(SocketChannelImpl.java:195)
	at java.base/sun.nio.ch.SocketChannelImpl.beginConnect(SocketChannelImpl.java:760)
	at java.base/sun.nio.ch.SocketChannelImpl.connect(SocketChannelImpl.java:848)
	at java.net.http/jdk.internal.net.http.PlainHttpConnection.lambda$connectAsync$0(PlainHttpConnection.java:183)
	at java.base/java.security.AccessController.doPrivileged(AccessController.java:569)
	at java.net.http/jdk.internal.net.http.PlainHttpConnection.connectAsync(PlainHttpConnection.java:185)
	... 9 common frames omitted
2026-06-23 09:48:33.426 [pool-1-thread-36] ERROR com.mp3.desktop.Programme3 - Erreur API - Tentative 2/2 pour ?Louane - Maman (2015) Official Music Video
java.net.ConnectException: null
	at java.net.http/jdk.internal.net.http.HttpClientImpl.send(HttpClientImpl.java:573)
	at java.net.http/jdk.internal.net.http.HttpClientFacade.send(HttpClientFacade.java:123)
	at com.mp3.desktop.Programme3.verifierSiExiste(Programme3.java:132)
	at com.mp3.desktop.Programme3.traiterMetadata(Programme3.java:102)
	at com.mp3.desktop.Programme3.lambda$run$0(Programme3.java:64)
	at com.rabbitmq.client.impl.recovery.AutorecoveringChannel$2.handleDelivery(AutorecoveringChannel.java:588)
	at com.rabbitmq.client.impl.ConsumerDispatcher$5.run(ConsumerDispatcher.java:149)
	at com.rabbitmq.client.impl.ConsumerWorkService$WorkPoolRunnable.run(ConsumerWorkService.java:111)
	at java.base/java.util.concurrent.ThreadPoolExecutor.runWorker(ThreadPoolExecutor.java:1136)
	at java.base/java.util.concurrent.ThreadPoolExecutor$Worker.run(ThreadPoolExecutor.java:635)
	at java.base/java.lang.Thread.run(Thread.java:842)
Caused by: java.net.ConnectException: null
	at java.net.http/jdk.internal.net.http.common.Utils.toConnectException(Utils.java:1055)
	at java.net.http/jdk.internal.net.http.PlainHttpConnection.connectAsync(PlainHttpConnection.java:198)
	at java.net.http/jdk.internal.net.http.PlainHttpConnection.checkRetryConnect(PlainHttpConnection.java:230)
	at java.net.http/jdk.internal.net.http.PlainHttpConnection.lambda$connectAsync$1(PlainHttpConnection.java:206)
	at java.base/java.util.concurrent.CompletableFuture.uniHandle(CompletableFuture.java:934)
	at java.base/java.util.concurrent.CompletableFuture$UniHandle.tryFire(CompletableFuture.java:911)
	at java.base/java.util.concurrent.CompletableFuture.postComplete(CompletableFuture.java:510)
	at java.base/java.util.concurrent.CompletableFuture$AsyncSupply.run(CompletableFuture.java:1773)
	... 3 common frames omitted
Caused by: java.nio.channels.ClosedChannelException: null
	at java.base/sun.nio.ch.SocketChannelImpl.ensureOpen(SocketChannelImpl.java:195)
	at java.base/sun.nio.ch.SocketChannelImpl.beginConnect(SocketChannelImpl.java:760)
	at java.base/sun.nio.ch.SocketChannelImpl.connect(SocketChannelImpl.java:848)
	at java.net.http/jdk.internal.net.http.PlainHttpConnection.lambda$connectAsync$0(PlainHttpConnection.java:183)
	at java.base/java.security.AccessController.doPrivileged(AccessController.java:569)
	at java.net.http/jdk.internal.net.http.PlainHttpConnection.connectAsync(PlainHttpConnection.java:185)
	... 9 common frames omitted
2026-06-23 09:48:33.431 [pool-1-thread-36] ERROR com.mp3.desktop.Programme3 - ECHEC definitif pour l'envoi de : ?Louane - Maman (2015) Official Music Video. Le fichier NE SERA PAS supprime.
2026-06-23 09:48:33.432 [pool-1-thread-37] INFO  com.mp3.desktop.Programme3 - <- Metadata recu (P3) : Matsiro kosa ny nanaovan_i Fy Rasolofoniaina ny hiran_ny tarika _Zay teto.(480P_SD)
2026-06-23 09:48:33.443 [pool-1-thread-37] ERROR com.mp3.desktop.Programme3 - Erreur API - Tentative 1/2 pour Matsiro kosa ny nanaovan_i Fy Rasolofoniaina ny hiran_ny tarika _Zay teto.(480P_SD)
java.net.ConnectException: null
	at java.net.http/jdk.internal.net.http.HttpClientImpl.send(HttpClientImpl.java:573)
	at java.net.http/jdk.internal.net.http.HttpClientFacade.send(HttpClientFacade.java:123)
	at com.mp3.desktop.Programme3.verifierSiExiste(Programme3.java:132)
	at com.mp3.desktop.Programme3.traiterMetadata(Programme3.java:102)
	at com.mp3.desktop.Programme3.lambda$run$0(Programme3.java:64)
	at com.rabbitmq.client.impl.recovery.AutorecoveringChannel$2.handleDelivery(AutorecoveringChannel.java:588)
	at com.rabbitmq.client.impl.ConsumerDispatcher$5.run(ConsumerDispatcher.java:149)
	at com.rabbitmq.client.impl.ConsumerWorkService$WorkPoolRunnable.run(ConsumerWorkService.java:111)
	at java.base/java.util.concurrent.ThreadPoolExecutor.runWorker(ThreadPoolExecutor.java:1136)
	at java.base/java.util.concurrent.ThreadPoolExecutor$Worker.run(ThreadPoolExecutor.java:635)
	at java.base/java.lang.Thread.run(Thread.java:842)
Caused by: java.net.ConnectException: null
	at java.net.http/jdk.internal.net.http.common.Utils.toConnectException(Utils.java:1055)
	at java.net.http/jdk.internal.net.http.PlainHttpConnection.connectAsync(PlainHttpConnection.java:198)
	at java.net.http/jdk.internal.net.http.PlainHttpConnection.checkRetryConnect(PlainHttpConnection.java:230)
	at java.net.http/jdk.internal.net.http.PlainHttpConnection.lambda$connectAsync$1(PlainHttpConnection.java:206)
	at java.base/java.util.concurrent.CompletableFuture.uniHandle(CompletableFuture.java:934)
	at java.base/java.util.concurrent.CompletableFuture$UniHandle.tryFire(CompletableFuture.java:911)
	at java.base/java.util.concurrent.CompletableFuture.postComplete(CompletableFuture.java:510)
	at java.base/java.util.concurrent.CompletableFuture$AsyncSupply.run(CompletableFuture.java:1773)
	... 3 common frames omitted
Caused by: java.nio.channels.ClosedChannelException: null
	at java.base/sun.nio.ch.SocketChannelImpl.ensureOpen(SocketChannelImpl.java:195)
	at java.base/sun.nio.ch.SocketChannelImpl.beginConnect(SocketChannelImpl.java:760)
	at java.base/sun.nio.ch.SocketChannelImpl.connect(SocketChannelImpl.java:848)
	at java.net.http/jdk.internal.net.http.PlainHttpConnection.lambda$connectAsync$0(PlainHttpConnection.java:183)
	at java.base/java.security.AccessController.doPrivileged(AccessController.java:569)
	at java.net.http/jdk.internal.net.http.PlainHttpConnection.connectAsync(PlainHttpConnection.java:185)
	... 9 common frames omitted
2026-06-23 09:48:35.464 [pool-1-thread-37] ERROR com.mp3.desktop.Programme3 - Erreur API - Tentative 2/2 pour Matsiro kosa ny nanaovan_i Fy Rasolofoniaina ny hiran_ny tarika _Zay teto.(480P_SD)
java.net.ConnectException: null
	at java.net.http/jdk.internal.net.http.HttpClientImpl.send(HttpClientImpl.java:573)
	at java.net.http/jdk.internal.net.http.HttpClientFacade.send(HttpClientFacade.java:123)
	at com.mp3.desktop.Programme3.verifierSiExiste(Programme3.java:132)
	at com.mp3.desktop.Programme3.traiterMetadata(Programme3.java:102)
	at com.mp3.desktop.Programme3.lambda$run$0(Programme3.java:64)
	at com.rabbitmq.client.impl.recovery.AutorecoveringChannel$2.handleDelivery(AutorecoveringChannel.java:588)
	at com.rabbitmq.client.impl.ConsumerDispatcher$5.run(ConsumerDispatcher.java:149)
	at com.rabbitmq.client.impl.ConsumerWorkService$WorkPoolRunnable.run(ConsumerWorkService.java:111)
	at java.base/java.util.concurrent.ThreadPoolExecutor.runWorker(ThreadPoolExecutor.java:1136)
	at java.base/java.util.concurrent.ThreadPoolExecutor$Worker.run(ThreadPoolExecutor.java:635)
	at java.base/java.lang.Thread.run(Thread.java:842)
Caused by: java.net.ConnectException: null
	at java.net.http/jdk.internal.net.http.common.Utils.toConnectException(Utils.java:1055)
	at java.net.http/jdk.internal.net.http.PlainHttpConnection.connectAsync(PlainHttpConnection.java:198)
	at java.net.http/jdk.internal.net.http.PlainHttpConnection.checkRetryConnect(PlainHttpConnection.java:230)
	at java.net.http/jdk.internal.net.http.PlainHttpConnection.lambda$connectAsync$1(PlainHttpConnection.java:206)
	at java.base/java.util.concurrent.CompletableFuture.uniHandle(CompletableFuture.java:934)
	at java.base/java.util.concurrent.CompletableFuture$UniHandle.tryFire(CompletableFuture.java:911)
	at java.base/java.util.concurrent.CompletableFuture.postComplete(CompletableFuture.java:510)
	at java.base/java.util.concurrent.CompletableFuture$AsyncSupply.run(CompletableFuture.java:1773)
	... 3 common frames omitted
Caused by: java.nio.channels.ClosedChannelException: null
	at java.base/sun.nio.ch.SocketChannelImpl.ensureOpen(SocketChannelImpl.java:195)
	at java.base/sun.nio.ch.SocketChannelImpl.beginConnect(SocketChannelImpl.java:760)
	at java.base/sun.nio.ch.SocketChannelImpl.connect(SocketChannelImpl.java:848)
	at java.net.http/jdk.internal.net.http.PlainHttpConnection.lambda$connectAsync$0(PlainHttpConnection.java:183)
	at java.base/java.security.AccessController.doPrivileged(AccessController.java:569)
	at java.net.http/jdk.internal.net.http.PlainHttpConnection.connectAsync(PlainHttpConnection.java:185)
	... 9 common frames omitted
2026-06-23 09:48:35.466 [pool-1-thread-37] ERROR com.mp3.desktop.Programme3 - ECHEC definitif pour l'envoi de : Matsiro kosa ny nanaovan_i Fy Rasolofoniaina ny hiran_ny tarika _Zay teto.(480P_SD). Le fichier NE SERA PAS supprime.
2026-06-23 09:48:35.469 [pool-1-thread-38] INFO  com.mp3.desktop.Programme3 - <- Metadata recu (P3) : ?Misia
2026-06-23 09:48:35.481 [pool-1-thread-38] ERROR com.mp3.desktop.Programme3 - Erreur API - Tentative 1/2 pour ?Misia
java.net.ConnectException: null
	at java.net.http/jdk.internal.net.http.HttpClientImpl.send(HttpClientImpl.java:573)
	at java.net.http/jdk.internal.net.http.HttpClientFacade.send(HttpClientFacade.java:123)
	at com.mp3.desktop.Programme3.verifierSiExiste(Programme3.java:132)
	at com.mp3.desktop.Programme3.traiterMetadata(Programme3.java:102)
	at com.mp3.desktop.Programme3.lambda$run$0(Programme3.java:64)
	at com.rabbitmq.client.impl.recovery.AutorecoveringChannel$2.handleDelivery(AutorecoveringChannel.java:588)
	at com.rabbitmq.client.impl.ConsumerDispatcher$5.run(ConsumerDispatcher.java:149)
	at com.rabbitmq.client.impl.ConsumerWorkService$WorkPoolRunnable.run(ConsumerWorkService.java:111)
	at java.base/java.util.concurrent.ThreadPoolExecutor.runWorker(ThreadPoolExecutor.java:1136)
	at java.base/java.util.concurrent.ThreadPoolExecutor$Worker.run(ThreadPoolExecutor.java:635)
	at java.base/java.lang.Thread.run(Thread.java:842)
Caused by: java.net.ConnectException: null
	at java.net.http/jdk.internal.net.http.common.Utils.toConnectException(Utils.java:1055)
	at java.net.http/jdk.internal.net.http.PlainHttpConnection.connectAsync(PlainHttpConnection.java:198)
	at java.net.http/jdk.internal.net.http.PlainHttpConnection.checkRetryConnect(PlainHttpConnection.java:230)
	at java.net.http/jdk.internal.net.http.PlainHttpConnection.lambda$connectAsync$1(PlainHttpConnection.java:206)
	at java.base/java.util.concurrent.CompletableFuture.uniHandle(CompletableFuture.java:934)
	at java.base/java.util.concurrent.CompletableFuture$UniHandle.tryFire(CompletableFuture.java:911)
	at java.base/java.util.concurrent.CompletableFuture.postComplete(CompletableFuture.java:510)
	at java.base/java.util.concurrent.CompletableFuture$AsyncSupply.run(CompletableFuture.java:1773)
	... 3 common frames omitted
Caused by: java.nio.channels.ClosedChannelException: null
	at java.base/sun.nio.ch.SocketChannelImpl.ensureOpen(SocketChannelImpl.java:195)
	at java.base/sun.nio.ch.SocketChannelImpl.beginConnect(SocketChannelImpl.java:760)
	at java.base/sun.nio.ch.SocketChannelImpl.connect(SocketChannelImpl.java:848)
	at java.net.http/jdk.internal.net.http.PlainHttpConnection.lambda$connectAsync$0(PlainHttpConnection.java:183)
	at java.base/java.security.AccessController.doPrivileged(AccessController.java:569)
	at java.net.http/jdk.internal.net.http.PlainHttpConnection.connectAsync(PlainHttpConnection.java:185)
	... 9 common frames omitted
2026-06-23 09:48:37.489 [pool-1-thread-38] ERROR com.mp3.desktop.Programme3 - Erreur API - Tentative 2/2 pour ?Misia
java.net.ConnectException: null
	at java.net.http/jdk.internal.net.http.HttpClientImpl.send(HttpClientImpl.java:573)
	at java.net.http/jdk.internal.net.http.HttpClientFacade.send(HttpClientFacade.java:123)
	at com.mp3.desktop.Programme3.verifierSiExiste(Programme3.java:132)
	at com.mp3.desktop.Programme3.traiterMetadata(Programme3.java:102)
	at com.mp3.desktop.Programme3.lambda$run$0(Programme3.java:64)
	at com.rabbitmq.client.impl.recovery.AutorecoveringChannel$2.handleDelivery(AutorecoveringChannel.java:588)
	at com.rabbitmq.client.impl.ConsumerDispatcher$5.run(ConsumerDispatcher.java:149)
	at com.rabbitmq.client.impl.ConsumerWorkService$WorkPoolRunnable.run(ConsumerWorkService.java:111)
	at java.base/java.util.concurrent.ThreadPoolExecutor.runWorker(ThreadPoolExecutor.java:1136)
	at java.base/java.util.concurrent.ThreadPoolExecutor$Worker.run(ThreadPoolExecutor.java:635)
	at java.base/java.lang.Thread.run(Thread.java:842)
Caused by: java.net.ConnectException: null
	at java.net.http/jdk.internal.net.http.common.Utils.toConnectException(Utils.java:1055)
	at java.net.http/jdk.internal.net.http.PlainHttpConnection.connectAsync(PlainHttpConnection.java:198)
	at java.net.http/jdk.internal.net.http.PlainHttpConnection.checkRetryConnect(PlainHttpConnection.java:230)
	at java.net.http/jdk.internal.net.http.PlainHttpConnection.lambda$connectAsync$1(PlainHttpConnection.java:206)
	at java.base/java.util.concurrent.CompletableFuture.uniHandle(CompletableFuture.java:934)
	at java.base/java.util.concurrent.CompletableFuture$UniHandle.tryFire(CompletableFuture.java:911)
	at java.base/java.util.concurrent.CompletableFuture.postComplete(CompletableFuture.java:510)
	at java.base/java.util.concurrent.CompletableFuture$AsyncSupply.run(CompletableFuture.java:1773)
	... 3 common frames omitted
Caused by: java.nio.channels.ClosedChannelException: null
	at java.base/sun.nio.ch.SocketChannelImpl.ensureOpen(SocketChannelImpl.java:195)
	at java.base/sun.nio.ch.SocketChannelImpl.beginConnect(SocketChannelImpl.java:760)
	at java.base/sun.nio.ch.SocketChannelImpl.connect(SocketChannelImpl.java:848)
	at java.net.http/jdk.internal.net.http.PlainHttpConnection.lambda$connectAsync$0(PlainHttpConnection.java:183)
	at java.base/java.security.AccessController.doPrivileged(AccessController.java:569)
	at java.net.http/jdk.internal.net.http.PlainHttpConnection.connectAsync(PlainHttpConnection.java:185)
	... 9 common frames omitted
2026-06-23 09:48:37.491 [pool-1-thread-38] ERROR com.mp3.desktop.Programme3 - ECHEC definitif pour l'envoi de : ?Misia. Le fichier NE SERA PAS supprime.
2026-06-23 09:48:37.493 [pool-1-thread-43] INFO  com.mp3.desktop.Programme3 - <- Metadata recu (P3) : ?MITONIA - REKO (Official lyrics video)
2026-06-23 09:48:37.496 [pool-1-thread-43] ERROR com.mp3.desktop.Programme3 - Erreur API - Tentative 1/2 pour ?MITONIA - REKO (Official lyrics video)
java.net.ConnectException: null
	at java.net.http/jdk.internal.net.http.HttpClientImpl.send(HttpClientImpl.java:573)
	at java.net.http/jdk.internal.net.http.HttpClientFacade.send(HttpClientFacade.java:123)
	at com.mp3.desktop.Programme3.verifierSiExiste(Programme3.java:132)
	at com.mp3.desktop.Programme3.traiterMetadata(Programme3.java:102)
	at com.mp3.desktop.Programme3.lambda$run$0(Programme3.java:64)
	at com.rabbitmq.client.impl.recovery.AutorecoveringChannel$2.handleDelivery(AutorecoveringChannel.java:588)
	at com.rabbitmq.client.impl.ConsumerDispatcher$5.run(ConsumerDispatcher.java:149)
	at com.rabbitmq.client.impl.ConsumerWorkService$WorkPoolRunnable.run(ConsumerWorkService.java:111)
	at java.base/java.util.concurrent.ThreadPoolExecutor.runWorker(ThreadPoolExecutor.java:1136)
	at java.base/java.util.concurrent.ThreadPoolExecutor$Worker.run(ThreadPoolExecutor.java:635)
	at java.base/java.lang.Thread.run(Thread.java:842)
Caused by: java.net.ConnectException: null
	at java.net.http/jdk.internal.net.http.common.Utils.toConnectException(Utils.java:1055)
	at java.net.http/jdk.internal.net.http.PlainHttpConnection.connectAsync(PlainHttpConnection.java:198)
	at java.net.http/jdk.internal.net.http.PlainHttpConnection.checkRetryConnect(PlainHttpConnection.java:230)
	at java.net.http/jdk.internal.net.http.PlainHttpConnection.lambda$connectAsync$1(PlainHttpConnection.java:206)
	at java.base/java.util.concurrent.CompletableFuture.uniHandle(CompletableFuture.java:934)
	at java.base/java.util.concurrent.CompletableFuture$UniHandle.tryFire(CompletableFuture.java:911)
	at java.base/java.util.concurrent.CompletableFuture.postComplete(CompletableFuture.java:510)
	at java.base/java.util.concurrent.CompletableFuture$AsyncSupply.run(CompletableFuture.java:1773)
	... 3 common frames omitted
Caused by: java.nio.channels.ClosedChannelException: null
	at java.base/sun.nio.ch.SocketChannelImpl.ensureOpen(SocketChannelImpl.java:195)
	at java.base/sun.nio.ch.SocketChannelImpl.beginConnect(SocketChannelImpl.java:760)
	at java.base/sun.nio.ch.SocketChannelImpl.connect(SocketChannelImpl.java:848)
	at java.net.http/jdk.internal.net.http.PlainHttpConnection.lambda$connectAsync$0(PlainHttpConnection.java:183)
	at java.base/java.security.AccessController.doPrivileged(AccessController.java:569)
	at java.net.http/jdk.internal.net.http.PlainHttpConnection.connectAsync(PlainHttpConnection.java:185)
	... 9 common frames omitted
2026-06-23 09:48:39.506 [pool-1-thread-43] ERROR com.mp3.desktop.Programme3 - Erreur API - Tentative 2/2 pour ?MITONIA - REKO (Official lyrics video)
java.net.ConnectException: null
	at java.net.http/jdk.internal.net.http.HttpClientImpl.send(HttpClientImpl.java:573)
	at java.net.http/jdk.internal.net.http.HttpClientFacade.send(HttpClientFacade.java:123)
	at com.mp3.desktop.Programme3.verifierSiExiste(Programme3.java:132)
	at com.mp3.desktop.Programme3.traiterMetadata(Programme3.java:102)
	at com.mp3.desktop.Programme3.lambda$run$0(Programme3.java:64)
	at com.rabbitmq.client.impl.recovery.AutorecoveringChannel$2.handleDelivery(AutorecoveringChannel.java:588)
	at com.rabbitmq.client.impl.ConsumerDispatcher$5.run(ConsumerDispatcher.java:149)
	at com.rabbitmq.client.impl.ConsumerWorkService$WorkPoolRunnable.run(ConsumerWorkService.java:111)
	at java.base/java.util.concurrent.ThreadPoolExecutor.runWorker(ThreadPoolExecutor.java:1136)
	at java.base/java.util.concurrent.ThreadPoolExecutor$Worker.run(ThreadPoolExecutor.java:635)
	at java.base/java.lang.Thread.run(Thread.java:842)
Caused by: java.net.ConnectException: null
	at java.net.http/jdk.internal.net.http.common.Utils.toConnectException(Utils.java:1055)
	at java.net.http/jdk.internal.net.http.PlainHttpConnection.connectAsync(PlainHttpConnection.java:198)
	at java.net.http/jdk.internal.net.http.PlainHttpConnection.checkRetryConnect(PlainHttpConnection.java:230)
	at java.net.http/jdk.internal.net.http.PlainHttpConnection.lambda$connectAsync$1(PlainHttpConnection.java:206)
	at java.base/java.util.concurrent.CompletableFuture.uniHandle(CompletableFuture.java:934)
	at java.base/java.util.concurrent.CompletableFuture$UniHandle.tryFire(CompletableFuture.java:911)
	at java.base/java.util.concurrent.CompletableFuture.postComplete(CompletableFuture.java:510)
	at java.base/java.util.concurrent.CompletableFuture$AsyncSupply.run(CompletableFuture.java:1773)
	... 3 common frames omitted
Caused by: java.nio.channels.ClosedChannelException: null
	at java.base/sun.nio.ch.SocketChannelImpl.ensureOpen(SocketChannelImpl.java:195)
	at java.base/sun.nio.ch.SocketChannelImpl.beginConnect(SocketChannelImpl.java:760)
	at java.base/sun.nio.ch.SocketChannelImpl.connect(SocketChannelImpl.java:848)
	at java.net.http/jdk.internal.net.http.PlainHttpConnection.lambda$connectAsync$0(PlainHttpConnection.java:183)
	at java.base/java.security.AccessController.doPrivileged(AccessController.java:569)
	at java.net.http/jdk.internal.net.http.PlainHttpConnection.connectAsync(PlainHttpConnection.java:185)
	... 9 common frames omitted
2026-06-23 09:48:39.508 [pool-1-thread-43] ERROR com.mp3.desktop.Programme3 - ECHEC definitif pour l'envoi de : ?MITONIA - REKO (Official lyrics video). Le fichier NE SERA PAS supprime.
2026-06-23 09:48:39.510 [pool-1-thread-44] INFO  com.mp3.desktop.Programme3 - <- Metadata recu (P3) : ?Ny Anaranao
2026-06-23 09:48:39.510 [pool-1-thread-44] ERROR com.mp3.desktop.Programme3 - Erreur API - Tentative 1/2 pour ?Ny Anaranao
java.net.ConnectException: null
	at java.net.http/jdk.internal.net.http.HttpClientImpl.send(HttpClientImpl.java:573)
	at java.net.http/jdk.internal.net.http.HttpClientFacade.send(HttpClientFacade.java:123)
	at com.mp3.desktop.Programme3.verifierSiExiste(Programme3.java:132)
	at com.mp3.desktop.Programme3.traiterMetadata(Programme3.java:102)
	at com.mp3.desktop.Programme3.lambda$run$0(Programme3.java:64)
	at com.rabbitmq.client.impl.recovery.AutorecoveringChannel$2.handleDelivery(AutorecoveringChannel.java:588)
	at com.rabbitmq.client.impl.ConsumerDispatcher$5.run(ConsumerDispatcher.java:149)
	at com.rabbitmq.client.impl.ConsumerWorkService$WorkPoolRunnable.run(ConsumerWorkService.java:111)
	at java.base/java.util.concurrent.ThreadPoolExecutor.runWorker(ThreadPoolExecutor.java:1136)
	at java.base/java.util.concurrent.ThreadPoolExecutor$Worker.run(ThreadPoolExecutor.java:635)
	at java.base/java.lang.Thread.run(Thread.java:842)
Caused by: java.net.ConnectException: null
	at java.net.http/jdk.internal.net.http.common.Utils.toConnectException(Utils.java:1055)
	at java.net.http/jdk.internal.net.http.PlainHttpConnection.connectAsync(PlainHttpConnection.java:198)
	at java.net.http/jdk.internal.net.http.PlainHttpConnection.checkRetryConnect(PlainHttpConnection.java:230)
	at java.net.http/jdk.internal.net.http.PlainHttpConnection.lambda$connectAsync$1(PlainHttpConnection.java:206)
	at java.base/java.util.concurrent.CompletableFuture.uniHandle(CompletableFuture.java:934)
	at java.base/java.util.concurrent.CompletableFuture$UniHandle.tryFire(CompletableFuture.java:911)
	at java.base/java.util.concurrent.CompletableFuture.postComplete(CompletableFuture.java:510)
	at java.base/java.util.concurrent.CompletableFuture$AsyncSupply.run(CompletableFuture.java:1773)
	... 3 common frames omitted
Caused by: java.nio.channels.ClosedChannelException: null
	at java.base/sun.nio.ch.SocketChannelImpl.ensureOpen(SocketChannelImpl.java:195)
	at java.base/sun.nio.ch.SocketChannelImpl.beginConnect(SocketChannelImpl.java:760)
	at java.base/sun.nio.ch.SocketChannelImpl.connect(SocketChannelImpl.java:848)
	at java.net.http/jdk.internal.net.http.PlainHttpConnection.lambda$connectAsync$0(PlainHttpConnection.java:183)
	at java.base/java.security.AccessController.doPrivileged(AccessController.java:569)
	at java.net.http/jdk.internal.net.http.PlainHttpConnection.connectAsync(PlainHttpConnection.java:185)
	... 9 common frames omitted
2026-06-23 09:48:41.518 [pool-1-thread-44] ERROR com.mp3.desktop.Programme3 - Erreur API - Tentative 2/2 pour ?Ny Anaranao
java.net.ConnectException: null
	at java.net.http/jdk.internal.net.http.HttpClientImpl.send(HttpClientImpl.java:573)
	at java.net.http/jdk.internal.net.http.HttpClientFacade.send(HttpClientFacade.java:123)
	at com.mp3.desktop.Programme3.verifierSiExiste(Programme3.java:132)
	at com.mp3.desktop.Programme3.traiterMetadata(Programme3.java:102)
	at com.mp3.desktop.Programme3.lambda$run$0(Programme3.java:64)
	at com.rabbitmq.client.impl.recovery.AutorecoveringChannel$2.handleDelivery(AutorecoveringChannel.java:588)
	at com.rabbitmq.client.impl.ConsumerDispatcher$5.run(ConsumerDispatcher.java:149)
	at com.rabbitmq.client.impl.ConsumerWorkService$WorkPoolRunnable.run(ConsumerWorkService.java:111)
	at java.base/java.util.concurrent.ThreadPoolExecutor.runWorker(ThreadPoolExecutor.java:1136)
	at java.base/java.util.concurrent.ThreadPoolExecutor$Worker.run(ThreadPoolExecutor.java:635)
	at java.base/java.lang.Thread.run(Thread.java:842)
Caused by: java.net.ConnectException: null
	at java.net.http/jdk.internal.net.http.common.Utils.toConnectException(Utils.java:1055)
	at java.net.http/jdk.internal.net.http.PlainHttpConnection.connectAsync(PlainHttpConnection.java:198)
	at java.net.http/jdk.internal.net.http.PlainHttpConnection.checkRetryConnect(PlainHttpConnection.java:230)
	at java.net.http/jdk.internal.net.http.PlainHttpConnection.lambda$connectAsync$1(PlainHttpConnection.java:206)
	at java.base/java.util.concurrent.CompletableFuture.uniHandle(CompletableFuture.java:934)
	at java.base/java.util.concurrent.CompletableFuture$UniHandle.tryFire(CompletableFuture.java:911)
	at java.base/java.util.concurrent.CompletableFuture.postComplete(CompletableFuture.java:510)
	at java.base/java.util.concurrent.CompletableFuture$AsyncSupply.run(CompletableFuture.java:1773)
	... 3 common frames omitted
Caused by: java.nio.channels.ClosedChannelException: null
	at java.base/sun.nio.ch.SocketChannelImpl.ensureOpen(SocketChannelImpl.java:195)
	at java.base/sun.nio.ch.SocketChannelImpl.beginConnect(SocketChannelImpl.java:760)
	at java.base/sun.nio.ch.SocketChannelImpl.connect(SocketChannelImpl.java:848)
	at java.net.http/jdk.internal.net.http.PlainHttpConnection.lambda$connectAsync$0(PlainHttpConnection.java:183)
	at java.base/java.security.AccessController.doPrivileged(AccessController.java:569)
	at java.net.http/jdk.internal.net.http.PlainHttpConnection.connectAsync(PlainHttpConnection.java:185)
	... 9 common frames omitted
2026-06-23 09:48:41.519 [pool-1-thread-44] ERROR com.mp3.desktop.Programme3 - ECHEC definitif pour l'envoi de : ?Ny Anaranao. Le fichier NE SERA PAS supprime.
2026-06-23 09:48:41.522 [pool-1-thread-14] INFO  com.mp3.desktop.Programme3 - <- Metadata recu (P3) : ?Rotoroto
2026-06-23 09:48:41.524 [pool-1-thread-14] ERROR com.mp3.desktop.Programme3 - Erreur API - Tentative 1/2 pour ?Rotoroto
java.net.ConnectException: null
	at java.net.http/jdk.internal.net.http.HttpClientImpl.send(HttpClientImpl.java:573)
	at java.net.http/jdk.internal.net.http.HttpClientFacade.send(HttpClientFacade.java:123)
	at com.mp3.desktop.Programme3.verifierSiExiste(Programme3.java:132)
	at com.mp3.desktop.Programme3.traiterMetadata(Programme3.java:102)
	at com.mp3.desktop.Programme3.lambda$run$0(Programme3.java:64)
	at com.rabbitmq.client.impl.recovery.AutorecoveringChannel$2.handleDelivery(AutorecoveringChannel.java:588)
	at com.rabbitmq.client.impl.ConsumerDispatcher$5.run(ConsumerDispatcher.java:149)
	at com.rabbitmq.client.impl.ConsumerWorkService$WorkPoolRunnable.run(ConsumerWorkService.java:111)
	at java.base/java.util.concurrent.ThreadPoolExecutor.runWorker(ThreadPoolExecutor.java:1136)
	at java.base/java.util.concurrent.ThreadPoolExecutor$Worker.run(ThreadPoolExecutor.java:635)
	at java.base/java.lang.Thread.run(Thread.java:842)
Caused by: java.net.ConnectException: null
	at java.net.http/jdk.internal.net.http.common.Utils.toConnectException(Utils.java:1055)
	at java.net.http/jdk.internal.net.http.PlainHttpConnection.connectAsync(PlainHttpConnection.java:198)
	at java.net.http/jdk.internal.net.http.PlainHttpConnection.checkRetryConnect(PlainHttpConnection.java:230)
	at java.net.http/jdk.internal.net.http.PlainHttpConnection.lambda$connectAsync$1(PlainHttpConnection.java:206)
	at java.base/java.util.concurrent.CompletableFuture.uniHandle(CompletableFuture.java:934)
	at java.base/java.util.concurrent.CompletableFuture$UniHandle.tryFire(CompletableFuture.java:911)
	at java.base/java.util.concurrent.CompletableFuture.postComplete(CompletableFuture.java:510)
	at java.base/java.util.concurrent.CompletableFuture$AsyncSupply.run(CompletableFuture.java:1773)
	... 3 common frames omitted
Caused by: java.nio.channels.ClosedChannelException: null
	at java.base/sun.nio.ch.SocketChannelImpl.ensureOpen(SocketChannelImpl.java:195)
	at java.base/sun.nio.ch.SocketChannelImpl.beginConnect(SocketChannelImpl.java:760)
	at java.base/sun.nio.ch.SocketChannelImpl.connect(SocketChannelImpl.java:848)
	at java.net.http/jdk.internal.net.http.PlainHttpConnection.lambda$connectAsync$0(PlainHttpConnection.java:183)
	at java.base/java.security.AccessController.doPrivileged(AccessController.java:569)
	at java.net.http/jdk.internal.net.http.PlainHttpConnection.connectAsync(PlainHttpConnection.java:185)
	... 9 common frames omitted
2026-06-23 09:48:43.536 [pool-1-thread-14] ERROR com.mp3.desktop.Programme3 - Erreur API - Tentative 2/2 pour ?Rotoroto
java.net.ConnectException: null
	at java.net.http/jdk.internal.net.http.HttpClientImpl.send(HttpClientImpl.java:573)
	at java.net.http/jdk.internal.net.http.HttpClientFacade.send(HttpClientFacade.java:123)
	at com.mp3.desktop.Programme3.verifierSiExiste(Programme3.java:132)
	at com.mp3.desktop.Programme3.traiterMetadata(Programme3.java:102)
	at com.mp3.desktop.Programme3.lambda$run$0(Programme3.java:64)
	at com.rabbitmq.client.impl.recovery.AutorecoveringChannel$2.handleDelivery(AutorecoveringChannel.java:588)
	at com.rabbitmq.client.impl.ConsumerDispatcher$5.run(ConsumerDispatcher.java:149)
	at com.rabbitmq.client.impl.ConsumerWorkService$WorkPoolRunnable.run(ConsumerWorkService.java:111)
	at java.base/java.util.concurrent.ThreadPoolExecutor.runWorker(ThreadPoolExecutor.java:1136)
	at java.base/java.util.concurrent.ThreadPoolExecutor$Worker.run(ThreadPoolExecutor.java:635)
	at java.base/java.lang.Thread.run(Thread.java:842)
Caused by: java.net.ConnectException: null
	at java.net.http/jdk.internal.net.http.common.Utils.toConnectException(Utils.java:1055)
	at java.net.http/jdk.internal.net.http.PlainHttpConnection.connectAsync(PlainHttpConnection.java:198)
	at java.net.http/jdk.internal.net.http.PlainHttpConnection.checkRetryConnect(PlainHttpConnection.java:230)
	at java.net.http/jdk.internal.net.http.PlainHttpConnection.lambda$connectAsync$1(PlainHttpConnection.java:206)
	at java.base/java.util.concurrent.CompletableFuture.uniHandle(CompletableFuture.java:934)
	at java.base/java.util.concurrent.CompletableFuture$UniHandle.tryFire(CompletableFuture.java:911)
	at java.base/java.util.concurrent.CompletableFuture.postComplete(CompletableFuture.java:510)
	at java.base/java.util.concurrent.CompletableFuture$AsyncSupply.run(CompletableFuture.java:1773)
	... 3 common frames omitted
Caused by: java.nio.channels.ClosedChannelException: null
	at java.base/sun.nio.ch.SocketChannelImpl.ensureOpen(SocketChannelImpl.java:195)
	at java.base/sun.nio.ch.SocketChannelImpl.beginConnect(SocketChannelImpl.java:760)
	at java.base/sun.nio.ch.SocketChannelImpl.connect(SocketChannelImpl.java:848)
	at java.net.http/jdk.internal.net.http.PlainHttpConnection.lambda$connectAsync$0(PlainHttpConnection.java:183)
	at java.base/java.security.AccessController.doPrivileged(AccessController.java:569)
	at java.net.http/jdk.internal.net.http.PlainHttpConnection.connectAsync(PlainHttpConnection.java:185)
	... 9 common frames omitted
2026-06-23 09:48:43.536 [pool-1-thread-14] ERROR com.mp3.desktop.Programme3 - ECHEC definitif pour l'envoi de : ?Rotoroto. Le fichier NE SERA PAS supprime.
2026-06-23 09:48:43.536 [pool-1-thread-29] INFO  com.mp3.desktop.Programme3 - <- Metadata recu (P3) : ?Tongasoa
2026-06-23 09:48:43.540 [pool-1-thread-29] ERROR com.mp3.desktop.Programme3 - Erreur API - Tentative 1/2 pour ?Tongasoa
java.net.ConnectException: null
	at java.net.http/jdk.internal.net.http.HttpClientImpl.send(HttpClientImpl.java:573)
	at java.net.http/jdk.internal.net.http.HttpClientFacade.send(HttpClientFacade.java:123)
	at com.mp3.desktop.Programme3.verifierSiExiste(Programme3.java:132)
	at com.mp3.desktop.Programme3.traiterMetadata(Programme3.java:102)
	at com.mp3.desktop.Programme3.lambda$run$0(Programme3.java:64)
	at com.rabbitmq.client.impl.recovery.AutorecoveringChannel$2.handleDelivery(AutorecoveringChannel.java:588)
	at com.rabbitmq.client.impl.ConsumerDispatcher$5.run(ConsumerDispatcher.java:149)
	at com.rabbitmq.client.impl.ConsumerWorkService$WorkPoolRunnable.run(ConsumerWorkService.java:111)
	at java.base/java.util.concurrent.ThreadPoolExecutor.runWorker(ThreadPoolExecutor.java:1136)
	at java.base/java.util.concurrent.ThreadPoolExecutor$Worker.run(ThreadPoolExecutor.java:635)
	at java.base/java.lang.Thread.run(Thread.java:842)
Caused by: java.net.ConnectException: null
	at java.net.http/jdk.internal.net.http.common.Utils.toConnectException(Utils.java:1055)
	at java.net.http/jdk.internal.net.http.PlainHttpConnection.connectAsync(PlainHttpConnection.java:198)
	at java.net.http/jdk.internal.net.http.PlainHttpConnection.checkRetryConnect(PlainHttpConnection.java:230)
	at java.net.http/jdk.internal.net.http.PlainHttpConnection.lambda$connectAsync$1(PlainHttpConnection.java:206)
	at java.base/java.util.concurrent.CompletableFuture.uniHandle(CompletableFuture.java:934)
	at java.base/java.util.concurrent.CompletableFuture$UniHandle.tryFire(CompletableFuture.java:911)
	at java.base/java.util.concurrent.CompletableFuture.postComplete(CompletableFuture.java:510)
	at java.base/java.util.concurrent.CompletableFuture$AsyncSupply.run(CompletableFuture.java:1773)
	... 3 common frames omitted
Caused by: java.nio.channels.ClosedChannelException: null
	at java.base/sun.nio.ch.SocketChannelImpl.ensureOpen(SocketChannelImpl.java:195)
	at java.base/sun.nio.ch.SocketChannelImpl.beginConnect(SocketChannelImpl.java:760)
	at java.base/sun.nio.ch.SocketChannelImpl.connect(SocketChannelImpl.java:848)
	at java.net.http/jdk.internal.net.http.PlainHttpConnection.lambda$connectAsync$0(PlainHttpConnection.java:183)
	at java.base/java.security.AccessController.doPrivileged(AccessController.java:569)
	at java.net.http/jdk.internal.net.http.PlainHttpConnection.connectAsync(PlainHttpConnection.java:185)
	... 9 common frames omitted
2026-06-23 09:48:45.556 [pool-1-thread-29] ERROR com.mp3.desktop.Programme3 - Erreur API - Tentative 2/2 pour ?Tongasoa
java.net.ConnectException: null
	at java.net.http/jdk.internal.net.http.HttpClientImpl.send(HttpClientImpl.java:573)
	at java.net.http/jdk.internal.net.http.HttpClientFacade.send(HttpClientFacade.java:123)
	at com.mp3.desktop.Programme3.verifierSiExiste(Programme3.java:132)
	at com.mp3.desktop.Programme3.traiterMetadata(Programme3.java:102)
	at com.mp3.desktop.Programme3.lambda$run$0(Programme3.java:64)
	at com.rabbitmq.client.impl.recovery.AutorecoveringChannel$2.handleDelivery(AutorecoveringChannel.java:588)
	at com.rabbitmq.client.impl.ConsumerDispatcher$5.run(ConsumerDispatcher.java:149)
	at com.rabbitmq.client.impl.ConsumerWorkService$WorkPoolRunnable.run(ConsumerWorkService.java:111)
	at java.base/java.util.concurrent.ThreadPoolExecutor.runWorker(ThreadPoolExecutor.java:1136)
	at java.base/java.util.concurrent.ThreadPoolExecutor$Worker.run(ThreadPoolExecutor.java:635)
	at java.base/java.lang.Thread.run(Thread.java:842)
Caused by: java.net.ConnectException: null
	at java.net.http/jdk.internal.net.http.common.Utils.toConnectException(Utils.java:1055)
	at java.net.http/jdk.internal.net.http.PlainHttpConnection.connectAsync(PlainHttpConnection.java:198)
	at java.net.http/jdk.internal.net.http.PlainHttpConnection.checkRetryConnect(PlainHttpConnection.java:230)
	at java.net.http/jdk.internal.net.http.PlainHttpConnection.lambda$connectAsync$1(PlainHttpConnection.java:206)
	at java.base/java.util.concurrent.CompletableFuture.uniHandle(CompletableFuture.java:934)
	at java.base/java.util.concurrent.CompletableFuture$UniHandle.tryFire(CompletableFuture.java:911)
	at java.base/java.util.concurrent.CompletableFuture.postComplete(CompletableFuture.java:510)
	at java.base/java.util.concurrent.CompletableFuture$AsyncSupply.run(CompletableFuture.java:1773)
	... 3 common frames omitted
Caused by: java.nio.channels.ClosedChannelException: null
	at java.base/sun.nio.ch.SocketChannelImpl.ensureOpen(SocketChannelImpl.java:195)
	at java.base/sun.nio.ch.SocketChannelImpl.beginConnect(SocketChannelImpl.java:760)
	at java.base/sun.nio.ch.SocketChannelImpl.connect(SocketChannelImpl.java:848)
	at java.net.http/jdk.internal.net.http.PlainHttpConnection.lambda$connectAsync$0(PlainHttpConnection.java:183)
	at java.base/java.security.AccessController.doPrivileged(AccessController.java:569)
	at java.net.http/jdk.internal.net.http.PlainHttpConnection.connectAsync(PlainHttpConnection.java:185)
	... 9 common frames omitted
2026-06-23 09:48:45.559 [pool-1-thread-29] ERROR com.mp3.desktop.Programme3 - ECHEC definitif pour l'envoi de : ?Tongasoa. Le fichier NE SERA PAS supprime.
2026-06-23 09:48:45.562 [pool-1-thread-35] INFO  com.mp3.desktop.Programme3 - <- Metadata recu (P3) : ?Happier Than Ever
2026-06-23 09:48:45.569 [pool-1-thread-35] ERROR com.mp3.desktop.Programme3 - Erreur API - Tentative 1/2 pour ?Happier Than Ever
java.net.ConnectException: null
	at java.net.http/jdk.internal.net.http.HttpClientImpl.send(HttpClientImpl.java:573)
	at java.net.http/jdk.internal.net.http.HttpClientFacade.send(HttpClientFacade.java:123)
	at com.mp3.desktop.Programme3.verifierSiExiste(Programme3.java:132)
	at com.mp3.desktop.Programme3.traiterMetadata(Programme3.java:102)
	at com.mp3.desktop.Programme3.lambda$run$0(Programme3.java:64)
	at com.rabbitmq.client.impl.recovery.AutorecoveringChannel$2.handleDelivery(AutorecoveringChannel.java:588)
	at com.rabbitmq.client.impl.ConsumerDispatcher$5.run(ConsumerDispatcher.java:149)
	at com.rabbitmq.client.impl.ConsumerWorkService$WorkPoolRunnable.run(ConsumerWorkService.java:111)
	at java.base/java.util.concurrent.ThreadPoolExecutor.runWorker(ThreadPoolExecutor.java:1136)
	at java.base/java.util.concurrent.ThreadPoolExecutor$Worker.run(ThreadPoolExecutor.java:635)
	at java.base/java.lang.Thread.run(Thread.java:842)
Caused by: java.net.ConnectException: null
	at java.net.http/jdk.internal.net.http.common.Utils.toConnectException(Utils.java:1055)
	at java.net.http/jdk.internal.net.http.PlainHttpConnection.connectAsync(PlainHttpConnection.java:198)
	at java.net.http/jdk.internal.net.http.PlainHttpConnection.checkRetryConnect(PlainHttpConnection.java:230)
	at java.net.http/jdk.internal.net.http.PlainHttpConnection.lambda$connectAsync$1(PlainHttpConnection.java:206)
	at java.base/java.util.concurrent.CompletableFuture.uniHandle(CompletableFuture.java:934)
	at java.base/java.util.concurrent.CompletableFuture$UniHandle.tryFire(CompletableFuture.java:911)
	at java.base/java.util.concurrent.CompletableFuture.postComplete(CompletableFuture.java:510)
	at java.base/java.util.concurrent.CompletableFuture$AsyncSupply.run(CompletableFuture.java:1773)
	... 3 common frames omitted
Caused by: java.nio.channels.ClosedChannelException: null
	at java.base/sun.nio.ch.SocketChannelImpl.ensureOpen(SocketChannelImpl.java:195)
	at java.base/sun.nio.ch.SocketChannelImpl.beginConnect(SocketChannelImpl.java:760)
	at java.base/sun.nio.ch.SocketChannelImpl.connect(SocketChannelImpl.java:848)
	at java.net.http/jdk.internal.net.http.PlainHttpConnection.lambda$connectAsync$0(PlainHttpConnection.java:183)
	at java.base/java.security.AccessController.doPrivileged(AccessController.java:569)
	at java.net.http/jdk.internal.net.http.PlainHttpConnection.connectAsync(PlainHttpConnection.java:185)
	... 9 common frames omitted
2026-06-23 09:48:47.583 [pool-1-thread-35] ERROR com.mp3.desktop.Programme3 - Erreur API - Tentative 2/2 pour ?Happier Than Ever
java.net.ConnectException: null
	at java.net.http/jdk.internal.net.http.HttpClientImpl.send(HttpClientImpl.java:573)
	at java.net.http/jdk.internal.net.http.HttpClientFacade.send(HttpClientFacade.java:123)
	at com.mp3.desktop.Programme3.verifierSiExiste(Programme3.java:132)
	at com.mp3.desktop.Programme3.traiterMetadata(Programme3.java:102)
	at com.mp3.desktop.Programme3.lambda$run$0(Programme3.java:64)
	at com.rabbitmq.client.impl.recovery.AutorecoveringChannel$2.handleDelivery(AutorecoveringChannel.java:588)
	at com.rabbitmq.client.impl.ConsumerDispatcher$5.run(ConsumerDispatcher.java:149)
	at com.rabbitmq.client.impl.ConsumerWorkService$WorkPoolRunnable.run(ConsumerWorkService.java:111)
	at java.base/java.util.concurrent.ThreadPoolExecutor.runWorker(ThreadPoolExecutor.java:1136)
	at java.base/java.util.concurrent.ThreadPoolExecutor$Worker.run(ThreadPoolExecutor.java:635)
	at java.base/java.lang.Thread.run(Thread.java:842)
Caused by: java.net.ConnectException: null
	at java.net.http/jdk.internal.net.http.common.Utils.toConnectException(Utils.java:1055)
	at java.net.http/jdk.internal.net.http.PlainHttpConnection.connectAsync(PlainHttpConnection.java:198)
	at java.net.http/jdk.internal.net.http.PlainHttpConnection.checkRetryConnect(PlainHttpConnection.java:230)
	at java.net.http/jdk.internal.net.http.PlainHttpConnection.lambda$connectAsync$1(PlainHttpConnection.java:206)
	at java.base/java.util.concurrent.CompletableFuture.uniHandle(CompletableFuture.java:934)
	at java.base/java.util.concurrent.CompletableFuture$UniHandle.tryFire(CompletableFuture.java:911)
	at java.base/java.util.concurrent.CompletableFuture.postComplete(CompletableFuture.java:510)
	at java.base/java.util.concurrent.CompletableFuture$AsyncSupply.run(CompletableFuture.java:1773)
	... 3 common frames omitted
Caused by: java.nio.channels.ClosedChannelException: null
	at java.base/sun.nio.ch.SocketChannelImpl.ensureOpen(SocketChannelImpl.java:195)
	at java.base/sun.nio.ch.SocketChannelImpl.beginConnect(SocketChannelImpl.java:760)
	at java.base/sun.nio.ch.SocketChannelImpl.connect(SocketChannelImpl.java:848)
	at java.net.http/jdk.internal.net.http.PlainHttpConnection.lambda$connectAsync$0(PlainHttpConnection.java:183)
	at java.base/java.security.AccessController.doPrivileged(AccessController.java:569)
	at java.net.http/jdk.internal.net.http.PlainHttpConnection.connectAsync(PlainHttpConnection.java:185)
	... 9 common frames omitted
2026-06-23 09:48:47.586 [pool-1-thread-35] ERROR com.mp3.desktop.Programme3 - ECHEC definitif pour l'envoi de : ?Happier Than Ever. Le fichier NE SERA PAS supprime.
2026-06-23 09:48:47.586 [pool-1-thread-36] INFO  com.mp3.desktop.Programme3 - <- Metadata recu (P3) : ?HATRAIZA / AZA AVELA - REKO
2026-06-23 09:48:47.590 [pool-1-thread-36] ERROR com.mp3.desktop.Programme3 - Erreur API - Tentative 1/2 pour ?HATRAIZA / AZA AVELA - REKO
java.net.ConnectException: null
	at java.net.http/jdk.internal.net.http.HttpClientImpl.send(HttpClientImpl.java:573)
	at java.net.http/jdk.internal.net.http.HttpClientFacade.send(HttpClientFacade.java:123)
	at com.mp3.desktop.Programme3.verifierSiExiste(Programme3.java:132)
	at com.mp3.desktop.Programme3.traiterMetadata(Programme3.java:102)
	at com.mp3.desktop.Programme3.lambda$run$0(Programme3.java:64)
	at com.rabbitmq.client.impl.recovery.AutorecoveringChannel$2.handleDelivery(AutorecoveringChannel.java:588)
	at com.rabbitmq.client.impl.ConsumerDispatcher$5.run(ConsumerDispatcher.java:149)
	at com.rabbitmq.client.impl.ConsumerWorkService$WorkPoolRunnable.run(ConsumerWorkService.java:111)
	at java.base/java.util.concurrent.ThreadPoolExecutor.runWorker(ThreadPoolExecutor.java:1136)
	at java.base/java.util.concurrent.ThreadPoolExecutor$Worker.run(ThreadPoolExecutor.java:635)
	at java.base/java.lang.Thread.run(Thread.java:842)
Caused by: java.net.ConnectException: null
	at java.net.http/jdk.internal.net.http.common.Utils.toConnectException(Utils.java:1055)
	at java.net.http/jdk.internal.net.http.PlainHttpConnection.connectAsync(PlainHttpConnection.java:198)
	at java.net.http/jdk.internal.net.http.PlainHttpConnection.checkRetryConnect(PlainHttpConnection.java:230)
	at java.net.http/jdk.internal.net.http.PlainHttpConnection.lambda$connectAsync$1(PlainHttpConnection.java:206)
	at java.base/java.util.concurrent.CompletableFuture.uniHandle(CompletableFuture.java:934)
	at java.base/java.util.concurrent.CompletableFuture$UniHandle.tryFire(CompletableFuture.java:911)
	at java.base/java.util.concurrent.CompletableFuture.postComplete(CompletableFuture.java:510)
	at java.base/java.util.concurrent.CompletableFuture$AsyncSupply.run(CompletableFuture.java:1773)
	... 3 common frames omitted
Caused by: java.nio.channels.ClosedChannelException: null
	at java.base/sun.nio.ch.SocketChannelImpl.ensureOpen(SocketChannelImpl.java:195)
	at java.base/sun.nio.ch.SocketChannelImpl.beginConnect(SocketChannelImpl.java:760)
	at java.base/sun.nio.ch.SocketChannelImpl.connect(SocketChannelImpl.java:848)
	at java.net.http/jdk.internal.net.http.PlainHttpConnection.lambda$connectAsync$0(PlainHttpConnection.java:183)
	at java.base/java.security.AccessController.doPrivileged(AccessController.java:569)
	at java.net.http/jdk.internal.net.http.PlainHttpConnection.connectAsync(PlainHttpConnection.java:185)
	... 9 common frames omitted
2026-06-23 09:48:49.600 [pool-1-thread-36] ERROR com.mp3.desktop.Programme3 - Erreur API - Tentative 2/2 pour ?HATRAIZA / AZA AVELA - REKO
java.net.ConnectException: null
	at java.net.http/jdk.internal.net.http.HttpClientImpl.send(HttpClientImpl.java:573)
	at java.net.http/jdk.internal.net.http.HttpClientFacade.send(HttpClientFacade.java:123)
	at com.mp3.desktop.Programme3.verifierSiExiste(Programme3.java:132)
	at com.mp3.desktop.Programme3.traiterMetadata(Programme3.java:102)
	at com.mp3.desktop.Programme3.lambda$run$0(Programme3.java:64)
	at com.rabbitmq.client.impl.recovery.AutorecoveringChannel$2.handleDelivery(AutorecoveringChannel.java:588)
	at com.rabbitmq.client.impl.ConsumerDispatcher$5.run(ConsumerDispatcher.java:149)
	at com.rabbitmq.client.impl.ConsumerWorkService$WorkPoolRunnable.run(ConsumerWorkService.java:111)
	at java.base/java.util.concurrent.ThreadPoolExecutor.runWorker(ThreadPoolExecutor.java:1136)
	at java.base/java.util.concurrent.ThreadPoolExecutor$Worker.run(ThreadPoolExecutor.java:635)
	at java.base/java.lang.Thread.run(Thread.java:842)
Caused by: java.net.ConnectException: null
	at java.net.http/jdk.internal.net.http.common.Utils.toConnectException(Utils.java:1055)
	at java.net.http/jdk.internal.net.http.PlainHttpConnection.connectAsync(PlainHttpConnection.java:198)
	at java.net.http/jdk.internal.net.http.PlainHttpConnection.checkRetryConnect(PlainHttpConnection.java:230)
	at java.net.http/jdk.internal.net.http.PlainHttpConnection.lambda$connectAsync$1(PlainHttpConnection.java:206)
	at java.base/java.util.concurrent.CompletableFuture.uniHandle(CompletableFuture.java:934)
	at java.base/java.util.concurrent.CompletableFuture$UniHandle.tryFire(CompletableFuture.java:911)
	at java.base/java.util.concurrent.CompletableFuture.postComplete(CompletableFuture.java:510)
	at java.base/java.util.concurrent.CompletableFuture$AsyncSupply.run(CompletableFuture.java:1773)
	... 3 common frames omitted
Caused by: java.nio.channels.ClosedChannelException: null
	at java.base/sun.nio.ch.SocketChannelImpl.ensureOpen(SocketChannelImpl.java:195)
	at java.base/sun.nio.ch.SocketChannelImpl.beginConnect(SocketChannelImpl.java:760)
	at java.base/sun.nio.ch.SocketChannelImpl.connect(SocketChannelImpl.java:848)
	at java.net.http/jdk.internal.net.http.PlainHttpConnection.lambda$connectAsync$0(PlainHttpConnection.java:183)
	at java.base/java.security.AccessController.doPrivileged(AccessController.java:569)
	at java.net.http/jdk.internal.net.http.PlainHttpConnection.connectAsync(PlainHttpConnection.java:185)
	... 9 common frames omitted
2026-06-23 09:48:49.602 [pool-1-thread-36] ERROR com.mp3.desktop.Programme3 - ECHEC definitif pour l'envoi de : ?HATRAIZA / AZA AVELA - REKO. Le fichier NE SERA PAS supprime.
2026-06-23 09:48:49.606 [pool-1-thread-37] INFO  com.mp3.desktop.Programme3 - <- Metadata recu (P3) : ?Louane - Maman (2015) Official Music Video
2026-06-23 09:48:49.611 [pool-1-thread-37] ERROR com.mp3.desktop.Programme3 - Erreur API - Tentative 1/2 pour ?Louane - Maman (2015) Official Music Video
java.net.ConnectException: null
	at java.net.http/jdk.internal.net.http.HttpClientImpl.send(HttpClientImpl.java:573)
	at java.net.http/jdk.internal.net.http.HttpClientFacade.send(HttpClientFacade.java:123)
	at com.mp3.desktop.Programme3.verifierSiExiste(Programme3.java:132)
	at com.mp3.desktop.Programme3.traiterMetadata(Programme3.java:102)
	at com.mp3.desktop.Programme3.lambda$run$0(Programme3.java:64)
	at com.rabbitmq.client.impl.recovery.AutorecoveringChannel$2.handleDelivery(AutorecoveringChannel.java:588)
	at com.rabbitmq.client.impl.ConsumerDispatcher$5.run(ConsumerDispatcher.java:149)
	at com.rabbitmq.client.impl.ConsumerWorkService$WorkPoolRunnable.run(ConsumerWorkService.java:111)
	at java.base/java.util.concurrent.ThreadPoolExecutor.runWorker(ThreadPoolExecutor.java:1136)
	at java.base/java.util.concurrent.ThreadPoolExecutor$Worker.run(ThreadPoolExecutor.java:635)
	at java.base/java.lang.Thread.run(Thread.java:842)
Caused by: java.net.ConnectException: null
	at java.net.http/jdk.internal.net.http.common.Utils.toConnectException(Utils.java:1055)
	at java.net.http/jdk.internal.net.http.PlainHttpConnection.connectAsync(PlainHttpConnection.java:198)
	at java.net.http/jdk.internal.net.http.PlainHttpConnection.checkRetryConnect(PlainHttpConnection.java:230)
	at java.net.http/jdk.internal.net.http.PlainHttpConnection.lambda$connectAsync$1(PlainHttpConnection.java:206)
	at java.base/java.util.concurrent.CompletableFuture.uniHandle(CompletableFuture.java:934)
	at java.base/java.util.concurrent.CompletableFuture$UniHandle.tryFire(CompletableFuture.java:911)
	at java.base/java.util.concurrent.CompletableFuture.postComplete(CompletableFuture.java:510)
	at java.base/java.util.concurrent.CompletableFuture$AsyncSupply.run(CompletableFuture.java:1773)
	... 3 common frames omitted
Caused by: java.nio.channels.ClosedChannelException: null
	at java.base/sun.nio.ch.SocketChannelImpl.ensureOpen(SocketChannelImpl.java:195)
	at java.base/sun.nio.ch.SocketChannelImpl.beginConnect(SocketChannelImpl.java:760)
	at java.base/sun.nio.ch.SocketChannelImpl.connect(SocketChannelImpl.java:848)
	at java.net.http/jdk.internal.net.http.PlainHttpConnection.lambda$connectAsync$0(PlainHttpConnection.java:183)
	at java.base/java.security.AccessController.doPrivileged(AccessController.java:569)
	at java.net.http/jdk.internal.net.http.PlainHttpConnection.connectAsync(PlainHttpConnection.java:185)
	... 9 common frames omitted
2026-06-23 09:48:51.632 [pool-1-thread-37] ERROR com.mp3.desktop.Programme3 - Erreur API - Tentative 2/2 pour ?Louane - Maman (2015) Official Music Video
java.net.ConnectException: null
	at java.net.http/jdk.internal.net.http.HttpClientImpl.send(HttpClientImpl.java:573)
	at java.net.http/jdk.internal.net.http.HttpClientFacade.send(HttpClientFacade.java:123)
	at com.mp3.desktop.Programme3.verifierSiExiste(Programme3.java:132)
	at com.mp3.desktop.Programme3.traiterMetadata(Programme3.java:102)
	at com.mp3.desktop.Programme3.lambda$run$0(Programme3.java:64)
	at com.rabbitmq.client.impl.recovery.AutorecoveringChannel$2.handleDelivery(AutorecoveringChannel.java:588)
	at com.rabbitmq.client.impl.ConsumerDispatcher$5.run(ConsumerDispatcher.java:149)
	at com.rabbitmq.client.impl.ConsumerWorkService$WorkPoolRunnable.run(ConsumerWorkService.java:111)
	at java.base/java.util.concurrent.ThreadPoolExecutor.runWorker(ThreadPoolExecutor.java:1136)
	at java.base/java.util.concurrent.ThreadPoolExecutor$Worker.run(ThreadPoolExecutor.java:635)
	at java.base/java.lang.Thread.run(Thread.java:842)
Caused by: java.net.ConnectException: null
	at java.net.http/jdk.internal.net.http.common.Utils.toConnectException(Utils.java:1055)
	at java.net.http/jdk.internal.net.http.PlainHttpConnection.connectAsync(PlainHttpConnection.java:198)
	at java.net.http/jdk.internal.net.http.PlainHttpConnection.checkRetryConnect(PlainHttpConnection.java:230)
	at java.net.http/jdk.internal.net.http.PlainHttpConnection.lambda$connectAsync$1(PlainHttpConnection.java:206)
	at java.base/java.util.concurrent.CompletableFuture.uniHandle(CompletableFuture.java:934)
	at java.base/java.util.concurrent.CompletableFuture$UniHandle.tryFire(CompletableFuture.java:911)
	at java.base/java.util.concurrent.CompletableFuture.postComplete(CompletableFuture.java:510)
	at java.base/java.util.concurrent.CompletableFuture$AsyncSupply.run(CompletableFuture.java:1773)
	... 3 common frames omitted
Caused by: java.nio.channels.ClosedChannelException: null
	at java.base/sun.nio.ch.SocketChannelImpl.ensureOpen(SocketChannelImpl.java:195)
	at java.base/sun.nio.ch.SocketChannelImpl.beginConnect(SocketChannelImpl.java:760)
	at java.base/sun.nio.ch.SocketChannelImpl.connect(SocketChannelImpl.java:848)
	at java.net.http/jdk.internal.net.http.PlainHttpConnection.lambda$connectAsync$0(PlainHttpConnection.java:183)
	at java.base/java.security.AccessController.doPrivileged(AccessController.java:569)
	at java.net.http/jdk.internal.net.http.PlainHttpConnection.connectAsync(PlainHttpConnection.java:185)
	... 9 common frames omitted
2026-06-23 09:48:51.632 [pool-1-thread-37] ERROR com.mp3.desktop.Programme3 - ECHEC definitif pour l'envoi de : ?Louane - Maman (2015) Official Music Video. Le fichier NE SERA PAS supprime.
2026-06-23 09:48:51.632 [pool-1-thread-38] INFO  com.mp3.desktop.Programme3 - <- Metadata recu (P3) : Matsiro kosa ny nanaovan_i Fy Rasolofoniaina ny hiran_ny tarika _Zay teto.(480P_SD)
2026-06-23 09:48:51.636 [pool-1-thread-38] ERROR com.mp3.desktop.Programme3 - Erreur API - Tentative 1/2 pour Matsiro kosa ny nanaovan_i Fy Rasolofoniaina ny hiran_ny tarika _Zay teto.(480P_SD)
java.net.ConnectException: null
	at java.net.http/jdk.internal.net.http.HttpClientImpl.send(HttpClientImpl.java:573)
	at java.net.http/jdk.internal.net.http.HttpClientFacade.send(HttpClientFacade.java:123)
	at com.mp3.desktop.Programme3.verifierSiExiste(Programme3.java:132)
	at com.mp3.desktop.Programme3.traiterMetadata(Programme3.java:102)
	at com.mp3.desktop.Programme3.lambda$run$0(Programme3.java:64)
	at com.rabbitmq.client.impl.recovery.AutorecoveringChannel$2.handleDelivery(AutorecoveringChannel.java:588)
	at com.rabbitmq.client.impl.ConsumerDispatcher$5.run(ConsumerDispatcher.java:149)
	at com.rabbitmq.client.impl.ConsumerWorkService$WorkPoolRunnable.run(ConsumerWorkService.java:111)
	at java.base/java.util.concurrent.ThreadPoolExecutor.runWorker(ThreadPoolExecutor.java:1136)
	at java.base/java.util.concurrent.ThreadPoolExecutor$Worker.run(ThreadPoolExecutor.java:635)
	at java.base/java.lang.Thread.run(Thread.java:842)
Caused by: java.net.ConnectException: null
	at java.net.http/jdk.internal.net.http.common.Utils.toConnectException(Utils.java:1055)
	at java.net.http/jdk.internal.net.http.PlainHttpConnection.connectAsync(PlainHttpConnection.java:198)
	at java.net.http/jdk.internal.net.http.PlainHttpConnection.checkRetryConnect(PlainHttpConnection.java:230)
	at java.net.http/jdk.internal.net.http.PlainHttpConnection.lambda$connectAsync$1(PlainHttpConnection.java:206)
	at java.base/java.util.concurrent.CompletableFuture.uniHandle(CompletableFuture.java:934)
	at java.base/java.util.concurrent.CompletableFuture$UniHandle.tryFire(CompletableFuture.java:911)
	at java.base/java.util.concurrent.CompletableFuture.postComplete(CompletableFuture.java:510)
	at java.base/java.util.concurrent.CompletableFuture$AsyncSupply.run(CompletableFuture.java:1773)
	... 3 common frames omitted
Caused by: java.nio.channels.ClosedChannelException: null
	at java.base/sun.nio.ch.SocketChannelImpl.ensureOpen(SocketChannelImpl.java:195)
	at java.base/sun.nio.ch.SocketChannelImpl.beginConnect(SocketChannelImpl.java:760)
	at java.base/sun.nio.ch.SocketChannelImpl.connect(SocketChannelImpl.java:848)
	at java.net.http/jdk.internal.net.http.PlainHttpConnection.lambda$connectAsync$0(PlainHttpConnection.java:183)
	at java.base/java.security.AccessController.doPrivileged(AccessController.java:569)
	at java.net.http/jdk.internal.net.http.PlainHttpConnection.connectAsync(PlainHttpConnection.java:185)
	... 9 common frames omitted
2026-06-23 09:48:53.651 [pool-1-thread-38] ERROR com.mp3.desktop.Programme3 - Erreur API - Tentative 2/2 pour Matsiro kosa ny nanaovan_i Fy Rasolofoniaina ny hiran_ny tarika _Zay teto.(480P_SD)
java.net.ConnectException: null
	at java.net.http/jdk.internal.net.http.HttpClientImpl.send(HttpClientImpl.java:573)
	at java.net.http/jdk.internal.net.http.HttpClientFacade.send(HttpClientFacade.java:123)
	at com.mp3.desktop.Programme3.verifierSiExiste(Programme3.java:132)
	at com.mp3.desktop.Programme3.traiterMetadata(Programme3.java:102)
	at com.mp3.desktop.Programme3.lambda$run$0(Programme3.java:64)
	at com.rabbitmq.client.impl.recovery.AutorecoveringChannel$2.handleDelivery(AutorecoveringChannel.java:588)
	at com.rabbitmq.client.impl.ConsumerDispatcher$5.run(ConsumerDispatcher.java:149)
	at com.rabbitmq.client.impl.ConsumerWorkService$WorkPoolRunnable.run(ConsumerWorkService.java:111)
	at java.base/java.util.concurrent.ThreadPoolExecutor.runWorker(ThreadPoolExecutor.java:1136)
	at java.base/java.util.concurrent.ThreadPoolExecutor$Worker.run(ThreadPoolExecutor.java:635)
	at java.base/java.lang.Thread.run(Thread.java:842)
Caused by: java.net.ConnectException: null
	at java.net.http/jdk.internal.net.http.common.Utils.toConnectException(Utils.java:1055)
	at java.net.http/jdk.internal.net.http.PlainHttpConnection.connectAsync(PlainHttpConnection.java:198)
	at java.net.http/jdk.internal.net.http.PlainHttpConnection.checkRetryConnect(PlainHttpConnection.java:230)
	at java.net.http/jdk.internal.net.http.PlainHttpConnection.lambda$connectAsync$1(PlainHttpConnection.java:206)
	at java.base/java.util.concurrent.CompletableFuture.uniHandle(CompletableFuture.java:934)
	at java.base/java.util.concurrent.CompletableFuture$UniHandle.tryFire(CompletableFuture.java:911)
	at java.base/java.util.concurrent.CompletableFuture.postComplete(CompletableFuture.java:510)
	at java.base/java.util.concurrent.CompletableFuture$AsyncSupply.run(CompletableFuture.java:1773)
	... 3 common frames omitted
Caused by: java.nio.channels.ClosedChannelException: null
	at java.base/sun.nio.ch.SocketChannelImpl.ensureOpen(SocketChannelImpl.java:195)
	at java.base/sun.nio.ch.SocketChannelImpl.beginConnect(SocketChannelImpl.java:760)
	at java.base/sun.nio.ch.SocketChannelImpl.connect(SocketChannelImpl.java:848)
	at java.net.http/jdk.internal.net.http.PlainHttpConnection.lambda$connectAsync$0(PlainHttpConnection.java:183)
	at java.base/java.security.AccessController.doPrivileged(AccessController.java:569)
	at java.net.http/jdk.internal.net.http.PlainHttpConnection.connectAsync(PlainHttpConnection.java:185)
	... 9 common frames omitted
2026-06-23 09:48:53.656 [pool-1-thread-38] ERROR com.mp3.desktop.Programme3 - ECHEC definitif pour l'envoi de : Matsiro kosa ny nanaovan_i Fy Rasolofoniaina ny hiran_ny tarika _Zay teto.(480P_SD). Le fichier NE SERA PAS supprime.
2026-06-23 09:48:53.660 [pool-1-thread-43] INFO  com.mp3.desktop.Programme3 - <- Metadata recu (P3) : ?Misia
2026-06-23 09:48:53.669 [pool-1-thread-43] ERROR com.mp3.desktop.Programme3 - Erreur API - Tentative 1/2 pour ?Misia
java.net.ConnectException: null
	at java.net.http/jdk.internal.net.http.HttpClientImpl.send(HttpClientImpl.java:573)
	at java.net.http/jdk.internal.net.http.HttpClientFacade.send(HttpClientFacade.java:123)
	at com.mp3.desktop.Programme3.verifierSiExiste(Programme3.java:132)
	at com.mp3.desktop.Programme3.traiterMetadata(Programme3.java:102)
	at com.mp3.desktop.Programme3.lambda$run$0(Programme3.java:64)
	at com.rabbitmq.client.impl.recovery.AutorecoveringChannel$2.handleDelivery(AutorecoveringChannel.java:588)
	at com.rabbitmq.client.impl.ConsumerDispatcher$5.run(ConsumerDispatcher.java:149)
	at com.rabbitmq.client.impl.ConsumerWorkService$WorkPoolRunnable.run(ConsumerWorkService.java:111)
	at java.base/java.util.concurrent.ThreadPoolExecutor.runWorker(ThreadPoolExecutor.java:1136)
	at java.base/java.util.concurrent.ThreadPoolExecutor$Worker.run(ThreadPoolExecutor.java:635)
	at java.base/java.lang.Thread.run(Thread.java:842)
Caused by: java.net.ConnectException: null
	at java.net.http/jdk.internal.net.http.common.Utils.toConnectException(Utils.java:1055)
	at java.net.http/jdk.internal.net.http.PlainHttpConnection.connectAsync(PlainHttpConnection.java:198)
	at java.net.http/jdk.internal.net.http.PlainHttpConnection.checkRetryConnect(PlainHttpConnection.java:230)
	at java.net.http/jdk.internal.net.http.PlainHttpConnection.lambda$connectAsync$1(PlainHttpConnection.java:206)
	at java.base/java.util.concurrent.CompletableFuture.uniHandle(CompletableFuture.java:934)
	at java.base/java.util.concurrent.CompletableFuture$UniHandle.tryFire(CompletableFuture.java:911)
	at java.base/java.util.concurrent.CompletableFuture.postComplete(CompletableFuture.java:510)
	at java.base/java.util.concurrent.CompletableFuture$AsyncSupply.run(CompletableFuture.java:1773)
	... 3 common frames omitted
Caused by: java.nio.channels.ClosedChannelException: null
	at java.base/sun.nio.ch.SocketChannelImpl.ensureOpen(SocketChannelImpl.java:195)
	at java.base/sun.nio.ch.SocketChannelImpl.beginConnect(SocketChannelImpl.java:760)
	at java.base/sun.nio.ch.SocketChannelImpl.connect(SocketChannelImpl.java:848)
	at java.net.http/jdk.internal.net.http.PlainHttpConnection.lambda$connectAsync$0(PlainHttpConnection.java:183)
	at java.base/java.security.AccessController.doPrivileged(AccessController.java:569)
	at java.net.http/jdk.internal.net.http.PlainHttpConnection.connectAsync(PlainHttpConnection.java:185)
	... 9 common frames omitted
2026-06-23 09:48:55.684 [pool-1-thread-43] ERROR com.mp3.desktop.Programme3 - Erreur API - Tentative 2/2 pour ?Misia
java.net.ConnectException: null
	at java.net.http/jdk.internal.net.http.HttpClientImpl.send(HttpClientImpl.java:573)
	at java.net.http/jdk.internal.net.http.HttpClientFacade.send(HttpClientFacade.java:123)
	at com.mp3.desktop.Programme3.verifierSiExiste(Programme3.java:132)
	at com.mp3.desktop.Programme3.traiterMetadata(Programme3.java:102)
	at com.mp3.desktop.Programme3.lambda$run$0(Programme3.java:64)
	at com.rabbitmq.client.impl.recovery.AutorecoveringChannel$2.handleDelivery(AutorecoveringChannel.java:588)
	at com.rabbitmq.client.impl.ConsumerDispatcher$5.run(ConsumerDispatcher.java:149)
	at com.rabbitmq.client.impl.ConsumerWorkService$WorkPoolRunnable.run(ConsumerWorkService.java:111)
	at java.base/java.util.concurrent.ThreadPoolExecutor.runWorker(ThreadPoolExecutor.java:1136)
	at java.base/java.util.concurrent.ThreadPoolExecutor$Worker.run(ThreadPoolExecutor.java:635)
	at java.base/java.lang.Thread.run(Thread.java:842)
Caused by: java.net.ConnectException: null
	at java.net.http/jdk.internal.net.http.common.Utils.toConnectException(Utils.java:1055)
	at java.net.http/jdk.internal.net.http.PlainHttpConnection.connectAsync(PlainHttpConnection.java:198)
	at java.net.http/jdk.internal.net.http.PlainHttpConnection.checkRetryConnect(PlainHttpConnection.java:230)
	at java.net.http/jdk.internal.net.http.PlainHttpConnection.lambda$connectAsync$1(PlainHttpConnection.java:206)
	at java.base/java.util.concurrent.CompletableFuture.uniHandle(CompletableFuture.java:934)
	at java.base/java.util.concurrent.CompletableFuture$UniHandle.tryFire(CompletableFuture.java:911)
	at java.base/java.util.concurrent.CompletableFuture.postComplete(CompletableFuture.java:510)
	at java.base/java.util.concurrent.CompletableFuture$AsyncSupply.run(CompletableFuture.java:1773)
	... 3 common frames omitted
Caused by: java.nio.channels.ClosedChannelException: null
	at java.base/sun.nio.ch.SocketChannelImpl.ensureOpen(SocketChannelImpl.java:195)
	at java.base/sun.nio.ch.SocketChannelImpl.beginConnect(SocketChannelImpl.java:760)
	at java.base/sun.nio.ch.SocketChannelImpl.connect(SocketChannelImpl.java:848)
	at java.net.http/jdk.internal.net.http.PlainHttpConnection.lambda$connectAsync$0(PlainHttpConnection.java:183)
	at java.base/java.security.AccessController.doPrivileged(AccessController.java:569)
	at java.net.http/jdk.internal.net.http.PlainHttpConnection.connectAsync(PlainHttpConnection.java:185)
	... 9 common frames omitted
2026-06-23 09:48:55.685 [pool-1-thread-43] ERROR com.mp3.desktop.Programme3 - ECHEC definitif pour l'envoi de : ?Misia. Le fichier NE SERA PAS supprime.
2026-06-23 09:48:55.686 [pool-1-thread-44] INFO  com.mp3.desktop.Programme3 - <- Metadata recu (P3) : ?MITONIA - REKO (Official lyrics video)
2026-06-23 09:48:55.690 [pool-1-thread-44] ERROR com.mp3.desktop.Programme3 - Erreur API - Tentative 1/2 pour ?MITONIA - REKO (Official lyrics video)
java.net.ConnectException: null
	at java.net.http/jdk.internal.net.http.HttpClientImpl.send(HttpClientImpl.java:573)
	at java.net.http/jdk.internal.net.http.HttpClientFacade.send(HttpClientFacade.java:123)
	at com.mp3.desktop.Programme3.verifierSiExiste(Programme3.java:132)
	at com.mp3.desktop.Programme3.traiterMetadata(Programme3.java:102)
	at com.mp3.desktop.Programme3.lambda$run$0(Programme3.java:64)
	at com.rabbitmq.client.impl.recovery.AutorecoveringChannel$2.handleDelivery(AutorecoveringChannel.java:588)
	at com.rabbitmq.client.impl.ConsumerDispatcher$5.run(ConsumerDispatcher.java:149)
	at com.rabbitmq.client.impl.ConsumerWorkService$WorkPoolRunnable.run(ConsumerWorkService.java:111)
	at java.base/java.util.concurrent.ThreadPoolExecutor.runWorker(ThreadPoolExecutor.java:1136)
	at java.base/java.util.concurrent.ThreadPoolExecutor$Worker.run(ThreadPoolExecutor.java:635)
	at java.base/java.lang.Thread.run(Thread.java:842)
Caused by: java.net.ConnectException: null
	at java.net.http/jdk.internal.net.http.common.Utils.toConnectException(Utils.java:1055)
	at java.net.http/jdk.internal.net.http.PlainHttpConnection.connectAsync(PlainHttpConnection.java:198)
	at java.net.http/jdk.internal.net.http.PlainHttpConnection.checkRetryConnect(PlainHttpConnection.java:230)
	at java.net.http/jdk.internal.net.http.PlainHttpConnection.lambda$connectAsync$1(PlainHttpConnection.java:206)
	at java.base/java.util.concurrent.CompletableFuture.uniHandle(CompletableFuture.java:934)
	at java.base/java.util.concurrent.CompletableFuture$UniHandle.tryFire(CompletableFuture.java:911)
	at java.base/java.util.concurrent.CompletableFuture.postComplete(CompletableFuture.java:510)
	at java.base/java.util.concurrent.CompletableFuture$AsyncSupply.run(CompletableFuture.java:1773)
	... 3 common frames omitted
Caused by: java.nio.channels.ClosedChannelException: null
	at java.base/sun.nio.ch.SocketChannelImpl.ensureOpen(SocketChannelImpl.java:195)
	at java.base/sun.nio.ch.SocketChannelImpl.beginConnect(SocketChannelImpl.java:760)
	at java.base/sun.nio.ch.SocketChannelImpl.connect(SocketChannelImpl.java:848)
	at java.net.http/jdk.internal.net.http.PlainHttpConnection.lambda$connectAsync$0(PlainHttpConnection.java:183)
	at java.base/java.security.AccessController.doPrivileged(AccessController.java:569)
	at java.net.http/jdk.internal.net.http.PlainHttpConnection.connectAsync(PlainHttpConnection.java:185)
	... 9 common frames omitted
2026-06-23 09:48:57.701 [pool-1-thread-44] ERROR com.mp3.desktop.Programme3 - Erreur API - Tentative 2/2 pour ?MITONIA - REKO (Official lyrics video)
java.net.ConnectException: null
	at java.net.http/jdk.internal.net.http.HttpClientImpl.send(HttpClientImpl.java:573)
	at java.net.http/jdk.internal.net.http.HttpClientFacade.send(HttpClientFacade.java:123)
	at com.mp3.desktop.Programme3.verifierSiExiste(Programme3.java:132)
	at com.mp3.desktop.Programme3.traiterMetadata(Programme3.java:102)
	at com.mp3.desktop.Programme3.lambda$run$0(Programme3.java:64)
	at com.rabbitmq.client.impl.recovery.AutorecoveringChannel$2.handleDelivery(AutorecoveringChannel.java:588)
	at com.rabbitmq.client.impl.ConsumerDispatcher$5.run(ConsumerDispatcher.java:149)
	at com.rabbitmq.client.impl.ConsumerWorkService$WorkPoolRunnable.run(ConsumerWorkService.java:111)
	at java.base/java.util.concurrent.ThreadPoolExecutor.runWorker(ThreadPoolExecutor.java:1136)
	at java.base/java.util.concurrent.ThreadPoolExecutor$Worker.run(ThreadPoolExecutor.java:635)
	at java.base/java.lang.Thread.run(Thread.java:842)
Caused by: java.net.ConnectException: null
	at java.net.http/jdk.internal.net.http.common.Utils.toConnectException(Utils.java:1055)
	at java.net.http/jdk.internal.net.http.PlainHttpConnection.connectAsync(PlainHttpConnection.java:198)
	at java.net.http/jdk.internal.net.http.PlainHttpConnection.checkRetryConnect(PlainHttpConnection.java:230)
	at java.net.http/jdk.internal.net.http.PlainHttpConnection.lambda$connectAsync$1(PlainHttpConnection.java:206)
	at java.base/java.util.concurrent.CompletableFuture.uniHandle(CompletableFuture.java:934)
	at java.base/java.util.concurrent.CompletableFuture$UniHandle.tryFire(CompletableFuture.java:911)
	at java.base/java.util.concurrent.CompletableFuture.postComplete(CompletableFuture.java:510)
	at java.base/java.util.concurrent.CompletableFuture$AsyncSupply.run(CompletableFuture.java:1773)
	... 3 common frames omitted
Caused by: java.nio.channels.ClosedChannelException: null
	at java.base/sun.nio.ch.SocketChannelImpl.ensureOpen(SocketChannelImpl.java:195)
	at java.base/sun.nio.ch.SocketChannelImpl.beginConnect(SocketChannelImpl.java:760)
	at java.base/sun.nio.ch.SocketChannelImpl.connect(SocketChannelImpl.java:848)
	at java.net.http/jdk.internal.net.http.PlainHttpConnection.lambda$connectAsync$0(PlainHttpConnection.java:183)
	at java.base/java.security.AccessController.doPrivileged(AccessController.java:569)
	at java.net.http/jdk.internal.net.http.PlainHttpConnection.connectAsync(PlainHttpConnection.java:185)
	... 9 common frames omitted
2026-06-23 09:48:57.702 [pool-1-thread-44] ERROR com.mp3.desktop.Programme3 - ECHEC definitif pour l'envoi de : ?MITONIA - REKO (Official lyrics video). Le fichier NE SERA PAS supprime.
2026-06-23 09:48:57.702 [pool-1-thread-14] INFO  com.mp3.desktop.Programme3 - <- Metadata recu (P3) : ?Ny Anaranao
2026-06-23 09:48:57.706 [pool-1-thread-14] ERROR com.mp3.desktop.Programme3 - Erreur API - Tentative 1/2 pour ?Ny Anaranao
java.net.ConnectException: null
	at java.net.http/jdk.internal.net.http.HttpClientImpl.send(HttpClientImpl.java:573)
	at java.net.http/jdk.internal.net.http.HttpClientFacade.send(HttpClientFacade.java:123)
	at com.mp3.desktop.Programme3.verifierSiExiste(Programme3.java:132)
	at com.mp3.desktop.Programme3.traiterMetadata(Programme3.java:102)
	at com.mp3.desktop.Programme3.lambda$run$0(Programme3.java:64)
	at com.rabbitmq.client.impl.recovery.AutorecoveringChannel$2.handleDelivery(AutorecoveringChannel.java:588)
	at com.rabbitmq.client.impl.ConsumerDispatcher$5.run(ConsumerDispatcher.java:149)
	at com.rabbitmq.client.impl.ConsumerWorkService$WorkPoolRunnable.run(ConsumerWorkService.java:111)
	at java.base/java.util.concurrent.ThreadPoolExecutor.runWorker(ThreadPoolExecutor.java:1136)
	at java.base/java.util.concurrent.ThreadPoolExecutor$Worker.run(ThreadPoolExecutor.java:635)
	at java.base/java.lang.Thread.run(Thread.java:842)
Caused by: java.net.ConnectException: null
	at java.net.http/jdk.internal.net.http.common.Utils.toConnectException(Utils.java:1055)
	at java.net.http/jdk.internal.net.http.PlainHttpConnection.connectAsync(PlainHttpConnection.java:198)
	at java.net.http/jdk.internal.net.http.PlainHttpConnection.checkRetryConnect(PlainHttpConnection.java:230)
	at java.net.http/jdk.internal.net.http.PlainHttpConnection.lambda$connectAsync$1(PlainHttpConnection.java:206)
	at java.base/java.util.concurrent.CompletableFuture.uniHandle(CompletableFuture.java:934)
	at java.base/java.util.concurrent.CompletableFuture$UniHandle.tryFire(CompletableFuture.java:911)
	at java.base/java.util.concurrent.CompletableFuture.postComplete(CompletableFuture.java:510)
	at java.base/java.util.concurrent.CompletableFuture$AsyncSupply.run(CompletableFuture.java:1773)
	... 3 common frames omitted
Caused by: java.nio.channels.ClosedChannelException: null
	at java.base/sun.nio.ch.SocketChannelImpl.ensureOpen(SocketChannelImpl.java:195)
	at java.base/sun.nio.ch.SocketChannelImpl.beginConnect(SocketChannelImpl.java:760)
	at java.base/sun.nio.ch.SocketChannelImpl.connect(SocketChannelImpl.java:848)
	at java.net.http/jdk.internal.net.http.PlainHttpConnection.lambda$connectAsync$0(PlainHttpConnection.java:183)
	at java.base/java.security.AccessController.doPrivileged(AccessController.java:569)
	at java.net.http/jdk.internal.net.http.PlainHttpConnection.connectAsync(PlainHttpConnection.java:185)
	... 9 common frames omitted
2026-06-23 09:48:59.721 [pool-1-thread-14] ERROR com.mp3.desktop.Programme3 - Erreur API - Tentative 2/2 pour ?Ny Anaranao
java.net.ConnectException: null
	at java.net.http/jdk.internal.net.http.HttpClientImpl.send(HttpClientImpl.java:573)
	at java.net.http/jdk.internal.net.http.HttpClientFacade.send(HttpClientFacade.java:123)
	at com.mp3.desktop.Programme3.verifierSiExiste(Programme3.java:132)
	at com.mp3.desktop.Programme3.traiterMetadata(Programme3.java:102)
	at com.mp3.desktop.Programme3.lambda$run$0(Programme3.java:64)
	at com.rabbitmq.client.impl.recovery.AutorecoveringChannel$2.handleDelivery(AutorecoveringChannel.java:588)
	at com.rabbitmq.client.impl.ConsumerDispatcher$5.run(ConsumerDispatcher.java:149)
	at com.rabbitmq.client.impl.ConsumerWorkService$WorkPoolRunnable.run(ConsumerWorkService.java:111)
	at java.base/java.util.concurrent.ThreadPoolExecutor.runWorker(ThreadPoolExecutor.java:1136)
	at java.base/java.util.concurrent.ThreadPoolExecutor$Worker.run(ThreadPoolExecutor.java:635)
	at java.base/java.lang.Thread.run(Thread.java:842)
Caused by: java.net.ConnectException: null
	at java.net.http/jdk.internal.net.http.common.Utils.toConnectException(Utils.java:1055)
	at java.net.http/jdk.internal.net.http.PlainHttpConnection.connectAsync(PlainHttpConnection.java:198)
	at java.net.http/jdk.internal.net.http.PlainHttpConnection.checkRetryConnect(PlainHttpConnection.java:230)
	at java.net.http/jdk.internal.net.http.PlainHttpConnection.lambda$connectAsync$1(PlainHttpConnection.java:206)
	at java.base/java.util.concurrent.CompletableFuture.uniHandle(CompletableFuture.java:934)
	at java.base/java.util.concurrent.CompletableFuture$UniHandle.tryFire(CompletableFuture.java:911)
	at java.base/java.util.concurrent.CompletableFuture.postComplete(CompletableFuture.java:510)
	at java.base/java.util.concurrent.CompletableFuture$AsyncSupply.run(CompletableFuture.java:1773)
	... 3 common frames omitted
Caused by: java.nio.channels.ClosedChannelException: null
	at java.base/sun.nio.ch.SocketChannelImpl.ensureOpen(SocketChannelImpl.java:195)
	at java.base/sun.nio.ch.SocketChannelImpl.beginConnect(SocketChannelImpl.java:760)
	at java.base/sun.nio.ch.SocketChannelImpl.connect(SocketChannelImpl.java:848)
	at java.net.http/jdk.internal.net.http.PlainHttpConnection.lambda$connectAsync$0(PlainHttpConnection.java:183)
	at java.base/java.security.AccessController.doPrivileged(AccessController.java:569)
	at java.net.http/jdk.internal.net.http.PlainHttpConnection.connectAsync(PlainHttpConnection.java:185)
	... 9 common frames omitted
2026-06-23 09:48:59.731 [pool-1-thread-14] ERROR com.mp3.desktop.Programme3 - ECHEC definitif pour l'envoi de : ?Ny Anaranao. Le fichier NE SERA PAS supprime.
2026-06-23 09:48:59.732 [pool-1-thread-29] INFO  com.mp3.desktop.Programme3 - <- Metadata recu (P3) : ?Rotoroto
2026-06-23 09:48:59.741 [pool-1-thread-29] ERROR com.mp3.desktop.Programme3 - Erreur API - Tentative 1/2 pour ?Rotoroto
java.net.ConnectException: null
	at java.net.http/jdk.internal.net.http.HttpClientImpl.send(HttpClientImpl.java:573)
	at java.net.http/jdk.internal.net.http.HttpClientFacade.send(HttpClientFacade.java:123)
	at com.mp3.desktop.Programme3.verifierSiExiste(Programme3.java:132)
	at com.mp3.desktop.Programme3.traiterMetadata(Programme3.java:102)
	at com.mp3.desktop.Programme3.lambda$run$0(Programme3.java:64)
	at com.rabbitmq.client.impl.recovery.AutorecoveringChannel$2.handleDelivery(AutorecoveringChannel.java:588)
	at com.rabbitmq.client.impl.ConsumerDispatcher$5.run(ConsumerDispatcher.java:149)
	at com.rabbitmq.client.impl.ConsumerWorkService$WorkPoolRunnable.run(ConsumerWorkService.java:111)
	at java.base/java.util.concurrent.ThreadPoolExecutor.runWorker(ThreadPoolExecutor.java:1136)
	at java.base/java.util.concurrent.ThreadPoolExecutor$Worker.run(ThreadPoolExecutor.java:635)
	at java.base/java.lang.Thread.run(Thread.java:842)
Caused by: java.net.ConnectException: null
	at java.net.http/jdk.internal.net.http.common.Utils.toConnectException(Utils.java:1055)
	at java.net.http/jdk.internal.net.http.PlainHttpConnection.connectAsync(PlainHttpConnection.java:198)
	at java.net.http/jdk.internal.net.http.PlainHttpConnection.checkRetryConnect(PlainHttpConnection.java:230)
	at java.net.http/jdk.internal.net.http.PlainHttpConnection.lambda$connectAsync$1(PlainHttpConnection.java:206)
	at java.base/java.util.concurrent.CompletableFuture.uniHandle(CompletableFuture.java:934)
	at java.base/java.util.concurrent.CompletableFuture$UniHandle.tryFire(CompletableFuture.java:911)
	at java.base/java.util.concurrent.CompletableFuture.postComplete(CompletableFuture.java:510)
	at java.base/java.util.concurrent.CompletableFuture$AsyncSupply.run(CompletableFuture.java:1773)
	... 3 common frames omitted
Caused by: java.nio.channels.ClosedChannelException: null
	at java.base/sun.nio.ch.SocketChannelImpl.ensureOpen(SocketChannelImpl.java:195)
	at java.base/sun.nio.ch.SocketChannelImpl.beginConnect(SocketChannelImpl.java:760)
	at java.base/sun.nio.ch.SocketChannelImpl.connect(SocketChannelImpl.java:848)
	at java.net.http/jdk.internal.net.http.PlainHttpConnection.lambda$connectAsync$0(PlainHttpConnection.java:183)
	at java.base/java.security.AccessController.doPrivileged(AccessController.java:569)
	at java.net.http/jdk.internal.net.http.PlainHttpConnection.connectAsync(PlainHttpConnection.java:185)
	... 9 common frames omitted
2026-06-23 09:49:01.763 [pool-1-thread-29] ERROR com.mp3.desktop.Programme3 - Erreur API - Tentative 2/2 pour ?Rotoroto
java.net.ConnectException: null
	at java.net.http/jdk.internal.net.http.HttpClientImpl.send(HttpClientImpl.java:573)
	at java.net.http/jdk.internal.net.http.HttpClientFacade.send(HttpClientFacade.java:123)
	at com.mp3.desktop.Programme3.verifierSiExiste(Programme3.java:132)
	at com.mp3.desktop.Programme3.traiterMetadata(Programme3.java:102)
	at com.mp3.desktop.Programme3.lambda$run$0(Programme3.java:64)
	at com.rabbitmq.client.impl.recovery.AutorecoveringChannel$2.handleDelivery(AutorecoveringChannel.java:588)
	at com.rabbitmq.client.impl.ConsumerDispatcher$5.run(ConsumerDispatcher.java:149)
	at com.rabbitmq.client.impl.ConsumerWorkService$WorkPoolRunnable.run(ConsumerWorkService.java:111)
	at java.base/java.util.concurrent.ThreadPoolExecutor.runWorker(ThreadPoolExecutor.java:1136)
	at java.base/java.util.concurrent.ThreadPoolExecutor$Worker.run(ThreadPoolExecutor.java:635)
	at java.base/java.lang.Thread.run(Thread.java:842)
Caused by: java.net.ConnectException: null
	at java.net.http/jdk.internal.net.http.common.Utils.toConnectException(Utils.java:1055)
	at java.net.http/jdk.internal.net.http.PlainHttpConnection.connectAsync(PlainHttpConnection.java:198)
	at java.net.http/jdk.internal.net.http.PlainHttpConnection.checkRetryConnect(PlainHttpConnection.java:230)
	at java.net.http/jdk.internal.net.http.PlainHttpConnection.lambda$connectAsync$1(PlainHttpConnection.java:206)
	at java.base/java.util.concurrent.CompletableFuture.uniHandle(CompletableFuture.java:934)
	at java.base/java.util.concurrent.CompletableFuture$UniHandle.tryFire(CompletableFuture.java:911)
	at java.base/java.util.concurrent.CompletableFuture.postComplete(CompletableFuture.java:510)
	at java.base/java.util.concurrent.CompletableFuture$AsyncSupply.run(CompletableFuture.java:1773)
	... 3 common frames omitted
Caused by: java.nio.channels.ClosedChannelException: null
	at java.base/sun.nio.ch.SocketChannelImpl.ensureOpen(SocketChannelImpl.java:195)
	at java.base/sun.nio.ch.SocketChannelImpl.beginConnect(SocketChannelImpl.java:760)
	at java.base/sun.nio.ch.SocketChannelImpl.connect(SocketChannelImpl.java:848)
	at java.net.http/jdk.internal.net.http.PlainHttpConnection.lambda$connectAsync$0(PlainHttpConnection.java:183)
	at java.base/java.security.AccessController.doPrivileged(AccessController.java:569)
	at java.net.http/jdk.internal.net.http.PlainHttpConnection.connectAsync(PlainHttpConnection.java:185)
	... 9 common frames omitted
2026-06-23 09:49:01.765 [pool-1-thread-29] ERROR com.mp3.desktop.Programme3 - ECHEC definitif pour l'envoi de : ?Rotoroto. Le fichier NE SERA PAS supprime.
2026-06-23 09:49:01.766 [pool-1-thread-35] INFO  com.mp3.desktop.Programme3 - <- Metadata recu (P3) : ?Tongasoa
2026-06-23 09:49:01.768 [pool-1-thread-35] ERROR com.mp3.desktop.Programme3 - Erreur API - Tentative 1/2 pour ?Tongasoa
java.net.ConnectException: null
	at java.net.http/jdk.internal.net.http.HttpClientImpl.send(HttpClientImpl.java:573)
	at java.net.http/jdk.internal.net.http.HttpClientFacade.send(HttpClientFacade.java:123)
	at com.mp3.desktop.Programme3.verifierSiExiste(Programme3.java:132)
	at com.mp3.desktop.Programme3.traiterMetadata(Programme3.java:102)
	at com.mp3.desktop.Programme3.lambda$run$0(Programme3.java:64)
	at com.rabbitmq.client.impl.recovery.AutorecoveringChannel$2.handleDelivery(AutorecoveringChannel.java:588)
	at com.rabbitmq.client.impl.ConsumerDispatcher$5.run(ConsumerDispatcher.java:149)
	at com.rabbitmq.client.impl.ConsumerWorkService$WorkPoolRunnable.run(ConsumerWorkService.java:111)
	at java.base/java.util.concurrent.ThreadPoolExecutor.runWorker(ThreadPoolExecutor.java:1136)
	at java.base/java.util.concurrent.ThreadPoolExecutor$Worker.run(ThreadPoolExecutor.java:635)
	at java.base/java.lang.Thread.run(Thread.java:842)
Caused by: java.net.ConnectException: null
	at java.net.http/jdk.internal.net.http.common.Utils.toConnectException(Utils.java:1055)
	at java.net.http/jdk.internal.net.http.PlainHttpConnection.connectAsync(PlainHttpConnection.java:198)
	at java.net.http/jdk.internal.net.http.PlainHttpConnection.checkRetryConnect(PlainHttpConnection.java:230)
	at java.net.http/jdk.internal.net.http.PlainHttpConnection.lambda$connectAsync$1(PlainHttpConnection.java:206)
	at java.base/java.util.concurrent.CompletableFuture.uniHandle(CompletableFuture.java:934)
	at java.base/java.util.concurrent.CompletableFuture$UniHandle.tryFire(CompletableFuture.java:911)
	at java.base/java.util.concurrent.CompletableFuture.postComplete(CompletableFuture.java:510)
	at java.base/java.util.concurrent.CompletableFuture$AsyncSupply.run(CompletableFuture.java:1773)
	... 3 common frames omitted
Caused by: java.nio.channels.ClosedChannelException: null
	at java.base/sun.nio.ch.SocketChannelImpl.ensureOpen(SocketChannelImpl.java:195)
	at java.base/sun.nio.ch.SocketChannelImpl.beginConnect(SocketChannelImpl.java:760)
	at java.base/sun.nio.ch.SocketChannelImpl.connect(SocketChannelImpl.java:848)
	at java.net.http/jdk.internal.net.http.PlainHttpConnection.lambda$connectAsync$0(PlainHttpConnection.java:183)
	at java.base/java.security.AccessController.doPrivileged(AccessController.java:569)
	at java.net.http/jdk.internal.net.http.PlainHttpConnection.connectAsync(PlainHttpConnection.java:185)
	... 9 common frames omitted
2026-06-23 09:49:03.786 [pool-1-thread-35] ERROR com.mp3.desktop.Programme3 - Erreur API - Tentative 2/2 pour ?Tongasoa
java.net.ConnectException: null
	at java.net.http/jdk.internal.net.http.HttpClientImpl.send(HttpClientImpl.java:573)
	at java.net.http/jdk.internal.net.http.HttpClientFacade.send(HttpClientFacade.java:123)
	at com.mp3.desktop.Programme3.verifierSiExiste(Programme3.java:132)
	at com.mp3.desktop.Programme3.traiterMetadata(Programme3.java:102)
	at com.mp3.desktop.Programme3.lambda$run$0(Programme3.java:64)
	at com.rabbitmq.client.impl.recovery.AutorecoveringChannel$2.handleDelivery(AutorecoveringChannel.java:588)
	at com.rabbitmq.client.impl.ConsumerDispatcher$5.run(ConsumerDispatcher.java:149)
	at com.rabbitmq.client.impl.ConsumerWorkService$WorkPoolRunnable.run(ConsumerWorkService.java:111)
	at java.base/java.util.concurrent.ThreadPoolExecutor.runWorker(ThreadPoolExecutor.java:1136)
	at java.base/java.util.concurrent.ThreadPoolExecutor$Worker.run(ThreadPoolExecutor.java:635)
	at java.base/java.lang.Thread.run(Thread.java:842)
Caused by: java.net.ConnectException: null
	at java.net.http/jdk.internal.net.http.common.Utils.toConnectException(Utils.java:1055)
	at java.net.http/jdk.internal.net.http.PlainHttpConnection.connectAsync(PlainHttpConnection.java:198)
	at java.net.http/jdk.internal.net.http.PlainHttpConnection.checkRetryConnect(PlainHttpConnection.java:230)
	at java.net.http/jdk.internal.net.http.PlainHttpConnection.lambda$connectAsync$1(PlainHttpConnection.java:206)
	at java.base/java.util.concurrent.CompletableFuture.uniHandle(CompletableFuture.java:934)
	at java.base/java.util.concurrent.CompletableFuture$UniHandle.tryFire(CompletableFuture.java:911)
	at java.base/java.util.concurrent.CompletableFuture.postComplete(CompletableFuture.java:510)
	at java.base/java.util.concurrent.CompletableFuture$AsyncSupply.run(CompletableFuture.java:1773)
	... 3 common frames omitted
Caused by: java.nio.channels.ClosedChannelException: null
	at java.base/sun.nio.ch.SocketChannelImpl.ensureOpen(SocketChannelImpl.java:195)
	at java.base/sun.nio.ch.SocketChannelImpl.beginConnect(SocketChannelImpl.java:760)
	at java.base/sun.nio.ch.SocketChannelImpl.connect(SocketChannelImpl.java:848)
	at java.net.http/jdk.internal.net.http.PlainHttpConnection.lambda$connectAsync$0(PlainHttpConnection.java:183)
	at java.base/java.security.AccessController.doPrivileged(AccessController.java:569)
	at java.net.http/jdk.internal.net.http.PlainHttpConnection.connectAsync(PlainHttpConnection.java:185)
	... 9 common frames omitted
2026-06-23 09:49:03.786 [pool-1-thread-35] ERROR com.mp3.desktop.Programme3 - ECHEC definitif pour l'envoi de : ?Tongasoa. Le fichier NE SERA PAS supprime.
2026-06-23 09:49:03.790 [pool-1-thread-36] INFO  com.mp3.desktop.Programme3 - <- Metadata recu (P3) : ?Happier Than Ever
2026-06-23 09:49:03.797 [pool-1-thread-36] ERROR com.mp3.desktop.Programme3 - Erreur API - Tentative 1/2 pour ?Happier Than Ever
java.net.ConnectException: null
	at java.net.http/jdk.internal.net.http.HttpClientImpl.send(HttpClientImpl.java:573)
	at java.net.http/jdk.internal.net.http.HttpClientFacade.send(HttpClientFacade.java:123)
	at com.mp3.desktop.Programme3.verifierSiExiste(Programme3.java:132)
	at com.mp3.desktop.Programme3.traiterMetadata(Programme3.java:102)
	at com.mp3.desktop.Programme3.lambda$run$0(Programme3.java:64)
	at com.rabbitmq.client.impl.recovery.AutorecoveringChannel$2.handleDelivery(AutorecoveringChannel.java:588)
	at com.rabbitmq.client.impl.ConsumerDispatcher$5.run(ConsumerDispatcher.java:149)
	at com.rabbitmq.client.impl.ConsumerWorkService$WorkPoolRunnable.run(ConsumerWorkService.java:111)
	at java.base/java.util.concurrent.ThreadPoolExecutor.runWorker(ThreadPoolExecutor.java:1136)
	at java.base/java.util.concurrent.ThreadPoolExecutor$Worker.run(ThreadPoolExecutor.java:635)
	at java.base/java.lang.Thread.run(Thread.java:842)
Caused by: java.net.ConnectException: null
	at java.net.http/jdk.internal.net.http.common.Utils.toConnectException(Utils.java:1055)
	at java.net.http/jdk.internal.net.http.PlainHttpConnection.connectAsync(PlainHttpConnection.java:198)
	at java.net.http/jdk.internal.net.http.PlainHttpConnection.checkRetryConnect(PlainHttpConnection.java:230)
	at java.net.http/jdk.internal.net.http.PlainHttpConnection.lambda$connectAsync$1(PlainHttpConnection.java:206)
	at java.base/java.util.concurrent.CompletableFuture.uniHandle(CompletableFuture.java:934)
	at java.base/java.util.concurrent.CompletableFuture$UniHandle.tryFire(CompletableFuture.java:911)
	at java.base/java.util.concurrent.CompletableFuture.postComplete(CompletableFuture.java:510)
	at java.base/java.util.concurrent.CompletableFuture$AsyncSupply.run(CompletableFuture.java:1773)
	... 3 common frames omitted
Caused by: java.nio.channels.ClosedChannelException: null
	at java.base/sun.nio.ch.SocketChannelImpl.ensureOpen(SocketChannelImpl.java:195)
	at java.base/sun.nio.ch.SocketChannelImpl.beginConnect(SocketChannelImpl.java:760)
	at java.base/sun.nio.ch.SocketChannelImpl.connect(SocketChannelImpl.java:848)
	at java.net.http/jdk.internal.net.http.PlainHttpConnection.lambda$connectAsync$0(PlainHttpConnection.java:183)
	at java.base/java.security.AccessController.doPrivileged(AccessController.java:569)
	at java.net.http/jdk.internal.net.http.PlainHttpConnection.connectAsync(PlainHttpConnection.java:185)
	... 9 common frames omitted
2026-06-23 09:49:05.804 [pool-1-thread-36] ERROR com.mp3.desktop.Programme3 - Erreur API - Tentative 2/2 pour ?Happier Than Ever
java.net.ConnectException: null
	at java.net.http/jdk.internal.net.http.HttpClientImpl.send(HttpClientImpl.java:573)
	at java.net.http/jdk.internal.net.http.HttpClientFacade.send(HttpClientFacade.java:123)
	at com.mp3.desktop.Programme3.verifierSiExiste(Programme3.java:132)
	at com.mp3.desktop.Programme3.traiterMetadata(Programme3.java:102)
	at com.mp3.desktop.Programme3.lambda$run$0(Programme3.java:64)
	at com.rabbitmq.client.impl.recovery.AutorecoveringChannel$2.handleDelivery(AutorecoveringChannel.java:588)
	at com.rabbitmq.client.impl.ConsumerDispatcher$5.run(ConsumerDispatcher.java:149)
	at com.rabbitmq.client.impl.ConsumerWorkService$WorkPoolRunnable.run(ConsumerWorkService.java:111)
	at java.base/java.util.concurrent.ThreadPoolExecutor.runWorker(ThreadPoolExecutor.java:1136)
	at java.base/java.util.concurrent.ThreadPoolExecutor$Worker.run(ThreadPoolExecutor.java:635)
	at java.base/java.lang.Thread.run(Thread.java:842)
Caused by: java.net.ConnectException: null
	at java.net.http/jdk.internal.net.http.common.Utils.toConnectException(Utils.java:1055)
	at java.net.http/jdk.internal.net.http.PlainHttpConnection.connectAsync(PlainHttpConnection.java:198)
	at java.net.http/jdk.internal.net.http.PlainHttpConnection.checkRetryConnect(PlainHttpConnection.java:230)
	at java.net.http/jdk.internal.net.http.PlainHttpConnection.lambda$connectAsync$1(PlainHttpConnection.java:206)
	at java.base/java.util.concurrent.CompletableFuture.uniHandle(CompletableFuture.java:934)
	at java.base/java.util.concurrent.CompletableFuture$UniHandle.tryFire(CompletableFuture.java:911)
	at java.base/java.util.concurrent.CompletableFuture.postComplete(CompletableFuture.java:510)
	at java.base/java.util.concurrent.CompletableFuture$AsyncSupply.run(CompletableFuture.java:1773)
	... 3 common frames omitted
Caused by: java.nio.channels.ClosedChannelException: null
	at java.base/sun.nio.ch.SocketChannelImpl.ensureOpen(SocketChannelImpl.java:195)
	at java.base/sun.nio.ch.SocketChannelImpl.beginConnect(SocketChannelImpl.java:760)
	at java.base/sun.nio.ch.SocketChannelImpl.connect(SocketChannelImpl.java:848)
	at java.net.http/jdk.internal.net.http.PlainHttpConnection.lambda$connectAsync$0(PlainHttpConnection.java:183)
	at java.base/java.security.AccessController.doPrivileged(AccessController.java:569)
	at java.net.http/jdk.internal.net.http.PlainHttpConnection.connectAsync(PlainHttpConnection.java:185)
	... 9 common frames omitted
2026-06-23 09:49:05.806 [pool-1-thread-36] ERROR com.mp3.desktop.Programme3 - ECHEC definitif pour l'envoi de : ?Happier Than Ever. Le fichier NE SERA PAS supprime.
2026-06-23 09:49:05.806 [pool-1-thread-37] INFO  com.mp3.desktop.Programme3 - <- Metadata recu (P3) : ?HATRAIZA / AZA AVELA - REKO
2026-06-23 09:49:05.810 [pool-1-thread-37] ERROR com.mp3.desktop.Programme3 - Erreur API - Tentative 1/2 pour ?HATRAIZA / AZA AVELA - REKO
java.net.ConnectException: null
	at java.net.http/jdk.internal.net.http.HttpClientImpl.send(HttpClientImpl.java:573)
	at java.net.http/jdk.internal.net.http.HttpClientFacade.send(HttpClientFacade.java:123)
	at com.mp3.desktop.Programme3.verifierSiExiste(Programme3.java:132)
	at com.mp3.desktop.Programme3.traiterMetadata(Programme3.java:102)
	at com.mp3.desktop.Programme3.lambda$run$0(Programme3.java:64)
	at com.rabbitmq.client.impl.recovery.AutorecoveringChannel$2.handleDelivery(AutorecoveringChannel.java:588)
	at com.rabbitmq.client.impl.ConsumerDispatcher$5.run(ConsumerDispatcher.java:149)
	at com.rabbitmq.client.impl.ConsumerWorkService$WorkPoolRunnable.run(ConsumerWorkService.java:111)
	at java.base/java.util.concurrent.ThreadPoolExecutor.runWorker(ThreadPoolExecutor.java:1136)
	at java.base/java.util.concurrent.ThreadPoolExecutor$Worker.run(ThreadPoolExecutor.java:635)
	at java.base/java.lang.Thread.run(Thread.java:842)
Caused by: java.net.ConnectException: null
	at java.net.http/jdk.internal.net.http.common.Utils.toConnectException(Utils.java:1055)
	at java.net.http/jdk.internal.net.http.PlainHttpConnection.connectAsync(PlainHttpConnection.java:198)
	at java.net.http/jdk.internal.net.http.PlainHttpConnection.checkRetryConnect(PlainHttpConnection.java:230)
	at java.net.http/jdk.internal.net.http.PlainHttpConnection.lambda$connectAsync$1(PlainHttpConnection.java:206)
	at java.base/java.util.concurrent.CompletableFuture.uniHandle(CompletableFuture.java:934)
	at java.base/java.util.concurrent.CompletableFuture$UniHandle.tryFire(CompletableFuture.java:911)
	at java.base/java.util.concurrent.CompletableFuture.postComplete(CompletableFuture.java:510)
	at java.base/java.util.concurrent.CompletableFuture$AsyncSupply.run(CompletableFuture.java:1773)
	... 3 common frames omitted
Caused by: java.nio.channels.ClosedChannelException: null
	at java.base/sun.nio.ch.SocketChannelImpl.ensureOpen(SocketChannelImpl.java:195)
	at java.base/sun.nio.ch.SocketChannelImpl.beginConnect(SocketChannelImpl.java:760)
	at java.base/sun.nio.ch.SocketChannelImpl.connect(SocketChannelImpl.java:848)
	at java.net.http/jdk.internal.net.http.PlainHttpConnection.lambda$connectAsync$0(PlainHttpConnection.java:183)
	at java.base/java.security.AccessController.doPrivileged(AccessController.java:569)
	at java.net.http/jdk.internal.net.http.PlainHttpConnection.connectAsync(PlainHttpConnection.java:185)
	... 9 common frames omitted
2026-06-23 09:49:07.819 [pool-1-thread-37] ERROR com.mp3.desktop.Programme3 - Erreur API - Tentative 2/2 pour ?HATRAIZA / AZA AVELA - REKO
java.net.ConnectException: null
	at java.net.http/jdk.internal.net.http.HttpClientImpl.send(HttpClientImpl.java:573)
	at java.net.http/jdk.internal.net.http.HttpClientFacade.send(HttpClientFacade.java:123)
	at com.mp3.desktop.Programme3.verifierSiExiste(Programme3.java:132)
	at com.mp3.desktop.Programme3.traiterMetadata(Programme3.java:102)
	at com.mp3.desktop.Programme3.lambda$run$0(Programme3.java:64)
	at com.rabbitmq.client.impl.recovery.AutorecoveringChannel$2.handleDelivery(AutorecoveringChannel.java:588)
	at com.rabbitmq.client.impl.ConsumerDispatcher$5.run(ConsumerDispatcher.java:149)
	at com.rabbitmq.client.impl.ConsumerWorkService$WorkPoolRunnable.run(ConsumerWorkService.java:111)
	at java.base/java.util.concurrent.ThreadPoolExecutor.runWorker(ThreadPoolExecutor.java:1136)
	at java.base/java.util.concurrent.ThreadPoolExecutor$Worker.run(ThreadPoolExecutor.java:635)
	at java.base/java.lang.Thread.run(Thread.java:842)
Caused by: java.net.ConnectException: null
	at java.net.http/jdk.internal.net.http.common.Utils.toConnectException(Utils.java:1055)
	at java.net.http/jdk.internal.net.http.PlainHttpConnection.connectAsync(PlainHttpConnection.java:198)
	at java.net.http/jdk.internal.net.http.PlainHttpConnection.checkRetryConnect(PlainHttpConnection.java:230)
	at java.net.http/jdk.internal.net.http.PlainHttpConnection.lambda$connectAsync$1(PlainHttpConnection.java:206)
	at java.base/java.util.concurrent.CompletableFuture.uniHandle(CompletableFuture.java:934)
	at java.base/java.util.concurrent.CompletableFuture$UniHandle.tryFire(CompletableFuture.java:911)
	at java.base/java.util.concurrent.CompletableFuture.postComplete(CompletableFuture.java:510)
	at java.base/java.util.concurrent.CompletableFuture$AsyncSupply.run(CompletableFuture.java:1773)
	... 3 common frames omitted
Caused by: java.nio.channels.ClosedChannelException: null
	at java.base/sun.nio.ch.SocketChannelImpl.ensureOpen(SocketChannelImpl.java:195)
	at java.base/sun.nio.ch.SocketChannelImpl.beginConnect(SocketChannelImpl.java:760)
	at java.base/sun.nio.ch.SocketChannelImpl.connect(SocketChannelImpl.java:848)
	at java.net.http/jdk.internal.net.http.PlainHttpConnection.lambda$connectAsync$0(PlainHttpConnection.java:183)
	at java.base/java.security.AccessController.doPrivileged(AccessController.java:569)
	at java.net.http/jdk.internal.net.http.PlainHttpConnection.connectAsync(PlainHttpConnection.java:185)
	... 9 common frames omitted
2026-06-23 09:49:07.819 [pool-1-thread-37] ERROR com.mp3.desktop.Programme3 - ECHEC definitif pour l'envoi de : ?HATRAIZA / AZA AVELA - REKO. Le fichier NE SERA PAS supprime.
2026-06-23 09:49:07.822 [pool-1-thread-38] INFO  com.mp3.desktop.Programme3 - <- Metadata recu (P3) : ?Louane - Maman (2015) Official Music Video
2026-06-23 09:49:07.822 [pool-1-thread-38] ERROR com.mp3.desktop.Programme3 - Erreur API - Tentative 1/2 pour ?Louane - Maman (2015) Official Music Video
java.net.ConnectException: null
	at java.net.http/jdk.internal.net.http.HttpClientImpl.send(HttpClientImpl.java:573)
	at java.net.http/jdk.internal.net.http.HttpClientFacade.send(HttpClientFacade.java:123)
	at com.mp3.desktop.Programme3.verifierSiExiste(Programme3.java:132)
	at com.mp3.desktop.Programme3.traiterMetadata(Programme3.java:102)
	at com.mp3.desktop.Programme3.lambda$run$0(Programme3.java:64)
	at com.rabbitmq.client.impl.recovery.AutorecoveringChannel$2.handleDelivery(AutorecoveringChannel.java:588)
	at com.rabbitmq.client.impl.ConsumerDispatcher$5.run(ConsumerDispatcher.java:149)
	at com.rabbitmq.client.impl.ConsumerWorkService$WorkPoolRunnable.run(ConsumerWorkService.java:111)
	at java.base/java.util.concurrent.ThreadPoolExecutor.runWorker(ThreadPoolExecutor.java:1136)
	at java.base/java.util.concurrent.ThreadPoolExecutor$Worker.run(ThreadPoolExecutor.java:635)
	at java.base/java.lang.Thread.run(Thread.java:842)
Caused by: java.net.ConnectException: null
	at java.net.http/jdk.internal.net.http.common.Utils.toConnectException(Utils.java:1055)
	at java.net.http/jdk.internal.net.http.PlainHttpConnection.connectAsync(PlainHttpConnection.java:198)
	at java.net.http/jdk.internal.net.http.PlainHttpConnection.checkRetryConnect(PlainHttpConnection.java:230)
	at java.net.http/jdk.internal.net.http.PlainHttpConnection.lambda$connectAsync$1(PlainHttpConnection.java:206)
	at java.base/java.util.concurrent.CompletableFuture.uniHandle(CompletableFuture.java:934)
	at java.base/java.util.concurrent.CompletableFuture$UniHandle.tryFire(CompletableFuture.java:911)
	at java.base/java.util.concurrent.CompletableFuture.postComplete(CompletableFuture.java:510)
	at java.base/java.util.concurrent.CompletableFuture$AsyncSupply.run(CompletableFuture.java:1773)
	... 3 common frames omitted
Caused by: java.nio.channels.ClosedChannelException: null
	at java.base/sun.nio.ch.SocketChannelImpl.ensureOpen(SocketChannelImpl.java:195)
	at java.base/sun.nio.ch.SocketChannelImpl.beginConnect(SocketChannelImpl.java:760)
	at java.base/sun.nio.ch.SocketChannelImpl.connect(SocketChannelImpl.java:848)
	at java.net.http/jdk.internal.net.http.PlainHttpConnection.lambda$connectAsync$0(PlainHttpConnection.java:183)
	at java.base/java.security.AccessController.doPrivileged(AccessController.java:569)
	at java.net.http/jdk.internal.net.http.PlainHttpConnection.connectAsync(PlainHttpConnection.java:185)
	... 9 common frames omitted
2026-06-23 09:49:09.836 [pool-1-thread-38] ERROR com.mp3.desktop.Programme3 - Erreur API - Tentative 2/2 pour ?Louane - Maman (2015) Official Music Video
java.net.ConnectException: null
	at java.net.http/jdk.internal.net.http.HttpClientImpl.send(HttpClientImpl.java:573)
	at java.net.http/jdk.internal.net.http.HttpClientFacade.send(HttpClientFacade.java:123)
	at com.mp3.desktop.Programme3.verifierSiExiste(Programme3.java:132)
	at com.mp3.desktop.Programme3.traiterMetadata(Programme3.java:102)
	at com.mp3.desktop.Programme3.lambda$run$0(Programme3.java:64)
	at com.rabbitmq.client.impl.recovery.AutorecoveringChannel$2.handleDelivery(AutorecoveringChannel.java:588)
	at com.rabbitmq.client.impl.ConsumerDispatcher$5.run(ConsumerDispatcher.java:149)
	at com.rabbitmq.client.impl.ConsumerWorkService$WorkPoolRunnable.run(ConsumerWorkService.java:111)
	at java.base/java.util.concurrent.ThreadPoolExecutor.runWorker(ThreadPoolExecutor.java:1136)
	at java.base/java.util.concurrent.ThreadPoolExecutor$Worker.run(ThreadPoolExecutor.java:635)
	at java.base/java.lang.Thread.run(Thread.java:842)
Caused by: java.net.ConnectException: null
	at java.net.http/jdk.internal.net.http.common.Utils.toConnectException(Utils.java:1055)
	at java.net.http/jdk.internal.net.http.PlainHttpConnection.connectAsync(PlainHttpConnection.java:198)
	at java.net.http/jdk.internal.net.http.PlainHttpConnection.checkRetryConnect(PlainHttpConnection.java:230)
	at java.net.http/jdk.internal.net.http.PlainHttpConnection.lambda$connectAsync$1(PlainHttpConnection.java:206)
	at java.base/java.util.concurrent.CompletableFuture.uniHandle(CompletableFuture.java:934)
	at java.base/java.util.concurrent.CompletableFuture$UniHandle.tryFire(CompletableFuture.java:911)
	at java.base/java.util.concurrent.CompletableFuture.postComplete(CompletableFuture.java:510)
	at java.base/java.util.concurrent.CompletableFuture$AsyncSupply.run(CompletableFuture.java:1773)
	... 3 common frames omitted
Caused by: java.nio.channels.ClosedChannelException: null
	at java.base/sun.nio.ch.SocketChannelImpl.ensureOpen(SocketChannelImpl.java:195)
	at java.base/sun.nio.ch.SocketChannelImpl.beginConnect(SocketChannelImpl.java:760)
	at java.base/sun.nio.ch.SocketChannelImpl.connect(SocketChannelImpl.java:848)
	at java.net.http/jdk.internal.net.http.PlainHttpConnection.lambda$connectAsync$0(PlainHttpConnection.java:183)
	at java.base/java.security.AccessController.doPrivileged(AccessController.java:569)
	at java.net.http/jdk.internal.net.http.PlainHttpConnection.connectAsync(PlainHttpConnection.java:185)
	... 9 common frames omitted
2026-06-23 09:49:09.836 [pool-1-thread-38] ERROR com.mp3.desktop.Programme3 - ECHEC definitif pour l'envoi de : ?Louane - Maman (2015) Official Music Video. Le fichier NE SERA PAS supprime.
2026-06-23 09:49:09.836 [pool-1-thread-43] INFO  com.mp3.desktop.Programme3 - <- Metadata recu (P3) : Matsiro kosa ny nanaovan_i Fy Rasolofoniaina ny hiran_ny tarika _Zay teto.(480P_SD)
2026-06-23 09:49:09.842 [pool-1-thread-43] ERROR com.mp3.desktop.Programme3 - Erreur API - Tentative 1/2 pour Matsiro kosa ny nanaovan_i Fy Rasolofoniaina ny hiran_ny tarika _Zay teto.(480P_SD)
java.net.ConnectException: null
	at java.net.http/jdk.internal.net.http.HttpClientImpl.send(HttpClientImpl.java:573)
	at java.net.http/jdk.internal.net.http.HttpClientFacade.send(HttpClientFacade.java:123)
	at com.mp3.desktop.Programme3.verifierSiExiste(Programme3.java:132)
	at com.mp3.desktop.Programme3.traiterMetadata(Programme3.java:102)
	at com.mp3.desktop.Programme3.lambda$run$0(Programme3.java:64)
	at com.rabbitmq.client.impl.recovery.AutorecoveringChannel$2.handleDelivery(AutorecoveringChannel.java:588)
	at com.rabbitmq.client.impl.ConsumerDispatcher$5.run(ConsumerDispatcher.java:149)
	at com.rabbitmq.client.impl.ConsumerWorkService$WorkPoolRunnable.run(ConsumerWorkService.java:111)
	at java.base/java.util.concurrent.ThreadPoolExecutor.runWorker(ThreadPoolExecutor.java:1136)
	at java.base/java.util.concurrent.ThreadPoolExecutor$Worker.run(ThreadPoolExecutor.java:635)
	at java.base/java.lang.Thread.run(Thread.java:842)
Caused by: java.net.ConnectException: null
	at java.net.http/jdk.internal.net.http.common.Utils.toConnectException(Utils.java:1055)
	at java.net.http/jdk.internal.net.http.PlainHttpConnection.connectAsync(PlainHttpConnection.java:198)
	at java.net.http/jdk.internal.net.http.PlainHttpConnection.checkRetryConnect(PlainHttpConnection.java:230)
	at java.net.http/jdk.internal.net.http.PlainHttpConnection.lambda$connectAsync$1(PlainHttpConnection.java:206)
	at java.base/java.util.concurrent.CompletableFuture.uniHandle(CompletableFuture.java:934)
	at java.base/java.util.concurrent.CompletableFuture$UniHandle.tryFire(CompletableFuture.java:911)
	at java.base/java.util.concurrent.CompletableFuture.postComplete(CompletableFuture.java:510)
	at java.base/java.util.concurrent.CompletableFuture$AsyncSupply.run(CompletableFuture.java:1773)
	... 3 common frames omitted
Caused by: java.nio.channels.ClosedChannelException: null
	at java.base/sun.nio.ch.SocketChannelImpl.ensureOpen(SocketChannelImpl.java:195)
	at java.base/sun.nio.ch.SocketChannelImpl.beginConnect(SocketChannelImpl.java:760)
	at java.base/sun.nio.ch.SocketChannelImpl.connect(SocketChannelImpl.java:848)
	at java.net.http/jdk.internal.net.http.PlainHttpConnection.lambda$connectAsync$0(PlainHttpConnection.java:183)
	at java.base/java.security.AccessController.doPrivileged(AccessController.java:569)
	at java.net.http/jdk.internal.net.http.PlainHttpConnection.connectAsync(PlainHttpConnection.java:185)
	... 9 common frames omitted
2026-06-23 09:49:11.862 [pool-1-thread-43] ERROR com.mp3.desktop.Programme3 - Erreur API - Tentative 2/2 pour Matsiro kosa ny nanaovan_i Fy Rasolofoniaina ny hiran_ny tarika _Zay teto.(480P_SD)
java.net.ConnectException: null
	at java.net.http/jdk.internal.net.http.HttpClientImpl.send(HttpClientImpl.java:573)
	at java.net.http/jdk.internal.net.http.HttpClientFacade.send(HttpClientFacade.java:123)
	at com.mp3.desktop.Programme3.verifierSiExiste(Programme3.java:132)
	at com.mp3.desktop.Programme3.traiterMetadata(Programme3.java:102)
	at com.mp3.desktop.Programme3.lambda$run$0(Programme3.java:64)
	at com.rabbitmq.client.impl.recovery.AutorecoveringChannel$2.handleDelivery(AutorecoveringChannel.java:588)
	at com.rabbitmq.client.impl.ConsumerDispatcher$5.run(ConsumerDispatcher.java:149)
	at com.rabbitmq.client.impl.ConsumerWorkService$WorkPoolRunnable.run(ConsumerWorkService.java:111)
	at java.base/java.util.concurrent.ThreadPoolExecutor.runWorker(ThreadPoolExecutor.java:1136)
	at java.base/java.util.concurrent.ThreadPoolExecutor$Worker.run(ThreadPoolExecutor.java:635)
	at java.base/java.lang.Thread.run(Thread.java:842)
Caused by: java.net.ConnectException: null
	at java.net.http/jdk.internal.net.http.common.Utils.toConnectException(Utils.java:1055)
	at java.net.http/jdk.internal.net.http.PlainHttpConnection.connectAsync(PlainHttpConnection.java:198)
	at java.net.http/jdk.internal.net.http.PlainHttpConnection.checkRetryConnect(PlainHttpConnection.java:230)
	at java.net.http/jdk.internal.net.http.PlainHttpConnection.lambda$connectAsync$1(PlainHttpConnection.java:206)
	at java.base/java.util.concurrent.CompletableFuture.uniHandle(CompletableFuture.java:934)
	at java.base/java.util.concurrent.CompletableFuture$UniHandle.tryFire(CompletableFuture.java:911)
	at java.base/java.util.concurrent.CompletableFuture.postComplete(CompletableFuture.java:510)
	at java.base/java.util.concurrent.CompletableFuture$AsyncSupply.run(CompletableFuture.java:1773)
	... 3 common frames omitted
Caused by: java.nio.channels.ClosedChannelException: null
	at java.base/sun.nio.ch.SocketChannelImpl.ensureOpen(SocketChannelImpl.java:195)
	at java.base/sun.nio.ch.SocketChannelImpl.beginConnect(SocketChannelImpl.java:760)
	at java.base/sun.nio.ch.SocketChannelImpl.connect(SocketChannelImpl.java:848)
	at java.net.http/jdk.internal.net.http.PlainHttpConnection.lambda$connectAsync$0(PlainHttpConnection.java:183)
	at java.base/java.security.AccessController.doPrivileged(AccessController.java:569)
	at java.net.http/jdk.internal.net.http.PlainHttpConnection.connectAsync(PlainHttpConnection.java:185)
	... 9 common frames omitted
2026-06-23 09:49:11.865 [pool-1-thread-43] ERROR com.mp3.desktop.Programme3 - ECHEC definitif pour l'envoi de : Matsiro kosa ny nanaovan_i Fy Rasolofoniaina ny hiran_ny tarika _Zay teto.(480P_SD). Le fichier NE SERA PAS supprime.
2026-06-23 09:49:11.869 [pool-1-thread-44] INFO  com.mp3.desktop.Programme3 - <- Metadata recu (P3) : ?Misia
2026-06-23 09:49:11.875 [pool-1-thread-44] ERROR com.mp3.desktop.Programme3 - Erreur API - Tentative 1/2 pour ?Misia
java.net.ConnectException: null
	at java.net.http/jdk.internal.net.http.HttpClientImpl.send(HttpClientImpl.java:573)
	at java.net.http/jdk.internal.net.http.HttpClientFacade.send(HttpClientFacade.java:123)
	at com.mp3.desktop.Programme3.verifierSiExiste(Programme3.java:132)
	at com.mp3.desktop.Programme3.traiterMetadata(Programme3.java:102)
	at com.mp3.desktop.Programme3.lambda$run$0(Programme3.java:64)
	at com.rabbitmq.client.impl.recovery.AutorecoveringChannel$2.handleDelivery(AutorecoveringChannel.java:588)
	at com.rabbitmq.client.impl.ConsumerDispatcher$5.run(ConsumerDispatcher.java:149)
	at com.rabbitmq.client.impl.ConsumerWorkService$WorkPoolRunnable.run(ConsumerWorkService.java:111)
	at java.base/java.util.concurrent.ThreadPoolExecutor.runWorker(ThreadPoolExecutor.java:1136)
	at java.base/java.util.concurrent.ThreadPoolExecutor$Worker.run(ThreadPoolExecutor.java:635)
	at java.base/java.lang.Thread.run(Thread.java:842)
Caused by: java.net.ConnectException: null
	at java.net.http/jdk.internal.net.http.common.Utils.toConnectException(Utils.java:1055)
	at java.net.http/jdk.internal.net.http.PlainHttpConnection.connectAsync(PlainHttpConnection.java:198)
	at java.net.http/jdk.internal.net.http.PlainHttpConnection.checkRetryConnect(PlainHttpConnection.java:230)
	at java.net.http/jdk.internal.net.http.PlainHttpConnection.lambda$connectAsync$1(PlainHttpConnection.java:206)
	at java.base/java.util.concurrent.CompletableFuture.uniHandle(CompletableFuture.java:934)
	at java.base/java.util.concurrent.CompletableFuture$UniHandle.tryFire(CompletableFuture.java:911)
	at java.base/java.util.concurrent.CompletableFuture.postComplete(CompletableFuture.java:510)
	at java.base/java.util.concurrent.CompletableFuture$AsyncSupply.run(CompletableFuture.java:1773)
	... 3 common frames omitted
Caused by: java.nio.channels.ClosedChannelException: null
	at java.base/sun.nio.ch.SocketChannelImpl.ensureOpen(SocketChannelImpl.java:195)
	at java.base/sun.nio.ch.SocketChannelImpl.beginConnect(SocketChannelImpl.java:760)
	at java.base/sun.nio.ch.SocketChannelImpl.connect(SocketChannelImpl.java:848)
	at java.net.http/jdk.internal.net.http.PlainHttpConnection.lambda$connectAsync$0(PlainHttpConnection.java:183)
	at java.base/java.security.AccessController.doPrivileged(AccessController.java:569)
	at java.net.http/jdk.internal.net.http.PlainHttpConnection.connectAsync(PlainHttpConnection.java:185)
	... 9 common frames omitted
2026-06-23 09:49:13.886 [pool-1-thread-44] ERROR com.mp3.desktop.Programme3 - Erreur API - Tentative 2/2 pour ?Misia
java.net.ConnectException: null
	at java.net.http/jdk.internal.net.http.HttpClientImpl.send(HttpClientImpl.java:573)
	at java.net.http/jdk.internal.net.http.HttpClientFacade.send(HttpClientFacade.java:123)
	at com.mp3.desktop.Programme3.verifierSiExiste(Programme3.java:132)
	at com.mp3.desktop.Programme3.traiterMetadata(Programme3.java:102)
	at com.mp3.desktop.Programme3.lambda$run$0(Programme3.java:64)
	at com.rabbitmq.client.impl.recovery.AutorecoveringChannel$2.handleDelivery(AutorecoveringChannel.java:588)
	at com.rabbitmq.client.impl.ConsumerDispatcher$5.run(ConsumerDispatcher.java:149)
	at com.rabbitmq.client.impl.ConsumerWorkService$WorkPoolRunnable.run(ConsumerWorkService.java:111)
	at java.base/java.util.concurrent.ThreadPoolExecutor.runWorker(ThreadPoolExecutor.java:1136)
	at java.base/java.util.concurrent.ThreadPoolExecutor$Worker.run(ThreadPoolExecutor.java:635)
	at java.base/java.lang.Thread.run(Thread.java:842)
Caused by: java.net.ConnectException: null
	at java.net.http/jdk.internal.net.http.common.Utils.toConnectException(Utils.java:1055)
	at java.net.http/jdk.internal.net.http.PlainHttpConnection.connectAsync(PlainHttpConnection.java:198)
	at java.net.http/jdk.internal.net.http.PlainHttpConnection.checkRetryConnect(PlainHttpConnection.java:230)
	at java.net.http/jdk.internal.net.http.PlainHttpConnection.lambda$connectAsync$1(PlainHttpConnection.java:206)
	at java.base/java.util.concurrent.CompletableFuture.uniHandle(CompletableFuture.java:934)
	at java.base/java.util.concurrent.CompletableFuture$UniHandle.tryFire(CompletableFuture.java:911)
	at java.base/java.util.concurrent.CompletableFuture.postComplete(CompletableFuture.java:510)
	at java.base/java.util.concurrent.CompletableFuture$AsyncSupply.run(CompletableFuture.java:1773)
	... 3 common frames omitted
Caused by: java.nio.channels.ClosedChannelException: null
	at java.base/sun.nio.ch.SocketChannelImpl.ensureOpen(SocketChannelImpl.java:195)
	at java.base/sun.nio.ch.SocketChannelImpl.beginConnect(SocketChannelImpl.java:760)
	at java.base/sun.nio.ch.SocketChannelImpl.connect(SocketChannelImpl.java:848)
	at java.net.http/jdk.internal.net.http.PlainHttpConnection.lambda$connectAsync$0(PlainHttpConnection.java:183)
	at java.base/java.security.AccessController.doPrivileged(AccessController.java:569)
	at java.net.http/jdk.internal.net.http.PlainHttpConnection.connectAsync(PlainHttpConnection.java:185)
	... 9 common frames omitted
2026-06-23 09:49:13.887 [pool-1-thread-44] ERROR com.mp3.desktop.Programme3 - ECHEC definitif pour l'envoi de : ?Misia. Le fichier NE SERA PAS supprime.
2026-06-23 09:49:13.887 [pool-1-thread-14] INFO  com.mp3.desktop.Programme3 - <- Metadata recu (P3) : ?MITONIA - REKO (Official lyrics video)
2026-06-23 09:49:13.890 [pool-1-thread-14] ERROR com.mp3.desktop.Programme3 - Erreur API - Tentative 1/2 pour ?MITONIA - REKO (Official lyrics video)
java.net.ConnectException: null
	at java.net.http/jdk.internal.net.http.HttpClientImpl.send(HttpClientImpl.java:573)
	at java.net.http/jdk.internal.net.http.HttpClientFacade.send(HttpClientFacade.java:123)
	at com.mp3.desktop.Programme3.verifierSiExiste(Programme3.java:132)
	at com.mp3.desktop.Programme3.traiterMetadata(Programme3.java:102)
	at com.mp3.desktop.Programme3.lambda$run$0(Programme3.java:64)
	at com.rabbitmq.client.impl.recovery.AutorecoveringChannel$2.handleDelivery(AutorecoveringChannel.java:588)
	at com.rabbitmq.client.impl.ConsumerDispatcher$5.run(ConsumerDispatcher.java:149)
	at com.rabbitmq.client.impl.ConsumerWorkService$WorkPoolRunnable.run(ConsumerWorkService.java:111)
	at java.base/java.util.concurrent.ThreadPoolExecutor.runWorker(ThreadPoolExecutor.java:1136)
	at java.base/java.util.concurrent.ThreadPoolExecutor$Worker.run(ThreadPoolExecutor.java:635)
	at java.base/java.lang.Thread.run(Thread.java:842)
Caused by: java.net.ConnectException: null
	at java.net.http/jdk.internal.net.http.common.Utils.toConnectException(Utils.java:1055)
	at java.net.http/jdk.internal.net.http.PlainHttpConnection.connectAsync(PlainHttpConnection.java:198)
	at java.net.http/jdk.internal.net.http.PlainHttpConnection.checkRetryConnect(PlainHttpConnection.java:230)
	at java.net.http/jdk.internal.net.http.PlainHttpConnection.lambda$connectAsync$1(PlainHttpConnection.java:206)
	at java.base/java.util.concurrent.CompletableFuture.uniHandle(CompletableFuture.java:934)
	at java.base/java.util.concurrent.CompletableFuture$UniHandle.tryFire(CompletableFuture.java:911)
	at java.base/java.util.concurrent.CompletableFuture.postComplete(CompletableFuture.java:510)
	at java.base/java.util.concurrent.CompletableFuture$AsyncSupply.run(CompletableFuture.java:1773)
	... 3 common frames omitted
Caused by: java.nio.channels.ClosedChannelException: null
	at java.base/sun.nio.ch.SocketChannelImpl.ensureOpen(SocketChannelImpl.java:195)
	at java.base/sun.nio.ch.SocketChannelImpl.beginConnect(SocketChannelImpl.java:760)
	at java.base/sun.nio.ch.SocketChannelImpl.connect(SocketChannelImpl.java:848)
	at java.net.http/jdk.internal.net.http.PlainHttpConnection.lambda$connectAsync$0(PlainHttpConnection.java:183)
	at java.base/java.security.AccessController.doPrivileged(AccessController.java:569)
	at java.net.http/jdk.internal.net.http.PlainHttpConnection.connectAsync(PlainHttpConnection.java:185)
	... 9 common frames omitted
2026-06-23 09:49:15.903 [pool-1-thread-14] ERROR com.mp3.desktop.Programme3 - Erreur API - Tentative 2/2 pour ?MITONIA - REKO (Official lyrics video)
java.net.ConnectException: null
	at java.net.http/jdk.internal.net.http.HttpClientImpl.send(HttpClientImpl.java:573)
	at java.net.http/jdk.internal.net.http.HttpClientFacade.send(HttpClientFacade.java:123)
	at com.mp3.desktop.Programme3.verifierSiExiste(Programme3.java:132)
	at com.mp3.desktop.Programme3.traiterMetadata(Programme3.java:102)
	at com.mp3.desktop.Programme3.lambda$run$0(Programme3.java:64)
	at com.rabbitmq.client.impl.recovery.AutorecoveringChannel$2.handleDelivery(AutorecoveringChannel.java:588)
	at com.rabbitmq.client.impl.ConsumerDispatcher$5.run(ConsumerDispatcher.java:149)
	at com.rabbitmq.client.impl.ConsumerWorkService$WorkPoolRunnable.run(ConsumerWorkService.java:111)
	at java.base/java.util.concurrent.ThreadPoolExecutor.runWorker(ThreadPoolExecutor.java:1136)
	at java.base/java.util.concurrent.ThreadPoolExecutor$Worker.run(ThreadPoolExecutor.java:635)
	at java.base/java.lang.Thread.run(Thread.java:842)
Caused by: java.net.ConnectException: null
	at java.net.http/jdk.internal.net.http.common.Utils.toConnectException(Utils.java:1055)
	at java.net.http/jdk.internal.net.http.PlainHttpConnection.connectAsync(PlainHttpConnection.java:198)
	at java.net.http/jdk.internal.net.http.PlainHttpConnection.checkRetryConnect(PlainHttpConnection.java:230)
	at java.net.http/jdk.internal.net.http.PlainHttpConnection.lambda$connectAsync$1(PlainHttpConnection.java:206)
	at java.base/java.util.concurrent.CompletableFuture.uniHandle(CompletableFuture.java:934)
	at java.base/java.util.concurrent.CompletableFuture$UniHandle.tryFire(CompletableFuture.java:911)
	at java.base/java.util.concurrent.CompletableFuture.postComplete(CompletableFuture.java:510)
	at java.base/java.util.concurrent.CompletableFuture$AsyncSupply.run(CompletableFuture.java:1773)
	... 3 common frames omitted
Caused by: java.nio.channels.ClosedChannelException: null
	at java.base/sun.nio.ch.SocketChannelImpl.ensureOpen(SocketChannelImpl.java:195)
	at java.base/sun.nio.ch.SocketChannelImpl.beginConnect(SocketChannelImpl.java:760)
	at java.base/sun.nio.ch.SocketChannelImpl.connect(SocketChannelImpl.java:848)
	at java.net.http/jdk.internal.net.http.PlainHttpConnection.lambda$connectAsync$0(PlainHttpConnection.java:183)
	at java.base/java.security.AccessController.doPrivileged(AccessController.java:569)
	at java.net.http/jdk.internal.net.http.PlainHttpConnection.connectAsync(PlainHttpConnection.java:185)
	... 9 common frames omitted
2026-06-23 09:49:15.904 [pool-1-thread-14] ERROR com.mp3.desktop.Programme3 - ECHEC definitif pour l'envoi de : ?MITONIA - REKO (Official lyrics video). Le fichier NE SERA PAS supprime.
2026-06-23 09:49:15.905 [pool-1-thread-29] INFO  com.mp3.desktop.Programme3 - <- Metadata recu (P3) : ?Ny Anaranao
2026-06-23 09:49:15.909 [pool-1-thread-29] ERROR com.mp3.desktop.Programme3 - Erreur API - Tentative 1/2 pour ?Ny Anaranao
java.net.ConnectException: null
	at java.net.http/jdk.internal.net.http.HttpClientImpl.send(HttpClientImpl.java:573)
	at java.net.http/jdk.internal.net.http.HttpClientFacade.send(HttpClientFacade.java:123)
	at com.mp3.desktop.Programme3.verifierSiExiste(Programme3.java:132)
	at com.mp3.desktop.Programme3.traiterMetadata(Programme3.java:102)
	at com.mp3.desktop.Programme3.lambda$run$0(Programme3.java:64)
	at com.rabbitmq.client.impl.recovery.AutorecoveringChannel$2.handleDelivery(AutorecoveringChannel.java:588)
	at com.rabbitmq.client.impl.ConsumerDispatcher$5.run(ConsumerDispatcher.java:149)
	at com.rabbitmq.client.impl.ConsumerWorkService$WorkPoolRunnable.run(ConsumerWorkService.java:111)
	at java.base/java.util.concurrent.ThreadPoolExecutor.runWorker(ThreadPoolExecutor.java:1136)
	at java.base/java.util.concurrent.ThreadPoolExecutor$Worker.run(ThreadPoolExecutor.java:635)
	at java.base/java.lang.Thread.run(Thread.java:842)
Caused by: java.net.ConnectException: null
	at java.net.http/jdk.internal.net.http.common.Utils.toConnectException(Utils.java:1055)
	at java.net.http/jdk.internal.net.http.PlainHttpConnection.connectAsync(PlainHttpConnection.java:198)
	at java.net.http/jdk.internal.net.http.PlainHttpConnection.checkRetryConnect(PlainHttpConnection.java:230)
	at java.net.http/jdk.internal.net.http.PlainHttpConnection.lambda$connectAsync$1(PlainHttpConnection.java:206)
	at java.base/java.util.concurrent.CompletableFuture.uniHandle(CompletableFuture.java:934)
	at java.base/java.util.concurrent.CompletableFuture$UniHandle.tryFire(CompletableFuture.java:911)
	at java.base/java.util.concurrent.CompletableFuture.postComplete(CompletableFuture.java:510)
	at java.base/java.util.concurrent.CompletableFuture$AsyncSupply.run(CompletableFuture.java:1773)
	... 3 common frames omitted
Caused by: java.nio.channels.ClosedChannelException: null
	at java.base/sun.nio.ch.SocketChannelImpl.ensureOpen(SocketChannelImpl.java:195)
	at java.base/sun.nio.ch.SocketChannelImpl.beginConnect(SocketChannelImpl.java:760)
	at java.base/sun.nio.ch.SocketChannelImpl.connect(SocketChannelImpl.java:848)
	at java.net.http/jdk.internal.net.http.PlainHttpConnection.lambda$connectAsync$0(PlainHttpConnection.java:183)
	at java.base/java.security.AccessController.doPrivileged(AccessController.java:569)
	at java.net.http/jdk.internal.net.http.PlainHttpConnection.connectAsync(PlainHttpConnection.java:185)
	... 9 common frames omitted
2026-06-23 09:49:17.925 [pool-1-thread-29] ERROR com.mp3.desktop.Programme3 - Erreur API - Tentative 2/2 pour ?Ny Anaranao
java.net.ConnectException: null
	at java.net.http/jdk.internal.net.http.HttpClientImpl.send(HttpClientImpl.java:573)
	at java.net.http/jdk.internal.net.http.HttpClientFacade.send(HttpClientFacade.java:123)
	at com.mp3.desktop.Programme3.verifierSiExiste(Programme3.java:132)
	at com.mp3.desktop.Programme3.traiterMetadata(Programme3.java:102)
	at com.mp3.desktop.Programme3.lambda$run$0(Programme3.java:64)
	at com.rabbitmq.client.impl.recovery.AutorecoveringChannel$2.handleDelivery(AutorecoveringChannel.java:588)
	at com.rabbitmq.client.impl.ConsumerDispatcher$5.run(ConsumerDispatcher.java:149)
	at com.rabbitmq.client.impl.ConsumerWorkService$WorkPoolRunnable.run(ConsumerWorkService.java:111)
	at java.base/java.util.concurrent.ThreadPoolExecutor.runWorker(ThreadPoolExecutor.java:1136)
	at java.base/java.util.concurrent.ThreadPoolExecutor$Worker.run(ThreadPoolExecutor.java:635)
	at java.base/java.lang.Thread.run(Thread.java:842)
Caused by: java.net.ConnectException: null
	at java.net.http/jdk.internal.net.http.common.Utils.toConnectException(Utils.java:1055)
	at java.net.http/jdk.internal.net.http.PlainHttpConnection.connectAsync(PlainHttpConnection.java:198)
	at java.net.http/jdk.internal.net.http.PlainHttpConnection.checkRetryConnect(PlainHttpConnection.java:230)
	at java.net.http/jdk.internal.net.http.PlainHttpConnection.lambda$connectAsync$1(PlainHttpConnection.java:206)
	at java.base/java.util.concurrent.CompletableFuture.uniHandle(CompletableFuture.java:934)
	at java.base/java.util.concurrent.CompletableFuture$UniHandle.tryFire(CompletableFuture.java:911)
	at java.base/java.util.concurrent.CompletableFuture.postComplete(CompletableFuture.java:510)
	at java.base/java.util.concurrent.CompletableFuture$AsyncSupply.run(CompletableFuture.java:1773)
	... 3 common frames omitted
Caused by: java.nio.channels.ClosedChannelException: null
	at java.base/sun.nio.ch.SocketChannelImpl.ensureOpen(SocketChannelImpl.java:195)
	at java.base/sun.nio.ch.SocketChannelImpl.beginConnect(SocketChannelImpl.java:760)
	at java.base/sun.nio.ch.SocketChannelImpl.connect(SocketChannelImpl.java:848)
	at java.net.http/jdk.internal.net.http.PlainHttpConnection.lambda$connectAsync$0(PlainHttpConnection.java:183)
	at java.base/java.security.AccessController.doPrivileged(AccessController.java:569)
	at java.net.http/jdk.internal.net.http.PlainHttpConnection.connectAsync(PlainHttpConnection.java:185)
	... 9 common frames omitted
2026-06-23 09:49:17.925 [pool-1-thread-29] ERROR com.mp3.desktop.Programme3 - ECHEC definitif pour l'envoi de : ?Ny Anaranao. Le fichier NE SERA PAS supprime.
2026-06-23 09:49:17.932 [pool-1-thread-35] INFO  com.mp3.desktop.Programme3 - <- Metadata recu (P3) : ?Rotoroto
2026-06-23 09:49:17.936 [pool-1-thread-35] ERROR com.mp3.desktop.Programme3 - Erreur API - Tentative 1/2 pour ?Rotoroto
java.net.ConnectException: null
	at java.net.http/jdk.internal.net.http.HttpClientImpl.send(HttpClientImpl.java:573)
	at java.net.http/jdk.internal.net.http.HttpClientFacade.send(HttpClientFacade.java:123)
	at com.mp3.desktop.Programme3.verifierSiExiste(Programme3.java:132)
	at com.mp3.desktop.Programme3.traiterMetadata(Programme3.java:102)
	at com.mp3.desktop.Programme3.lambda$run$0(Programme3.java:64)
	at com.rabbitmq.client.impl.recovery.AutorecoveringChannel$2.handleDelivery(AutorecoveringChannel.java:588)
	at com.rabbitmq.client.impl.ConsumerDispatcher$5.run(ConsumerDispatcher.java:149)
	at com.rabbitmq.client.impl.ConsumerWorkService$WorkPoolRunnable.run(ConsumerWorkService.java:111)
	at java.base/java.util.concurrent.ThreadPoolExecutor.runWorker(ThreadPoolExecutor.java:1136)
	at java.base/java.util.concurrent.ThreadPoolExecutor$Worker.run(ThreadPoolExecutor.java:635)
	at java.base/java.lang.Thread.run(Thread.java:842)
Caused by: java.net.ConnectException: null
	at java.net.http/jdk.internal.net.http.common.Utils.toConnectException(Utils.java:1055)
	at java.net.http/jdk.internal.net.http.PlainHttpConnection.connectAsync(PlainHttpConnection.java:198)
	at java.net.http/jdk.internal.net.http.PlainHttpConnection.checkRetryConnect(PlainHttpConnection.java:230)
	at java.net.http/jdk.internal.net.http.PlainHttpConnection.lambda$connectAsync$1(PlainHttpConnection.java:206)
	at java.base/java.util.concurrent.CompletableFuture.uniHandle(CompletableFuture.java:934)
	at java.base/java.util.concurrent.CompletableFuture$UniHandle.tryFire(CompletableFuture.java:911)
	at java.base/java.util.concurrent.CompletableFuture.postComplete(CompletableFuture.java:510)
	at java.base/java.util.concurrent.CompletableFuture$AsyncSupply.run(CompletableFuture.java:1773)
	... 3 common frames omitted
Caused by: java.nio.channels.ClosedChannelException: null
	at java.base/sun.nio.ch.SocketChannelImpl.ensureOpen(SocketChannelImpl.java:195)
	at java.base/sun.nio.ch.SocketChannelImpl.beginConnect(SocketChannelImpl.java:760)
	at java.base/sun.nio.ch.SocketChannelImpl.connect(SocketChannelImpl.java:848)
	at java.net.http/jdk.internal.net.http.PlainHttpConnection.lambda$connectAsync$0(PlainHttpConnection.java:183)
	at java.base/java.security.AccessController.doPrivileged(AccessController.java:569)
	at java.net.http/jdk.internal.net.http.PlainHttpConnection.connectAsync(PlainHttpConnection.java:185)
	... 9 common frames omitted
2026-06-23 09:49:19.949 [pool-1-thread-35] ERROR com.mp3.desktop.Programme3 - Erreur API - Tentative 2/2 pour ?Rotoroto
java.net.ConnectException: null
	at java.net.http/jdk.internal.net.http.HttpClientImpl.send(HttpClientImpl.java:573)
	at java.net.http/jdk.internal.net.http.HttpClientFacade.send(HttpClientFacade.java:123)
	at com.mp3.desktop.Programme3.verifierSiExiste(Programme3.java:132)
	at com.mp3.desktop.Programme3.traiterMetadata(Programme3.java:102)
	at com.mp3.desktop.Programme3.lambda$run$0(Programme3.java:64)
	at com.rabbitmq.client.impl.recovery.AutorecoveringChannel$2.handleDelivery(AutorecoveringChannel.java:588)
	at com.rabbitmq.client.impl.ConsumerDispatcher$5.run(ConsumerDispatcher.java:149)
	at com.rabbitmq.client.impl.ConsumerWorkService$WorkPoolRunnable.run(ConsumerWorkService.java:111)
	at java.base/java.util.concurrent.ThreadPoolExecutor.runWorker(ThreadPoolExecutor.java:1136)
	at java.base/java.util.concurrent.ThreadPoolExecutor$Worker.run(ThreadPoolExecutor.java:635)
	at java.base/java.lang.Thread.run(Thread.java:842)
Caused by: java.net.ConnectException: null
	at java.net.http/jdk.internal.net.http.common.Utils.toConnectException(Utils.java:1055)
	at java.net.http/jdk.internal.net.http.PlainHttpConnection.connectAsync(PlainHttpConnection.java:198)
	at java.net.http/jdk.internal.net.http.PlainHttpConnection.checkRetryConnect(PlainHttpConnection.java:230)
	at java.net.http/jdk.internal.net.http.PlainHttpConnection.lambda$connectAsync$1(PlainHttpConnection.java:206)
	at java.base/java.util.concurrent.CompletableFuture.uniHandle(CompletableFuture.java:934)
	at java.base/java.util.concurrent.CompletableFuture$UniHandle.tryFire(CompletableFuture.java:911)
	at java.base/java.util.concurrent.CompletableFuture.postComplete(CompletableFuture.java:510)
	at java.base/java.util.concurrent.CompletableFuture$AsyncSupply.run(CompletableFuture.java:1773)
	... 3 common frames omitted
Caused by: java.nio.channels.ClosedChannelException: null
	at java.base/sun.nio.ch.SocketChannelImpl.ensureOpen(SocketChannelImpl.java:195)
	at java.base/sun.nio.ch.SocketChannelImpl.beginConnect(SocketChannelImpl.java:760)
	at java.base/sun.nio.ch.SocketChannelImpl.connect(SocketChannelImpl.java:848)
	at java.net.http/jdk.internal.net.http.PlainHttpConnection.lambda$connectAsync$0(PlainHttpConnection.java:183)
	at java.base/java.security.AccessController.doPrivileged(AccessController.java:569)
	at java.net.http/jdk.internal.net.http.PlainHttpConnection.connectAsync(PlainHttpConnection.java:185)
	... 9 common frames omitted
2026-06-23 09:49:19.950 [pool-1-thread-35] ERROR com.mp3.desktop.Programme3 - ECHEC definitif pour l'envoi de : ?Rotoroto. Le fichier NE SERA PAS supprime.
2026-06-23 09:49:19.952 [pool-1-thread-36] INFO  com.mp3.desktop.Programme3 - <- Metadata recu (P3) : ?Tongasoa
2026-06-23 09:49:19.954 [pool-1-thread-36] ERROR com.mp3.desktop.Programme3 - Erreur API - Tentative 1/2 pour ?Tongasoa
java.net.ConnectException: null
	at java.net.http/jdk.internal.net.http.HttpClientImpl.send(HttpClientImpl.java:573)
	at java.net.http/jdk.internal.net.http.HttpClientFacade.send(HttpClientFacade.java:123)
	at com.mp3.desktop.Programme3.verifierSiExiste(Programme3.java:132)
	at com.mp3.desktop.Programme3.traiterMetadata(Programme3.java:102)
	at com.mp3.desktop.Programme3.lambda$run$0(Programme3.java:64)
	at com.rabbitmq.client.impl.recovery.AutorecoveringChannel$2.handleDelivery(AutorecoveringChannel.java:588)
	at com.rabbitmq.client.impl.ConsumerDispatcher$5.run(ConsumerDispatcher.java:149)
	at com.rabbitmq.client.impl.ConsumerWorkService$WorkPoolRunnable.run(ConsumerWorkService.java:111)
	at java.base/java.util.concurrent.ThreadPoolExecutor.runWorker(ThreadPoolExecutor.java:1136)
	at java.base/java.util.concurrent.ThreadPoolExecutor$Worker.run(ThreadPoolExecutor.java:635)
	at java.base/java.lang.Thread.run(Thread.java:842)
Caused by: java.net.ConnectException: null
	at java.net.http/jdk.internal.net.http.common.Utils.toConnectException(Utils.java:1055)
	at java.net.http/jdk.internal.net.http.PlainHttpConnection.connectAsync(PlainHttpConnection.java:198)
	at java.net.http/jdk.internal.net.http.PlainHttpConnection.checkRetryConnect(PlainHttpConnection.java:230)
	at java.net.http/jdk.internal.net.http.PlainHttpConnection.lambda$connectAsync$1(PlainHttpConnection.java:206)
	at java.base/java.util.concurrent.CompletableFuture.uniHandle(CompletableFuture.java:934)
	at java.base/java.util.concurrent.CompletableFuture$UniHandle.tryFire(CompletableFuture.java:911)
	at java.base/java.util.concurrent.CompletableFuture.postComplete(CompletableFuture.java:510)
	at java.base/java.util.concurrent.CompletableFuture$AsyncSupply.run(CompletableFuture.java:1773)
	... 3 common frames omitted
Caused by: java.nio.channels.ClosedChannelException: null
	at java.base/sun.nio.ch.SocketChannelImpl.ensureOpen(SocketChannelImpl.java:195)
	at java.base/sun.nio.ch.SocketChannelImpl.beginConnect(SocketChannelImpl.java:760)
	at java.base/sun.nio.ch.SocketChannelImpl.connect(SocketChannelImpl.java:848)
	at java.net.http/jdk.internal.net.http.PlainHttpConnection.lambda$connectAsync$0(PlainHttpConnection.java:183)
	at java.base/java.security.AccessController.doPrivileged(AccessController.java:569)
	at java.net.http/jdk.internal.net.http.PlainHttpConnection.connectAsync(PlainHttpConnection.java:185)
	... 9 common frames omitted
2026-06-23 09:49:21.972 [pool-1-thread-36] ERROR com.mp3.desktop.Programme3 - Erreur API - Tentative 2/2 pour ?Tongasoa
java.net.ConnectException: null
	at java.net.http/jdk.internal.net.http.HttpClientImpl.send(HttpClientImpl.java:573)
	at java.net.http/jdk.internal.net.http.HttpClientFacade.send(HttpClientFacade.java:123)
	at com.mp3.desktop.Programme3.verifierSiExiste(Programme3.java:132)
	at com.mp3.desktop.Programme3.traiterMetadata(Programme3.java:102)
	at com.mp3.desktop.Programme3.lambda$run$0(Programme3.java:64)
	at com.rabbitmq.client.impl.recovery.AutorecoveringChannel$2.handleDelivery(AutorecoveringChannel.java:588)
	at com.rabbitmq.client.impl.ConsumerDispatcher$5.run(ConsumerDispatcher.java:149)
	at com.rabbitmq.client.impl.ConsumerWorkService$WorkPoolRunnable.run(ConsumerWorkService.java:111)
	at java.base/java.util.concurrent.ThreadPoolExecutor.runWorker(ThreadPoolExecutor.java:1136)
	at java.base/java.util.concurrent.ThreadPoolExecutor$Worker.run(ThreadPoolExecutor.java:635)
	at java.base/java.lang.Thread.run(Thread.java:842)
Caused by: java.net.ConnectException: null
	at java.net.http/jdk.internal.net.http.common.Utils.toConnectException(Utils.java:1055)
	at java.net.http/jdk.internal.net.http.PlainHttpConnection.connectAsync(PlainHttpConnection.java:198)
	at java.net.http/jdk.internal.net.http.PlainHttpConnection.checkRetryConnect(PlainHttpConnection.java:230)
	at java.net.http/jdk.internal.net.http.PlainHttpConnection.lambda$connectAsync$1(PlainHttpConnection.java:206)
	at java.base/java.util.concurrent.CompletableFuture.uniHandle(CompletableFuture.java:934)
	at java.base/java.util.concurrent.CompletableFuture$UniHandle.tryFire(CompletableFuture.java:911)
	at java.base/java.util.concurrent.CompletableFuture.postComplete(CompletableFuture.java:510)
	at java.base/java.util.concurrent.CompletableFuture$AsyncSupply.run(CompletableFuture.java:1773)
	... 3 common frames omitted
Caused by: java.nio.channels.ClosedChannelException: null
	at java.base/sun.nio.ch.SocketChannelImpl.ensureOpen(SocketChannelImpl.java:195)
	at java.base/sun.nio.ch.SocketChannelImpl.beginConnect(SocketChannelImpl.java:760)
	at java.base/sun.nio.ch.SocketChannelImpl.connect(SocketChannelImpl.java:848)
	at java.net.http/jdk.internal.net.http.PlainHttpConnection.lambda$connectAsync$0(PlainHttpConnection.java:183)
	at java.base/java.security.AccessController.doPrivileged(AccessController.java:569)
	at java.net.http/jdk.internal.net.http.PlainHttpConnection.connectAsync(PlainHttpConnection.java:185)
	... 9 common frames omitted
2026-06-23 09:49:21.973 [pool-1-thread-36] ERROR com.mp3.desktop.Programme3 - ECHEC definitif pour l'envoi de : ?Tongasoa. Le fichier NE SERA PAS supprime.
2026-06-23 09:49:21.975 [pool-1-thread-37] INFO  com.mp3.desktop.Programme3 - <- Metadata recu (P3) : ?Happier Than Ever
2026-06-23 09:49:21.978 [pool-1-thread-37] ERROR com.mp3.desktop.Programme3 - Erreur API - Tentative 1/2 pour ?Happier Than Ever
java.net.ConnectException: null
	at java.net.http/jdk.internal.net.http.HttpClientImpl.send(HttpClientImpl.java:573)
	at java.net.http/jdk.internal.net.http.HttpClientFacade.send(HttpClientFacade.java:123)
	at com.mp3.desktop.Programme3.verifierSiExiste(Programme3.java:132)
	at com.mp3.desktop.Programme3.traiterMetadata(Programme3.java:102)
	at com.mp3.desktop.Programme3.lambda$run$0(Programme3.java:64)
	at com.rabbitmq.client.impl.recovery.AutorecoveringChannel$2.handleDelivery(AutorecoveringChannel.java:588)
	at com.rabbitmq.client.impl.ConsumerDispatcher$5.run(ConsumerDispatcher.java:149)
	at com.rabbitmq.client.impl.ConsumerWorkService$WorkPoolRunnable.run(ConsumerWorkService.java:111)
	at java.base/java.util.concurrent.ThreadPoolExecutor.runWorker(ThreadPoolExecutor.java:1136)
	at java.base/java.util.concurrent.ThreadPoolExecutor$Worker.run(ThreadPoolExecutor.java:635)
	at java.base/java.lang.Thread.run(Thread.java:842)
Caused by: java.net.ConnectException: null
	at java.net.http/jdk.internal.net.http.common.Utils.toConnectException(Utils.java:1055)
	at java.net.http/jdk.internal.net.http.PlainHttpConnection.connectAsync(PlainHttpConnection.java:198)
	at java.net.http/jdk.internal.net.http.PlainHttpConnection.checkRetryConnect(PlainHttpConnection.java:230)
	at java.net.http/jdk.internal.net.http.PlainHttpConnection.lambda$connectAsync$1(PlainHttpConnection.java:206)
	at java.base/java.util.concurrent.CompletableFuture.uniHandle(CompletableFuture.java:934)
	at java.base/java.util.concurrent.CompletableFuture$UniHandle.tryFire(CompletableFuture.java:911)
	at java.base/java.util.concurrent.CompletableFuture.postComplete(CompletableFuture.java:510)
	at java.base/java.util.concurrent.CompletableFuture$AsyncSupply.run(CompletableFuture.java:1773)
	... 3 common frames omitted
Caused by: java.nio.channels.ClosedChannelException: null
	at java.base/sun.nio.ch.SocketChannelImpl.ensureOpen(SocketChannelImpl.java:195)
	at java.base/sun.nio.ch.SocketChannelImpl.beginConnect(SocketChannelImpl.java:760)
	at java.base/sun.nio.ch.SocketChannelImpl.connect(SocketChannelImpl.java:848)
	at java.net.http/jdk.internal.net.http.PlainHttpConnection.lambda$connectAsync$0(PlainHttpConnection.java:183)
	at java.base/java.security.AccessController.doPrivileged(AccessController.java:569)
	at java.net.http/jdk.internal.net.http.PlainHttpConnection.connectAsync(PlainHttpConnection.java:185)
	... 9 common frames omitted
2026-06-23 09:49:23.995 [pool-1-thread-37] ERROR com.mp3.desktop.Programme3 - Erreur API - Tentative 2/2 pour ?Happier Than Ever
java.net.ConnectException: null
	at java.net.http/jdk.internal.net.http.HttpClientImpl.send(HttpClientImpl.java:573)
	at java.net.http/jdk.internal.net.http.HttpClientFacade.send(HttpClientFacade.java:123)
	at com.mp3.desktop.Programme3.verifierSiExiste(Programme3.java:132)
	at com.mp3.desktop.Programme3.traiterMetadata(Programme3.java:102)
	at com.mp3.desktop.Programme3.lambda$run$0(Programme3.java:64)
	at com.rabbitmq.client.impl.recovery.AutorecoveringChannel$2.handleDelivery(AutorecoveringChannel.java:588)
	at com.rabbitmq.client.impl.ConsumerDispatcher$5.run(ConsumerDispatcher.java:149)
	at com.rabbitmq.client.impl.ConsumerWorkService$WorkPoolRunnable.run(ConsumerWorkService.java:111)
	at java.base/java.util.concurrent.ThreadPoolExecutor.runWorker(ThreadPoolExecutor.java:1136)
	at java.base/java.util.concurrent.ThreadPoolExecutor$Worker.run(ThreadPoolExecutor.java:635)
	at java.base/java.lang.Thread.run(Thread.java:842)
Caused by: java.net.ConnectException: null
	at java.net.http/jdk.internal.net.http.common.Utils.toConnectException(Utils.java:1055)
	at java.net.http/jdk.internal.net.http.PlainHttpConnection.connectAsync(PlainHttpConnection.java:198)
	at java.net.http/jdk.internal.net.http.PlainHttpConnection.checkRetryConnect(PlainHttpConnection.java:230)
	at java.net.http/jdk.internal.net.http.PlainHttpConnection.lambda$connectAsync$1(PlainHttpConnection.java:206)
	at java.base/java.util.concurrent.CompletableFuture.uniHandle(CompletableFuture.java:934)
	at java.base/java.util.concurrent.CompletableFuture$UniHandle.tryFire(CompletableFuture.java:911)
	at java.base/java.util.concurrent.CompletableFuture.postComplete(CompletableFuture.java:510)
	at java.base/java.util.concurrent.CompletableFuture$AsyncSupply.run(CompletableFuture.java:1773)
	... 3 common frames omitted
Caused by: java.nio.channels.ClosedChannelException: null
	at java.base/sun.nio.ch.SocketChannelImpl.ensureOpen(SocketChannelImpl.java:195)
	at java.base/sun.nio.ch.SocketChannelImpl.beginConnect(SocketChannelImpl.java:760)
	at java.base/sun.nio.ch.SocketChannelImpl.connect(SocketChannelImpl.java:848)
	at java.net.http/jdk.internal.net.http.PlainHttpConnection.lambda$connectAsync$0(PlainHttpConnection.java:183)
	at java.base/java.security.AccessController.doPrivileged(AccessController.java:569)
	at java.net.http/jdk.internal.net.http.PlainHttpConnection.connectAsync(PlainHttpConnection.java:185)
	... 9 common frames omitted
2026-06-23 09:49:23.999 [pool-1-thread-37] ERROR com.mp3.desktop.Programme3 - ECHEC definitif pour l'envoi de : ?Happier Than Ever. Le fichier NE SERA PAS supprime.
2026-06-23 09:49:24.001 [pool-1-thread-38] INFO  com.mp3.desktop.Programme3 - <- Metadata recu (P3) : ?HATRAIZA / AZA AVELA - REKO
2026-06-23 09:49:24.004 [pool-1-thread-38] ERROR com.mp3.desktop.Programme3 - Erreur API - Tentative 1/2 pour ?HATRAIZA / AZA AVELA - REKO
java.net.ConnectException: null
	at java.net.http/jdk.internal.net.http.HttpClientImpl.send(HttpClientImpl.java:573)
	at java.net.http/jdk.internal.net.http.HttpClientFacade.send(HttpClientFacade.java:123)
	at com.mp3.desktop.Programme3.verifierSiExiste(Programme3.java:132)
	at com.mp3.desktop.Programme3.traiterMetadata(Programme3.java:102)
	at com.mp3.desktop.Programme3.lambda$run$0(Programme3.java:64)
	at com.rabbitmq.client.impl.recovery.AutorecoveringChannel$2.handleDelivery(AutorecoveringChannel.java:588)
	at com.rabbitmq.client.impl.ConsumerDispatcher$5.run(ConsumerDispatcher.java:149)
	at com.rabbitmq.client.impl.ConsumerWorkService$WorkPoolRunnable.run(ConsumerWorkService.java:111)
	at java.base/java.util.concurrent.ThreadPoolExecutor.runWorker(ThreadPoolExecutor.java:1136)
	at java.base/java.util.concurrent.ThreadPoolExecutor$Worker.run(ThreadPoolExecutor.java:635)
	at java.base/java.lang.Thread.run(Thread.java:842)
Caused by: java.net.ConnectException: null
	at java.net.http/jdk.internal.net.http.common.Utils.toConnectException(Utils.java:1055)
	at java.net.http/jdk.internal.net.http.PlainHttpConnection.connectAsync(PlainHttpConnection.java:198)
	at java.net.http/jdk.internal.net.http.PlainHttpConnection.checkRetryConnect(PlainHttpConnection.java:230)
	at java.net.http/jdk.internal.net.http.PlainHttpConnection.lambda$connectAsync$1(PlainHttpConnection.java:206)
	at java.base/java.util.concurrent.CompletableFuture.uniHandle(CompletableFuture.java:934)
	at java.base/java.util.concurrent.CompletableFuture$UniHandle.tryFire(CompletableFuture.java:911)
	at java.base/java.util.concurrent.CompletableFuture.postComplete(CompletableFuture.java:510)
	at java.base/java.util.concurrent.CompletableFuture$AsyncSupply.run(CompletableFuture.java:1773)
	... 3 common frames omitted
Caused by: java.nio.channels.ClosedChannelException: null
	at java.base/sun.nio.ch.SocketChannelImpl.ensureOpen(SocketChannelImpl.java:195)
	at java.base/sun.nio.ch.SocketChannelImpl.beginConnect(SocketChannelImpl.java:760)
	at java.base/sun.nio.ch.SocketChannelImpl.connect(SocketChannelImpl.java:848)
	at java.net.http/jdk.internal.net.http.PlainHttpConnection.lambda$connectAsync$0(PlainHttpConnection.java:183)
	at java.base/java.security.AccessController.doPrivileged(AccessController.java:569)
	at java.net.http/jdk.internal.net.http.PlainHttpConnection.connectAsync(PlainHttpConnection.java:185)
	... 9 common frames omitted
2026-06-23 09:49:26.008 [pool-1-thread-38] ERROR com.mp3.desktop.Programme3 - Erreur API - Tentative 2/2 pour ?HATRAIZA / AZA AVELA - REKO
java.net.ConnectException: null
	at java.net.http/jdk.internal.net.http.HttpClientImpl.send(HttpClientImpl.java:573)
	at java.net.http/jdk.internal.net.http.HttpClientFacade.send(HttpClientFacade.java:123)
	at com.mp3.desktop.Programme3.verifierSiExiste(Programme3.java:132)
	at com.mp3.desktop.Programme3.traiterMetadata(Programme3.java:102)
	at com.mp3.desktop.Programme3.lambda$run$0(Programme3.java:64)
	at com.rabbitmq.client.impl.recovery.AutorecoveringChannel$2.handleDelivery(AutorecoveringChannel.java:588)
	at com.rabbitmq.client.impl.ConsumerDispatcher$5.run(ConsumerDispatcher.java:149)
	at com.rabbitmq.client.impl.ConsumerWorkService$WorkPoolRunnable.run(ConsumerWorkService.java:111)
	at java.base/java.util.concurrent.ThreadPoolExecutor.runWorker(ThreadPoolExecutor.java:1136)
	at java.base/java.util.concurrent.ThreadPoolExecutor$Worker.run(ThreadPoolExecutor.java:635)
	at java.base/java.lang.Thread.run(Thread.java:842)
Caused by: java.net.ConnectException: null
	at java.net.http/jdk.internal.net.http.common.Utils.toConnectException(Utils.java:1055)
	at java.net.http/jdk.internal.net.http.PlainHttpConnection.connectAsync(PlainHttpConnection.java:198)
	at java.net.http/jdk.internal.net.http.PlainHttpConnection.checkRetryConnect(PlainHttpConnection.java:230)
	at java.net.http/jdk.internal.net.http.PlainHttpConnection.lambda$connectAsync$1(PlainHttpConnection.java:206)
	at java.base/java.util.concurrent.CompletableFuture.uniHandle(CompletableFuture.java:934)
	at java.base/java.util.concurrent.CompletableFuture$UniHandle.tryFire(CompletableFuture.java:911)
	at java.base/java.util.concurrent.CompletableFuture.postComplete(CompletableFuture.java:510)
	at java.base/java.util.concurrent.CompletableFuture$AsyncSupply.run(CompletableFuture.java:1773)
	... 3 common frames omitted
Caused by: java.nio.channels.ClosedChannelException: null
	at java.base/sun.nio.ch.SocketChannelImpl.ensureOpen(SocketChannelImpl.java:195)
	at java.base/sun.nio.ch.SocketChannelImpl.beginConnect(SocketChannelImpl.java:760)
	at java.base/sun.nio.ch.SocketChannelImpl.connect(SocketChannelImpl.java:848)
	at java.net.http/jdk.internal.net.http.PlainHttpConnection.lambda$connectAsync$0(PlainHttpConnection.java:183)
	at java.base/java.security.AccessController.doPrivileged(AccessController.java:569)
	at java.net.http/jdk.internal.net.http.PlainHttpConnection.connectAsync(PlainHttpConnection.java:185)
	... 9 common frames omitted
2026-06-23 09:49:26.009 [pool-1-thread-38] ERROR com.mp3.desktop.Programme3 - ECHEC definitif pour l'envoi de : ?HATRAIZA / AZA AVELA - REKO. Le fichier NE SERA PAS supprime.
2026-06-23 09:49:26.009 [pool-1-thread-43] INFO  com.mp3.desktop.Programme3 - <- Metadata recu (P3) : ?Louane - Maman (2015) Official Music Video
2026-06-23 09:49:26.012 [pool-1-thread-43] ERROR com.mp3.desktop.Programme3 - Erreur API - Tentative 1/2 pour ?Louane - Maman (2015) Official Music Video
java.net.ConnectException: null
	at java.net.http/jdk.internal.net.http.HttpClientImpl.send(HttpClientImpl.java:573)
	at java.net.http/jdk.internal.net.http.HttpClientFacade.send(HttpClientFacade.java:123)
	at com.mp3.desktop.Programme3.verifierSiExiste(Programme3.java:132)
	at com.mp3.desktop.Programme3.traiterMetadata(Programme3.java:102)
	at com.mp3.desktop.Programme3.lambda$run$0(Programme3.java:64)
	at com.rabbitmq.client.impl.recovery.AutorecoveringChannel$2.handleDelivery(AutorecoveringChannel.java:588)
	at com.rabbitmq.client.impl.ConsumerDispatcher$5.run(ConsumerDispatcher.java:149)
	at com.rabbitmq.client.impl.ConsumerWorkService$WorkPoolRunnable.run(ConsumerWorkService.java:111)
	at java.base/java.util.concurrent.ThreadPoolExecutor.runWorker(ThreadPoolExecutor.java:1136)
	at java.base/java.util.concurrent.ThreadPoolExecutor$Worker.run(ThreadPoolExecutor.java:635)
	at java.base/java.lang.Thread.run(Thread.java:842)
Caused by: java.net.ConnectException: null
	at java.net.http/jdk.internal.net.http.common.Utils.toConnectException(Utils.java:1055)
	at java.net.http/jdk.internal.net.http.PlainHttpConnection.connectAsync(PlainHttpConnection.java:198)
	at java.net.http/jdk.internal.net.http.PlainHttpConnection.checkRetryConnect(PlainHttpConnection.java:230)
	at java.net.http/jdk.internal.net.http.PlainHttpConnection.lambda$connectAsync$1(PlainHttpConnection.java:206)
	at java.base/java.util.concurrent.CompletableFuture.uniHandle(CompletableFuture.java:934)
	at java.base/java.util.concurrent.CompletableFuture$UniHandle.tryFire(CompletableFuture.java:911)
	at java.base/java.util.concurrent.CompletableFuture.postComplete(CompletableFuture.java:510)
	at java.base/java.util.concurrent.CompletableFuture$AsyncSupply.run(CompletableFuture.java:1773)
	... 3 common frames omitted
Caused by: java.nio.channels.ClosedChannelException: null
	at java.base/sun.nio.ch.SocketChannelImpl.ensureOpen(SocketChannelImpl.java:195)
	at java.base/sun.nio.ch.SocketChannelImpl.beginConnect(SocketChannelImpl.java:760)
	at java.base/sun.nio.ch.SocketChannelImpl.connect(SocketChannelImpl.java:848)
	at java.net.http/jdk.internal.net.http.PlainHttpConnection.lambda$connectAsync$0(PlainHttpConnection.java:183)
	at java.base/java.security.AccessController.doPrivileged(AccessController.java:569)
	at java.net.http/jdk.internal.net.http.PlainHttpConnection.connectAsync(PlainHttpConnection.java:185)
	... 9 common frames omitted
2026-06-23 09:49:28.024 [pool-1-thread-43] ERROR com.mp3.desktop.Programme3 - Erreur API - Tentative 2/2 pour ?Louane - Maman (2015) Official Music Video
java.net.ConnectException: null
	at java.net.http/jdk.internal.net.http.HttpClientImpl.send(HttpClientImpl.java:573)
	at java.net.http/jdk.internal.net.http.HttpClientFacade.send(HttpClientFacade.java:123)
	at com.mp3.desktop.Programme3.verifierSiExiste(Programme3.java:132)
	at com.mp3.desktop.Programme3.traiterMetadata(Programme3.java:102)
	at com.mp3.desktop.Programme3.lambda$run$0(Programme3.java:64)
	at com.rabbitmq.client.impl.recovery.AutorecoveringChannel$2.handleDelivery(AutorecoveringChannel.java:588)
	at com.rabbitmq.client.impl.ConsumerDispatcher$5.run(ConsumerDispatcher.java:149)
	at com.rabbitmq.client.impl.ConsumerWorkService$WorkPoolRunnable.run(ConsumerWorkService.java:111)
	at java.base/java.util.concurrent.ThreadPoolExecutor.runWorker(ThreadPoolExecutor.java:1136)
	at java.base/java.util.concurrent.ThreadPoolExecutor$Worker.run(ThreadPoolExecutor.java:635)
	at java.base/java.lang.Thread.run(Thread.java:842)
Caused by: java.net.ConnectException: null
	at java.net.http/jdk.internal.net.http.common.Utils.toConnectException(Utils.java:1055)
	at java.net.http/jdk.internal.net.http.PlainHttpConnection.connectAsync(PlainHttpConnection.java:198)
	at java.net.http/jdk.internal.net.http.PlainHttpConnection.checkRetryConnect(PlainHttpConnection.java:230)
	at java.net.http/jdk.internal.net.http.PlainHttpConnection.lambda$connectAsync$1(PlainHttpConnection.java:206)
	at java.base/java.util.concurrent.CompletableFuture.uniHandle(CompletableFuture.java:934)
	at java.base/java.util.concurrent.CompletableFuture$UniHandle.tryFire(CompletableFuture.java:911)
	at java.base/java.util.concurrent.CompletableFuture.postComplete(CompletableFuture.java:510)
	at java.base/java.util.concurrent.CompletableFuture$AsyncSupply.run(CompletableFuture.java:1773)
	... 3 common frames omitted
Caused by: java.nio.channels.ClosedChannelException: null
	at java.base/sun.nio.ch.SocketChannelImpl.ensureOpen(SocketChannelImpl.java:195)
	at java.base/sun.nio.ch.SocketChannelImpl.beginConnect(SocketChannelImpl.java:760)
	at java.base/sun.nio.ch.SocketChannelImpl.connect(SocketChannelImpl.java:848)
	at java.net.http/jdk.internal.net.http.PlainHttpConnection.lambda$connectAsync$0(PlainHttpConnection.java:183)
	at java.base/java.security.AccessController.doPrivileged(AccessController.java:569)
	at java.net.http/jdk.internal.net.http.PlainHttpConnection.connectAsync(PlainHttpConnection.java:185)
	... 9 common frames omitted
2026-06-23 09:49:28.024 [pool-1-thread-43] ERROR com.mp3.desktop.Programme3 - ECHEC definitif pour l'envoi de : ?Louane - Maman (2015) Official Music Video. Le fichier NE SERA PAS supprime.
2026-06-23 09:49:28.024 [pool-1-thread-44] INFO  com.mp3.desktop.Programme3 - <- Metadata recu (P3) : Matsiro kosa ny nanaovan_i Fy Rasolofoniaina ny hiran_ny tarika _Zay teto.(480P_SD)
2026-06-23 09:49:28.024 [pool-1-thread-44] ERROR com.mp3.desktop.Programme3 - Erreur API - Tentative 1/2 pour Matsiro kosa ny nanaovan_i Fy Rasolofoniaina ny hiran_ny tarika _Zay teto.(480P_SD)
java.net.ConnectException: null
	at java.net.http/jdk.internal.net.http.HttpClientImpl.send(HttpClientImpl.java:573)
	at java.net.http/jdk.internal.net.http.HttpClientFacade.send(HttpClientFacade.java:123)
	at com.mp3.desktop.Programme3.verifierSiExiste(Programme3.java:132)
	at com.mp3.desktop.Programme3.traiterMetadata(Programme3.java:102)
	at com.mp3.desktop.Programme3.lambda$run$0(Programme3.java:64)
	at com.rabbitmq.client.impl.recovery.AutorecoveringChannel$2.handleDelivery(AutorecoveringChannel.java:588)
	at com.rabbitmq.client.impl.ConsumerDispatcher$5.run(ConsumerDispatcher.java:149)
	at com.rabbitmq.client.impl.ConsumerWorkService$WorkPoolRunnable.run(ConsumerWorkService.java:111)
	at java.base/java.util.concurrent.ThreadPoolExecutor.runWorker(ThreadPoolExecutor.java:1136)
	at java.base/java.util.concurrent.ThreadPoolExecutor$Worker.run(ThreadPoolExecutor.java:635)
	at java.base/java.lang.Thread.run(Thread.java:842)
Caused by: java.net.ConnectException: null
	at java.net.http/jdk.internal.net.http.common.Utils.toConnectException(Utils.java:1055)
	at java.net.http/jdk.internal.net.http.PlainHttpConnection.connectAsync(PlainHttpConnection.java:198)
	at java.net.http/jdk.internal.net.http.PlainHttpConnection.checkRetryConnect(PlainHttpConnection.java:230)
	at java.net.http/jdk.internal.net.http.PlainHttpConnection.lambda$connectAsync$1(PlainHttpConnection.java:206)
	at java.base/java.util.concurrent.CompletableFuture.uniHandle(CompletableFuture.java:934)
	at java.base/java.util.concurrent.CompletableFuture$UniHandle.tryFire(CompletableFuture.java:911)
	at java.base/java.util.concurrent.CompletableFuture.postComplete(CompletableFuture.java:510)
	at java.base/java.util.concurrent.CompletableFuture$AsyncSupply.run(CompletableFuture.java:1773)
	... 3 common frames omitted
Caused by: java.nio.channels.ClosedChannelException: null
	at java.base/sun.nio.ch.SocketChannelImpl.ensureOpen(SocketChannelImpl.java:195)
	at java.base/sun.nio.ch.SocketChannelImpl.beginConnect(SocketChannelImpl.java:760)
	at java.base/sun.nio.ch.SocketChannelImpl.connect(SocketChannelImpl.java:848)
	at java.net.http/jdk.internal.net.http.PlainHttpConnection.lambda$connectAsync$0(PlainHttpConnection.java:183)
	at java.base/java.security.AccessController.doPrivileged(AccessController.java:569)
	at java.net.http/jdk.internal.net.http.PlainHttpConnection.connectAsync(PlainHttpConnection.java:185)
	... 9 common frames omitted
2026-06-23 09:49:30.044 [pool-1-thread-44] ERROR com.mp3.desktop.Programme3 - Erreur API - Tentative 2/2 pour Matsiro kosa ny nanaovan_i Fy Rasolofoniaina ny hiran_ny tarika _Zay teto.(480P_SD)
java.net.ConnectException: null
	at java.net.http/jdk.internal.net.http.HttpClientImpl.send(HttpClientImpl.java:573)
	at java.net.http/jdk.internal.net.http.HttpClientFacade.send(HttpClientFacade.java:123)
	at com.mp3.desktop.Programme3.verifierSiExiste(Programme3.java:132)
	at com.mp3.desktop.Programme3.traiterMetadata(Programme3.java:102)
	at com.mp3.desktop.Programme3.lambda$run$0(Programme3.java:64)
	at com.rabbitmq.client.impl.recovery.AutorecoveringChannel$2.handleDelivery(AutorecoveringChannel.java:588)
	at com.rabbitmq.client.impl.ConsumerDispatcher$5.run(ConsumerDispatcher.java:149)
	at com.rabbitmq.client.impl.ConsumerWorkService$WorkPoolRunnable.run(ConsumerWorkService.java:111)
	at java.base/java.util.concurrent.ThreadPoolExecutor.runWorker(ThreadPoolExecutor.java:1136)
	at java.base/java.util.concurrent.ThreadPoolExecutor$Worker.run(ThreadPoolExecutor.java:635)
	at java.base/java.lang.Thread.run(Thread.java:842)
Caused by: java.net.ConnectException: null
	at java.net.http/jdk.internal.net.http.common.Utils.toConnectException(Utils.java:1055)
	at java.net.http/jdk.internal.net.http.PlainHttpConnection.connectAsync(PlainHttpConnection.java:198)
	at java.net.http/jdk.internal.net.http.PlainHttpConnection.checkRetryConnect(PlainHttpConnection.java:230)
	at java.net.http/jdk.internal.net.http.PlainHttpConnection.lambda$connectAsync$1(PlainHttpConnection.java:206)
	at java.base/java.util.concurrent.CompletableFuture.uniHandle(CompletableFuture.java:934)
	at java.base/java.util.concurrent.CompletableFuture$UniHandle.tryFire(CompletableFuture.java:911)
	at java.base/java.util.concurrent.CompletableFuture.postComplete(CompletableFuture.java:510)
	at java.base/java.util.concurrent.CompletableFuture$AsyncSupply.run(CompletableFuture.java:1773)
	... 3 common frames omitted
Caused by: java.nio.channels.ClosedChannelException: null
	at java.base/sun.nio.ch.SocketChannelImpl.ensureOpen(SocketChannelImpl.java:195)
	at java.base/sun.nio.ch.SocketChannelImpl.beginConnect(SocketChannelImpl.java:760)
	at java.base/sun.nio.ch.SocketChannelImpl.connect(SocketChannelImpl.java:848)
	at java.net.http/jdk.internal.net.http.PlainHttpConnection.lambda$connectAsync$0(PlainHttpConnection.java:183)
	at java.base/java.security.AccessController.doPrivileged(AccessController.java:569)
	at java.net.http/jdk.internal.net.http.PlainHttpConnection.connectAsync(PlainHttpConnection.java:185)
	... 9 common frames omitted
2026-06-23 09:49:30.045 [pool-1-thread-44] ERROR com.mp3.desktop.Programme3 - ECHEC definitif pour l'envoi de : Matsiro kosa ny nanaovan_i Fy Rasolofoniaina ny hiran_ny tarika _Zay teto.(480P_SD). Le fichier NE SERA PAS supprime.
2026-06-23 09:49:30.047 [pool-1-thread-14] INFO  com.mp3.desktop.Programme3 - <- Metadata recu (P3) : ?Misia
2026-06-23 09:49:30.050 [pool-1-thread-14] ERROR com.mp3.desktop.Programme3 - Erreur API - Tentative 1/2 pour ?Misia
java.net.ConnectException: null
	at java.net.http/jdk.internal.net.http.HttpClientImpl.send(HttpClientImpl.java:573)
	at java.net.http/jdk.internal.net.http.HttpClientFacade.send(HttpClientFacade.java:123)
	at com.mp3.desktop.Programme3.verifierSiExiste(Programme3.java:132)
	at com.mp3.desktop.Programme3.traiterMetadata(Programme3.java:102)
	at com.mp3.desktop.Programme3.lambda$run$0(Programme3.java:64)
	at com.rabbitmq.client.impl.recovery.AutorecoveringChannel$2.handleDelivery(AutorecoveringChannel.java:588)
	at com.rabbitmq.client.impl.ConsumerDispatcher$5.run(ConsumerDispatcher.java:149)
	at com.rabbitmq.client.impl.ConsumerWorkService$WorkPoolRunnable.run(ConsumerWorkService.java:111)
	at java.base/java.util.concurrent.ThreadPoolExecutor.runWorker(ThreadPoolExecutor.java:1136)
	at java.base/java.util.concurrent.ThreadPoolExecutor$Worker.run(ThreadPoolExecutor.java:635)
	at java.base/java.lang.Thread.run(Thread.java:842)
Caused by: java.net.ConnectException: null
	at java.net.http/jdk.internal.net.http.common.Utils.toConnectException(Utils.java:1055)
	at java.net.http/jdk.internal.net.http.PlainHttpConnection.connectAsync(PlainHttpConnection.java:198)
	at java.net.http/jdk.internal.net.http.PlainHttpConnection.checkRetryConnect(PlainHttpConnection.java:230)
	at java.net.http/jdk.internal.net.http.PlainHttpConnection.lambda$connectAsync$1(PlainHttpConnection.java:206)
	at java.base/java.util.concurrent.CompletableFuture.uniHandle(CompletableFuture.java:934)
	at java.base/java.util.concurrent.CompletableFuture$UniHandle.tryFire(CompletableFuture.java:911)
	at java.base/java.util.concurrent.CompletableFuture.postComplete(CompletableFuture.java:510)
	at java.base/java.util.concurrent.CompletableFuture$AsyncSupply.run(CompletableFuture.java:1773)
	... 3 common frames omitted
Caused by: java.nio.channels.ClosedChannelException: null
	at java.base/sun.nio.ch.SocketChannelImpl.ensureOpen(SocketChannelImpl.java:195)
	at java.base/sun.nio.ch.SocketChannelImpl.beginConnect(SocketChannelImpl.java:760)
	at java.base/sun.nio.ch.SocketChannelImpl.connect(SocketChannelImpl.java:848)
	at java.net.http/jdk.internal.net.http.PlainHttpConnection.lambda$connectAsync$0(PlainHttpConnection.java:183)
	at java.base/java.security.AccessController.doPrivileged(AccessController.java:569)
	at java.net.http/jdk.internal.net.http.PlainHttpConnection.connectAsync(PlainHttpConnection.java:185)
	... 9 common frames omitted
2026-06-23 09:49:32.059 [pool-1-thread-14] ERROR com.mp3.desktop.Programme3 - Erreur API - Tentative 2/2 pour ?Misia
java.net.ConnectException: null
	at java.net.http/jdk.internal.net.http.HttpClientImpl.send(HttpClientImpl.java:573)
	at java.net.http/jdk.internal.net.http.HttpClientFacade.send(HttpClientFacade.java:123)
	at com.mp3.desktop.Programme3.verifierSiExiste(Programme3.java:132)
	at com.mp3.desktop.Programme3.traiterMetadata(Programme3.java:102)
	at com.mp3.desktop.Programme3.lambda$run$0(Programme3.java:64)
	at com.rabbitmq.client.impl.recovery.AutorecoveringChannel$2.handleDelivery(AutorecoveringChannel.java:588)
	at com.rabbitmq.client.impl.ConsumerDispatcher$5.run(ConsumerDispatcher.java:149)
	at com.rabbitmq.client.impl.ConsumerWorkService$WorkPoolRunnable.run(ConsumerWorkService.java:111)
	at java.base/java.util.concurrent.ThreadPoolExecutor.runWorker(ThreadPoolExecutor.java:1136)
	at java.base/java.util.concurrent.ThreadPoolExecutor$Worker.run(ThreadPoolExecutor.java:635)
	at java.base/java.lang.Thread.run(Thread.java:842)
Caused by: java.net.ConnectException: null
	at java.net.http/jdk.internal.net.http.common.Utils.toConnectException(Utils.java:1055)
	at java.net.http/jdk.internal.net.http.PlainHttpConnection.connectAsync(PlainHttpConnection.java:198)
	at java.net.http/jdk.internal.net.http.PlainHttpConnection.checkRetryConnect(PlainHttpConnection.java:230)
	at java.net.http/jdk.internal.net.http.PlainHttpConnection.lambda$connectAsync$1(PlainHttpConnection.java:206)
	at java.base/java.util.concurrent.CompletableFuture.uniHandle(CompletableFuture.java:934)
	at java.base/java.util.concurrent.CompletableFuture$UniHandle.tryFire(CompletableFuture.java:911)
	at java.base/java.util.concurrent.CompletableFuture.postComplete(CompletableFuture.java:510)
	at java.base/java.util.concurrent.CompletableFuture$AsyncSupply.run(CompletableFuture.java:1773)
	... 3 common frames omitted
Caused by: java.nio.channels.ClosedChannelException: null
	at java.base/sun.nio.ch.SocketChannelImpl.ensureOpen(SocketChannelImpl.java:195)
	at java.base/sun.nio.ch.SocketChannelImpl.beginConnect(SocketChannelImpl.java:760)
	at java.base/sun.nio.ch.SocketChannelImpl.connect(SocketChannelImpl.java:848)
	at java.net.http/jdk.internal.net.http.PlainHttpConnection.lambda$connectAsync$0(PlainHttpConnection.java:183)
	at java.base/java.security.AccessController.doPrivileged(AccessController.java:569)
	at java.net.http/jdk.internal.net.http.PlainHttpConnection.connectAsync(PlainHttpConnection.java:185)
	... 9 common frames omitted
2026-06-23 09:49:32.060 [pool-1-thread-14] ERROR com.mp3.desktop.Programme3 - ECHEC definitif pour l'envoi de : ?Misia. Le fichier NE SERA PAS supprime.
2026-06-23 09:49:32.062 [pool-1-thread-29] INFO  com.mp3.desktop.Programme3 - <- Metadata recu (P3) : ?MITONIA - REKO (Official lyrics video)
2026-06-23 09:49:32.065 [pool-1-thread-29] ERROR com.mp3.desktop.Programme3 - Erreur API - Tentative 1/2 pour ?MITONIA - REKO (Official lyrics video)
java.net.ConnectException: null
	at java.net.http/jdk.internal.net.http.HttpClientImpl.send(HttpClientImpl.java:573)
	at java.net.http/jdk.internal.net.http.HttpClientFacade.send(HttpClientFacade.java:123)
	at com.mp3.desktop.Programme3.verifierSiExiste(Programme3.java:132)
	at com.mp3.desktop.Programme3.traiterMetadata(Programme3.java:102)
	at com.mp3.desktop.Programme3.lambda$run$0(Programme3.java:64)
	at com.rabbitmq.client.impl.recovery.AutorecoveringChannel$2.handleDelivery(AutorecoveringChannel.java:588)
	at com.rabbitmq.client.impl.ConsumerDispatcher$5.run(ConsumerDispatcher.java:149)
	at com.rabbitmq.client.impl.ConsumerWorkService$WorkPoolRunnable.run(ConsumerWorkService.java:111)
	at java.base/java.util.concurrent.ThreadPoolExecutor.runWorker(ThreadPoolExecutor.java:1136)
	at java.base/java.util.concurrent.ThreadPoolExecutor$Worker.run(ThreadPoolExecutor.java:635)
	at java.base/java.lang.Thread.run(Thread.java:842)
Caused by: java.net.ConnectException: null
	at java.net.http/jdk.internal.net.http.common.Utils.toConnectException(Utils.java:1055)
	at java.net.http/jdk.internal.net.http.PlainHttpConnection.connectAsync(PlainHttpConnection.java:198)
	at java.net.http/jdk.internal.net.http.PlainHttpConnection.checkRetryConnect(PlainHttpConnection.java:230)
	at java.net.http/jdk.internal.net.http.PlainHttpConnection.lambda$connectAsync$1(PlainHttpConnection.java:206)
	at java.base/java.util.concurrent.CompletableFuture.uniHandle(CompletableFuture.java:934)
	at java.base/java.util.concurrent.CompletableFuture$UniHandle.tryFire(CompletableFuture.java:911)
	at java.base/java.util.concurrent.CompletableFuture.postComplete(CompletableFuture.java:510)
	at java.base/java.util.concurrent.CompletableFuture$AsyncSupply.run(CompletableFuture.java:1773)
	... 3 common frames omitted
Caused by: java.nio.channels.ClosedChannelException: null
	at java.base/sun.nio.ch.SocketChannelImpl.ensureOpen(SocketChannelImpl.java:195)
	at java.base/sun.nio.ch.SocketChannelImpl.beginConnect(SocketChannelImpl.java:760)
	at java.base/sun.nio.ch.SocketChannelImpl.connect(SocketChannelImpl.java:848)
	at java.net.http/jdk.internal.net.http.PlainHttpConnection.lambda$connectAsync$0(PlainHttpConnection.java:183)
	at java.base/java.security.AccessController.doPrivileged(AccessController.java:569)
	at java.net.http/jdk.internal.net.http.PlainHttpConnection.connectAsync(PlainHttpConnection.java:185)
	... 9 common frames omitted
2026-06-23 09:49:34.073 [pool-1-thread-29] ERROR com.mp3.desktop.Programme3 - Erreur API - Tentative 2/2 pour ?MITONIA - REKO (Official lyrics video)
java.net.ConnectException: null
	at java.net.http/jdk.internal.net.http.HttpClientImpl.send(HttpClientImpl.java:573)
	at java.net.http/jdk.internal.net.http.HttpClientFacade.send(HttpClientFacade.java:123)
	at com.mp3.desktop.Programme3.verifierSiExiste(Programme3.java:132)
	at com.mp3.desktop.Programme3.traiterMetadata(Programme3.java:102)
	at com.mp3.desktop.Programme3.lambda$run$0(Programme3.java:64)
	at com.rabbitmq.client.impl.recovery.AutorecoveringChannel$2.handleDelivery(AutorecoveringChannel.java:588)
	at com.rabbitmq.client.impl.ConsumerDispatcher$5.run(ConsumerDispatcher.java:149)
	at com.rabbitmq.client.impl.ConsumerWorkService$WorkPoolRunnable.run(ConsumerWorkService.java:111)
	at java.base/java.util.concurrent.ThreadPoolExecutor.runWorker(ThreadPoolExecutor.java:1136)
	at java.base/java.util.concurrent.ThreadPoolExecutor$Worker.run(ThreadPoolExecutor.java:635)
	at java.base/java.lang.Thread.run(Thread.java:842)
Caused by: java.net.ConnectException: null
	at java.net.http/jdk.internal.net.http.common.Utils.toConnectException(Utils.java:1055)
	at java.net.http/jdk.internal.net.http.PlainHttpConnection.connectAsync(PlainHttpConnection.java:198)
	at java.net.http/jdk.internal.net.http.PlainHttpConnection.checkRetryConnect(PlainHttpConnection.java:230)
	at java.net.http/jdk.internal.net.http.PlainHttpConnection.lambda$connectAsync$1(PlainHttpConnection.java:206)
	at java.base/java.util.concurrent.CompletableFuture.uniHandle(CompletableFuture.java:934)
	at java.base/java.util.concurrent.CompletableFuture$UniHandle.tryFire(CompletableFuture.java:911)
	at java.base/java.util.concurrent.CompletableFuture.postComplete(CompletableFuture.java:510)
	at java.base/java.util.concurrent.CompletableFuture$AsyncSupply.run(CompletableFuture.java:1773)
	... 3 common frames omitted
Caused by: java.nio.channels.ClosedChannelException: null
	at java.base/sun.nio.ch.SocketChannelImpl.ensureOpen(SocketChannelImpl.java:195)
	at java.base/sun.nio.ch.SocketChannelImpl.beginConnect(SocketChannelImpl.java:760)
	at java.base/sun.nio.ch.SocketChannelImpl.connect(SocketChannelImpl.java:848)
	at java.net.http/jdk.internal.net.http.PlainHttpConnection.lambda$connectAsync$0(PlainHttpConnection.java:183)
	at java.base/java.security.AccessController.doPrivileged(AccessController.java:569)
	at java.net.http/jdk.internal.net.http.PlainHttpConnection.connectAsync(PlainHttpConnection.java:185)
	... 9 common frames omitted
2026-06-23 09:49:34.073 [pool-1-thread-29] ERROR com.mp3.desktop.Programme3 - ECHEC definitif pour l'envoi de : ?MITONIA - REKO (Official lyrics video). Le fichier NE SERA PAS supprime.
2026-06-23 09:49:34.076 [pool-1-thread-35] INFO  com.mp3.desktop.Programme3 - <- Metadata recu (P3) : ?Ny Anaranao
2026-06-23 09:49:34.080 [pool-1-thread-35] ERROR com.mp3.desktop.Programme3 - Erreur API - Tentative 1/2 pour ?Ny Anaranao
java.net.ConnectException: null
	at java.net.http/jdk.internal.net.http.HttpClientImpl.send(HttpClientImpl.java:573)
	at java.net.http/jdk.internal.net.http.HttpClientFacade.send(HttpClientFacade.java:123)
	at com.mp3.desktop.Programme3.verifierSiExiste(Programme3.java:132)
	at com.mp3.desktop.Programme3.traiterMetadata(Programme3.java:102)
	at com.mp3.desktop.Programme3.lambda$run$0(Programme3.java:64)
	at com.rabbitmq.client.impl.recovery.AutorecoveringChannel$2.handleDelivery(AutorecoveringChannel.java:588)
	at com.rabbitmq.client.impl.ConsumerDispatcher$5.run(ConsumerDispatcher.java:149)
	at com.rabbitmq.client.impl.ConsumerWorkService$WorkPoolRunnable.run(ConsumerWorkService.java:111)
	at java.base/java.util.concurrent.ThreadPoolExecutor.runWorker(ThreadPoolExecutor.java:1136)
	at java.base/java.util.concurrent.ThreadPoolExecutor$Worker.run(ThreadPoolExecutor.java:635)
	at java.base/java.lang.Thread.run(Thread.java:842)
Caused by: java.net.ConnectException: null
	at java.net.http/jdk.internal.net.http.common.Utils.toConnectException(Utils.java:1055)
	at java.net.http/jdk.internal.net.http.PlainHttpConnection.connectAsync(PlainHttpConnection.java:198)
	at java.net.http/jdk.internal.net.http.PlainHttpConnection.checkRetryConnect(PlainHttpConnection.java:230)
	at java.net.http/jdk.internal.net.http.PlainHttpConnection.lambda$connectAsync$1(PlainHttpConnection.java:206)
	at java.base/java.util.concurrent.CompletableFuture.uniHandle(CompletableFuture.java:934)
	at java.base/java.util.concurrent.CompletableFuture$UniHandle.tryFire(CompletableFuture.java:911)
	at java.base/java.util.concurrent.CompletableFuture.postComplete(CompletableFuture.java:510)
	at java.base/java.util.concurrent.CompletableFuture$AsyncSupply.run(CompletableFuture.java:1773)
	... 3 common frames omitted
Caused by: java.nio.channels.ClosedChannelException: null
	at java.base/sun.nio.ch.SocketChannelImpl.ensureOpen(SocketChannelImpl.java:195)
	at java.base/sun.nio.ch.SocketChannelImpl.beginConnect(SocketChannelImpl.java:760)
	at java.base/sun.nio.ch.SocketChannelImpl.connect(SocketChannelImpl.java:848)
	at java.net.http/jdk.internal.net.http.PlainHttpConnection.lambda$connectAsync$0(PlainHttpConnection.java:183)
	at java.base/java.security.AccessController.doPrivileged(AccessController.java:569)
	at java.net.http/jdk.internal.net.http.PlainHttpConnection.connectAsync(PlainHttpConnection.java:185)
	... 9 common frames omitted
2026-06-23 09:49:36.090 [pool-1-thread-35] ERROR com.mp3.desktop.Programme3 - Erreur API - Tentative 2/2 pour ?Ny Anaranao
java.net.ConnectException: null
	at java.net.http/jdk.internal.net.http.HttpClientImpl.send(HttpClientImpl.java:573)
	at java.net.http/jdk.internal.net.http.HttpClientFacade.send(HttpClientFacade.java:123)
	at com.mp3.desktop.Programme3.verifierSiExiste(Programme3.java:132)
	at com.mp3.desktop.Programme3.traiterMetadata(Programme3.java:102)
	at com.mp3.desktop.Programme3.lambda$run$0(Programme3.java:64)
	at com.rabbitmq.client.impl.recovery.AutorecoveringChannel$2.handleDelivery(AutorecoveringChannel.java:588)
	at com.rabbitmq.client.impl.ConsumerDispatcher$5.run(ConsumerDispatcher.java:149)
	at com.rabbitmq.client.impl.ConsumerWorkService$WorkPoolRunnable.run(ConsumerWorkService.java:111)
	at java.base/java.util.concurrent.ThreadPoolExecutor.runWorker(ThreadPoolExecutor.java:1136)
	at java.base/java.util.concurrent.ThreadPoolExecutor$Worker.run(ThreadPoolExecutor.java:635)
	at java.base/java.lang.Thread.run(Thread.java:842)
Caused by: java.net.ConnectException: null
	at java.net.http/jdk.internal.net.http.common.Utils.toConnectException(Utils.java:1055)
	at java.net.http/jdk.internal.net.http.PlainHttpConnection.connectAsync(PlainHttpConnection.java:198)
	at java.net.http/jdk.internal.net.http.PlainHttpConnection.checkRetryConnect(PlainHttpConnection.java:230)
	at java.net.http/jdk.internal.net.http.PlainHttpConnection.lambda$connectAsync$1(PlainHttpConnection.java:206)
	at java.base/java.util.concurrent.CompletableFuture.uniHandle(CompletableFuture.java:934)
	at java.base/java.util.concurrent.CompletableFuture$UniHandle.tryFire(CompletableFuture.java:911)
	at java.base/java.util.concurrent.CompletableFuture.postComplete(CompletableFuture.java:510)
	at java.base/java.util.concurrent.CompletableFuture$AsyncSupply.run(CompletableFuture.java:1773)
	... 3 common frames omitted
Caused by: java.nio.channels.ClosedChannelException: null
	at java.base/sun.nio.ch.SocketChannelImpl.ensureOpen(SocketChannelImpl.java:195)
	at java.base/sun.nio.ch.SocketChannelImpl.beginConnect(SocketChannelImpl.java:760)
	at java.base/sun.nio.ch.SocketChannelImpl.connect(SocketChannelImpl.java:848)
	at java.net.http/jdk.internal.net.http.PlainHttpConnection.lambda$connectAsync$0(PlainHttpConnection.java:183)
	at java.base/java.security.AccessController.doPrivileged(AccessController.java:569)
	at java.net.http/jdk.internal.net.http.PlainHttpConnection.connectAsync(PlainHttpConnection.java:185)
	... 9 common frames omitted
2026-06-23 09:49:36.092 [pool-1-thread-35] ERROR com.mp3.desktop.Programme3 - ECHEC definitif pour l'envoi de : ?Ny Anaranao. Le fichier NE SERA PAS supprime.
2026-06-23 09:49:36.094 [pool-1-thread-36] INFO  com.mp3.desktop.Programme3 - <- Metadata recu (P3) : ?Rotoroto
2026-06-23 09:49:36.097 [pool-1-thread-36] ERROR com.mp3.desktop.Programme3 - Erreur API - Tentative 1/2 pour ?Rotoroto
java.net.ConnectException: null
	at java.net.http/jdk.internal.net.http.HttpClientImpl.send(HttpClientImpl.java:573)
	at java.net.http/jdk.internal.net.http.HttpClientFacade.send(HttpClientFacade.java:123)
	at com.mp3.desktop.Programme3.verifierSiExiste(Programme3.java:132)
	at com.mp3.desktop.Programme3.traiterMetadata(Programme3.java:102)
	at com.mp3.desktop.Programme3.lambda$run$0(Programme3.java:64)
	at com.rabbitmq.client.impl.recovery.AutorecoveringChannel$2.handleDelivery(AutorecoveringChannel.java:588)
	at com.rabbitmq.client.impl.ConsumerDispatcher$5.run(ConsumerDispatcher.java:149)
	at com.rabbitmq.client.impl.ConsumerWorkService$WorkPoolRunnable.run(ConsumerWorkService.java:111)
	at java.base/java.util.concurrent.ThreadPoolExecutor.runWorker(ThreadPoolExecutor.java:1136)
	at java.base/java.util.concurrent.ThreadPoolExecutor$Worker.run(ThreadPoolExecutor.java:635)
	at java.base/java.lang.Thread.run(Thread.java:842)
Caused by: java.net.ConnectException: null
	at java.net.http/jdk.internal.net.http.common.Utils.toConnectException(Utils.java:1055)
	at java.net.http/jdk.internal.net.http.PlainHttpConnection.connectAsync(PlainHttpConnection.java:198)
	at java.net.http/jdk.internal.net.http.PlainHttpConnection.checkRetryConnect(PlainHttpConnection.java:230)
	at java.net.http/jdk.internal.net.http.PlainHttpConnection.lambda$connectAsync$1(PlainHttpConnection.java:206)
	at java.base/java.util.concurrent.CompletableFuture.uniHandle(CompletableFuture.java:934)
	at java.base/java.util.concurrent.CompletableFuture$UniHandle.tryFire(CompletableFuture.java:911)
	at java.base/java.util.concurrent.CompletableFuture.postComplete(CompletableFuture.java:510)
	at java.base/java.util.concurrent.CompletableFuture$AsyncSupply.run(CompletableFuture.java:1773)
	... 3 common frames omitted
Caused by: java.nio.channels.ClosedChannelException: null
	at java.base/sun.nio.ch.SocketChannelImpl.ensureOpen(SocketChannelImpl.java:195)
	at java.base/sun.nio.ch.SocketChannelImpl.beginConnect(SocketChannelImpl.java:760)
	at java.base/sun.nio.ch.SocketChannelImpl.connect(SocketChannelImpl.java:848)
	at java.net.http/jdk.internal.net.http.PlainHttpConnection.lambda$connectAsync$0(PlainHttpConnection.java:183)
	at java.base/java.security.AccessController.doPrivileged(AccessController.java:569)
	at java.net.http/jdk.internal.net.http.PlainHttpConnection.connectAsync(PlainHttpConnection.java:185)
	... 9 common frames omitted
2026-06-23 09:49:38.104 [pool-1-thread-36] ERROR com.mp3.desktop.Programme3 - Erreur API - Tentative 2/2 pour ?Rotoroto
java.net.ConnectException: null
	at java.net.http/jdk.internal.net.http.HttpClientImpl.send(HttpClientImpl.java:573)
	at java.net.http/jdk.internal.net.http.HttpClientFacade.send(HttpClientFacade.java:123)
	at com.mp3.desktop.Programme3.verifierSiExiste(Programme3.java:132)
	at com.mp3.desktop.Programme3.traiterMetadata(Programme3.java:102)
	at com.mp3.desktop.Programme3.lambda$run$0(Programme3.java:64)
	at com.rabbitmq.client.impl.recovery.AutorecoveringChannel$2.handleDelivery(AutorecoveringChannel.java:588)
	at com.rabbitmq.client.impl.ConsumerDispatcher$5.run(ConsumerDispatcher.java:149)
	at com.rabbitmq.client.impl.ConsumerWorkService$WorkPoolRunnable.run(ConsumerWorkService.java:111)
	at java.base/java.util.concurrent.ThreadPoolExecutor.runWorker(ThreadPoolExecutor.java:1136)
	at java.base/java.util.concurrent.ThreadPoolExecutor$Worker.run(ThreadPoolExecutor.java:635)
	at java.base/java.lang.Thread.run(Thread.java:842)
Caused by: java.net.ConnectException: null
	at java.net.http/jdk.internal.net.http.common.Utils.toConnectException(Utils.java:1055)
	at java.net.http/jdk.internal.net.http.PlainHttpConnection.connectAsync(PlainHttpConnection.java:198)
	at java.net.http/jdk.internal.net.http.PlainHttpConnection.checkRetryConnect(PlainHttpConnection.java:230)
	at java.net.http/jdk.internal.net.http.PlainHttpConnection.lambda$connectAsync$1(PlainHttpConnection.java:206)
	at java.base/java.util.concurrent.CompletableFuture.uniHandle(CompletableFuture.java:934)
	at java.base/java.util.concurrent.CompletableFuture$UniHandle.tryFire(CompletableFuture.java:911)
	at java.base/java.util.concurrent.CompletableFuture.postComplete(CompletableFuture.java:510)
	at java.base/java.util.concurrent.CompletableFuture$AsyncSupply.run(CompletableFuture.java:1773)
	... 3 common frames omitted
Caused by: java.nio.channels.ClosedChannelException: null
	at java.base/sun.nio.ch.SocketChannelImpl.ensureOpen(SocketChannelImpl.java:195)
	at java.base/sun.nio.ch.SocketChannelImpl.beginConnect(SocketChannelImpl.java:760)
	at java.base/sun.nio.ch.SocketChannelImpl.connect(SocketChannelImpl.java:848)
	at java.net.http/jdk.internal.net.http.PlainHttpConnection.lambda$connectAsync$0(PlainHttpConnection.java:183)
	at java.base/java.security.AccessController.doPrivileged(AccessController.java:569)
	at java.net.http/jdk.internal.net.http.PlainHttpConnection.connectAsync(PlainHttpConnection.java:185)
	... 9 common frames omitted
2026-06-23 09:49:38.106 [pool-1-thread-36] ERROR com.mp3.desktop.Programme3 - ECHEC definitif pour l'envoi de : ?Rotoroto. Le fichier NE SERA PAS supprime.
2026-06-23 09:49:38.107 [pool-1-thread-37] INFO  com.mp3.desktop.Programme3 - <- Metadata recu (P3) : ?Tongasoa
2026-06-23 09:49:38.111 [pool-1-thread-37] ERROR com.mp3.desktop.Programme3 - Erreur API - Tentative 1/2 pour ?Tongasoa
java.net.ConnectException: null
	at java.net.http/jdk.internal.net.http.HttpClientImpl.send(HttpClientImpl.java:573)
	at java.net.http/jdk.internal.net.http.HttpClientFacade.send(HttpClientFacade.java:123)
	at com.mp3.desktop.Programme3.verifierSiExiste(Programme3.java:132)
	at com.mp3.desktop.Programme3.traiterMetadata(Programme3.java:102)
	at com.mp3.desktop.Programme3.lambda$run$0(Programme3.java:64)
	at com.rabbitmq.client.impl.recovery.AutorecoveringChannel$2.handleDelivery(AutorecoveringChannel.java:588)
	at com.rabbitmq.client.impl.ConsumerDispatcher$5.run(ConsumerDispatcher.java:149)
	at com.rabbitmq.client.impl.ConsumerWorkService$WorkPoolRunnable.run(ConsumerWorkService.java:111)
	at java.base/java.util.concurrent.ThreadPoolExecutor.runWorker(ThreadPoolExecutor.java:1136)
	at java.base/java.util.concurrent.ThreadPoolExecutor$Worker.run(ThreadPoolExecutor.java:635)
	at java.base/java.lang.Thread.run(Thread.java:842)
Caused by: java.net.ConnectException: null
	at java.net.http/jdk.internal.net.http.common.Utils.toConnectException(Utils.java:1055)
	at java.net.http/jdk.internal.net.http.PlainHttpConnection.connectAsync(PlainHttpConnection.java:198)
	at java.net.http/jdk.internal.net.http.PlainHttpConnection.checkRetryConnect(PlainHttpConnection.java:230)
	at java.net.http/jdk.internal.net.http.PlainHttpConnection.lambda$connectAsync$1(PlainHttpConnection.java:206)
	at java.base/java.util.concurrent.CompletableFuture.uniHandle(CompletableFuture.java:934)
	at java.base/java.util.concurrent.CompletableFuture$UniHandle.tryFire(CompletableFuture.java:911)
	at java.base/java.util.concurrent.CompletableFuture.postComplete(CompletableFuture.java:510)
	at java.base/java.util.concurrent.CompletableFuture$AsyncSupply.run(CompletableFuture.java:1773)
	... 3 common frames omitted
Caused by: java.nio.channels.ClosedChannelException: null
	at java.base/sun.nio.ch.SocketChannelImpl.ensureOpen(SocketChannelImpl.java:195)
	at java.base/sun.nio.ch.SocketChannelImpl.beginConnect(SocketChannelImpl.java:760)
	at java.base/sun.nio.ch.SocketChannelImpl.connect(SocketChannelImpl.java:848)
	at java.net.http/jdk.internal.net.http.PlainHttpConnection.lambda$connectAsync$0(PlainHttpConnection.java:183)
	at java.base/java.security.AccessController.doPrivileged(AccessController.java:569)
	at java.net.http/jdk.internal.net.http.PlainHttpConnection.connectAsync(PlainHttpConnection.java:185)
	... 9 common frames omitted
2026-06-23 09:49:40.122 [pool-1-thread-37] ERROR com.mp3.desktop.Programme3 - Erreur API - Tentative 2/2 pour ?Tongasoa
java.net.ConnectException: null
	at java.net.http/jdk.internal.net.http.HttpClientImpl.send(HttpClientImpl.java:573)
	at java.net.http/jdk.internal.net.http.HttpClientFacade.send(HttpClientFacade.java:123)
	at com.mp3.desktop.Programme3.verifierSiExiste(Programme3.java:132)
	at com.mp3.desktop.Programme3.traiterMetadata(Programme3.java:102)
	at com.mp3.desktop.Programme3.lambda$run$0(Programme3.java:64)
	at com.rabbitmq.client.impl.recovery.AutorecoveringChannel$2.handleDelivery(AutorecoveringChannel.java:588)
	at com.rabbitmq.client.impl.ConsumerDispatcher$5.run(ConsumerDispatcher.java:149)
	at com.rabbitmq.client.impl.ConsumerWorkService$WorkPoolRunnable.run(ConsumerWorkService.java:111)
	at java.base/java.util.concurrent.ThreadPoolExecutor.runWorker(ThreadPoolExecutor.java:1136)
	at java.base/java.util.concurrent.ThreadPoolExecutor$Worker.run(ThreadPoolExecutor.java:635)
	at java.base/java.lang.Thread.run(Thread.java:842)
Caused by: java.net.ConnectException: null
	at java.net.http/jdk.internal.net.http.common.Utils.toConnectException(Utils.java:1055)
	at java.net.http/jdk.internal.net.http.PlainHttpConnection.connectAsync(PlainHttpConnection.java:198)
	at java.net.http/jdk.internal.net.http.PlainHttpConnection.checkRetryConnect(PlainHttpConnection.java:230)
	at java.net.http/jdk.internal.net.http.PlainHttpConnection.lambda$connectAsync$1(PlainHttpConnection.java:206)
	at java.base/java.util.concurrent.CompletableFuture.uniHandle(CompletableFuture.java:934)
	at java.base/java.util.concurrent.CompletableFuture$UniHandle.tryFire(CompletableFuture.java:911)
	at java.base/java.util.concurrent.CompletableFuture.postComplete(CompletableFuture.java:510)
	at java.base/java.util.concurrent.CompletableFuture$AsyncSupply.run(CompletableFuture.java:1773)
	... 3 common frames omitted
Caused by: java.nio.channels.ClosedChannelException: null
	at java.base/sun.nio.ch.SocketChannelImpl.ensureOpen(SocketChannelImpl.java:195)
	at java.base/sun.nio.ch.SocketChannelImpl.beginConnect(SocketChannelImpl.java:760)
	at java.base/sun.nio.ch.SocketChannelImpl.connect(SocketChannelImpl.java:848)
	at java.net.http/jdk.internal.net.http.PlainHttpConnection.lambda$connectAsync$0(PlainHttpConnection.java:183)
	at java.base/java.security.AccessController.doPrivileged(AccessController.java:569)
	at java.net.http/jdk.internal.net.http.PlainHttpConnection.connectAsync(PlainHttpConnection.java:185)
	... 9 common frames omitted
2026-06-23 09:49:40.122 [pool-1-thread-37] ERROR com.mp3.desktop.Programme3 - ECHEC definitif pour l'envoi de : ?Tongasoa. Le fichier NE SERA PAS supprime.
2026-06-23 09:49:40.123 [pool-1-thread-38] INFO  com.mp3.desktop.Programme3 - <- Metadata recu (P3) : ?Happier Than Ever
2026-06-23 09:49:40.123 [pool-1-thread-38] ERROR com.mp3.desktop.Programme3 - Erreur API - Tentative 1/2 pour ?Happier Than Ever
java.net.ConnectException: null
	at java.net.http/jdk.internal.net.http.HttpClientImpl.send(HttpClientImpl.java:573)
	at java.net.http/jdk.internal.net.http.HttpClientFacade.send(HttpClientFacade.java:123)
	at com.mp3.desktop.Programme3.verifierSiExiste(Programme3.java:132)
	at com.mp3.desktop.Programme3.traiterMetadata(Programme3.java:102)
	at com.mp3.desktop.Programme3.lambda$run$0(Programme3.java:64)
	at com.rabbitmq.client.impl.recovery.AutorecoveringChannel$2.handleDelivery(AutorecoveringChannel.java:588)
	at com.rabbitmq.client.impl.ConsumerDispatcher$5.run(ConsumerDispatcher.java:149)
	at com.rabbitmq.client.impl.ConsumerWorkService$WorkPoolRunnable.run(ConsumerWorkService.java:111)
	at java.base/java.util.concurrent.ThreadPoolExecutor.runWorker(ThreadPoolExecutor.java:1136)
	at java.base/java.util.concurrent.ThreadPoolExecutor$Worker.run(ThreadPoolExecutor.java:635)
	at java.base/java.lang.Thread.run(Thread.java:842)
Caused by: java.net.ConnectException: null
	at java.net.http/jdk.internal.net.http.common.Utils.toConnectException(Utils.java:1055)
	at java.net.http/jdk.internal.net.http.PlainHttpConnection.connectAsync(PlainHttpConnection.java:198)
	at java.net.http/jdk.internal.net.http.PlainHttpConnection.checkRetryConnect(PlainHttpConnection.java:230)
	at java.net.http/jdk.internal.net.http.PlainHttpConnection.lambda$connectAsync$1(PlainHttpConnection.java:206)
	at java.base/java.util.concurrent.CompletableFuture.uniHandle(CompletableFuture.java:934)
	at java.base/java.util.concurrent.CompletableFuture$UniHandle.tryFire(CompletableFuture.java:911)
	at java.base/java.util.concurrent.CompletableFuture.postComplete(CompletableFuture.java:510)
	at java.base/java.util.concurrent.CompletableFuture$AsyncSupply.run(CompletableFuture.java:1773)
	... 3 common frames omitted
Caused by: java.nio.channels.ClosedChannelException: null
	at java.base/sun.nio.ch.SocketChannelImpl.ensureOpen(SocketChannelImpl.java:195)
	at java.base/sun.nio.ch.SocketChannelImpl.beginConnect(SocketChannelImpl.java:760)
	at java.base/sun.nio.ch.SocketChannelImpl.connect(SocketChannelImpl.java:848)
	at java.net.http/jdk.internal.net.http.PlainHttpConnection.lambda$connectAsync$0(PlainHttpConnection.java:183)
	at java.base/java.security.AccessController.doPrivileged(AccessController.java:569)
	at java.net.http/jdk.internal.net.http.PlainHttpConnection.connectAsync(PlainHttpConnection.java:185)
	... 9 common frames omitted
2026-06-23 09:49:42.135 [pool-1-thread-38] ERROR com.mp3.desktop.Programme3 - Erreur API - Tentative 2/2 pour ?Happier Than Ever
java.net.ConnectException: null
	at java.net.http/jdk.internal.net.http.HttpClientImpl.send(HttpClientImpl.java:573)
	at java.net.http/jdk.internal.net.http.HttpClientFacade.send(HttpClientFacade.java:123)
	at com.mp3.desktop.Programme3.verifierSiExiste(Programme3.java:132)
	at com.mp3.desktop.Programme3.traiterMetadata(Programme3.java:102)
	at com.mp3.desktop.Programme3.lambda$run$0(Programme3.java:64)
	at com.rabbitmq.client.impl.recovery.AutorecoveringChannel$2.handleDelivery(AutorecoveringChannel.java:588)
	at com.rabbitmq.client.impl.ConsumerDispatcher$5.run(ConsumerDispatcher.java:149)
	at com.rabbitmq.client.impl.ConsumerWorkService$WorkPoolRunnable.run(ConsumerWorkService.java:111)
	at java.base/java.util.concurrent.ThreadPoolExecutor.runWorker(ThreadPoolExecutor.java:1136)
	at java.base/java.util.concurrent.ThreadPoolExecutor$Worker.run(ThreadPoolExecutor.java:635)
	at java.base/java.lang.Thread.run(Thread.java:842)
Caused by: java.net.ConnectException: null
	at java.net.http/jdk.internal.net.http.common.Utils.toConnectException(Utils.java:1055)
	at java.net.http/jdk.internal.net.http.PlainHttpConnection.connectAsync(PlainHttpConnection.java:198)
	at java.net.http/jdk.internal.net.http.PlainHttpConnection.checkRetryConnect(PlainHttpConnection.java:230)
	at java.net.http/jdk.internal.net.http.PlainHttpConnection.lambda$connectAsync$1(PlainHttpConnection.java:206)
	at java.base/java.util.concurrent.CompletableFuture.uniHandle(CompletableFuture.java:934)
	at java.base/java.util.concurrent.CompletableFuture$UniHandle.tryFire(CompletableFuture.java:911)
	at java.base/java.util.concurrent.CompletableFuture.postComplete(CompletableFuture.java:510)
	at java.base/java.util.concurrent.CompletableFuture$AsyncSupply.run(CompletableFuture.java:1773)
	... 3 common frames omitted
Caused by: java.nio.channels.ClosedChannelException: null
	at java.base/sun.nio.ch.SocketChannelImpl.ensureOpen(SocketChannelImpl.java:195)
	at java.base/sun.nio.ch.SocketChannelImpl.beginConnect(SocketChannelImpl.java:760)
	at java.base/sun.nio.ch.SocketChannelImpl.connect(SocketChannelImpl.java:848)
	at java.net.http/jdk.internal.net.http.PlainHttpConnection.lambda$connectAsync$0(PlainHttpConnection.java:183)
	at java.base/java.security.AccessController.doPrivileged(AccessController.java:569)
	at java.net.http/jdk.internal.net.http.PlainHttpConnection.connectAsync(PlainHttpConnection.java:185)
	... 9 common frames omitted
2026-06-23 09:49:42.136 [pool-1-thread-38] ERROR com.mp3.desktop.Programme3 - ECHEC definitif pour l'envoi de : ?Happier Than Ever. Le fichier NE SERA PAS supprime.
2026-06-23 09:49:42.136 [pool-1-thread-43] INFO  com.mp3.desktop.Programme3 - <- Metadata recu (P3) : ?HATRAIZA / AZA AVELA - REKO
2026-06-23 09:49:42.136 [pool-1-thread-43] ERROR com.mp3.desktop.Programme3 - Erreur API - Tentative 1/2 pour ?HATRAIZA / AZA AVELA - REKO
java.net.ConnectException: null
	at java.net.http/jdk.internal.net.http.HttpClientImpl.send(HttpClientImpl.java:573)
	at java.net.http/jdk.internal.net.http.HttpClientFacade.send(HttpClientFacade.java:123)
	at com.mp3.desktop.Programme3.verifierSiExiste(Programme3.java:132)
	at com.mp3.desktop.Programme3.traiterMetadata(Programme3.java:102)
	at com.mp3.desktop.Programme3.lambda$run$0(Programme3.java:64)
	at com.rabbitmq.client.impl.recovery.AutorecoveringChannel$2.handleDelivery(AutorecoveringChannel.java:588)
	at com.rabbitmq.client.impl.ConsumerDispatcher$5.run(ConsumerDispatcher.java:149)
	at com.rabbitmq.client.impl.ConsumerWorkService$WorkPoolRunnable.run(ConsumerWorkService.java:111)
	at java.base/java.util.concurrent.ThreadPoolExecutor.runWorker(ThreadPoolExecutor.java:1136)
	at java.base/java.util.concurrent.ThreadPoolExecutor$Worker.run(ThreadPoolExecutor.java:635)
	at java.base/java.lang.Thread.run(Thread.java:842)
Caused by: java.net.ConnectException: null
	at java.net.http/jdk.internal.net.http.common.Utils.toConnectException(Utils.java:1055)
	at java.net.http/jdk.internal.net.http.PlainHttpConnection.connectAsync(PlainHttpConnection.java:198)
	at java.net.http/jdk.internal.net.http.PlainHttpConnection.checkRetryConnect(PlainHttpConnection.java:230)
	at java.net.http/jdk.internal.net.http.PlainHttpConnection.lambda$connectAsync$1(PlainHttpConnection.java:206)
	at java.base/java.util.concurrent.CompletableFuture.uniHandle(CompletableFuture.java:934)
	at java.base/java.util.concurrent.CompletableFuture$UniHandle.tryFire(CompletableFuture.java:911)
	at java.base/java.util.concurrent.CompletableFuture.postComplete(CompletableFuture.java:510)
	at java.base/java.util.concurrent.CompletableFuture$AsyncSupply.run(CompletableFuture.java:1773)
	... 3 common frames omitted
Caused by: java.nio.channels.ClosedChannelException: null
	at java.base/sun.nio.ch.SocketChannelImpl.ensureOpen(SocketChannelImpl.java:195)
	at java.base/sun.nio.ch.SocketChannelImpl.beginConnect(SocketChannelImpl.java:760)
	at java.base/sun.nio.ch.SocketChannelImpl.connect(SocketChannelImpl.java:848)
	at java.net.http/jdk.internal.net.http.PlainHttpConnection.lambda$connectAsync$0(PlainHttpConnection.java:183)
	at java.base/java.security.AccessController.doPrivileged(AccessController.java:569)
	at java.net.http/jdk.internal.net.http.PlainHttpConnection.connectAsync(PlainHttpConnection.java:185)
	... 9 common frames omitted
2026-06-23 09:49:44.143 [pool-1-thread-43] ERROR com.mp3.desktop.Programme3 - Erreur API - Tentative 2/2 pour ?HATRAIZA / AZA AVELA - REKO
java.net.ConnectException: null
	at java.net.http/jdk.internal.net.http.HttpClientImpl.send(HttpClientImpl.java:573)
	at java.net.http/jdk.internal.net.http.HttpClientFacade.send(HttpClientFacade.java:123)
	at com.mp3.desktop.Programme3.verifierSiExiste(Programme3.java:132)
	at com.mp3.desktop.Programme3.traiterMetadata(Programme3.java:102)
	at com.mp3.desktop.Programme3.lambda$run$0(Programme3.java:64)
	at com.rabbitmq.client.impl.recovery.AutorecoveringChannel$2.handleDelivery(AutorecoveringChannel.java:588)
	at com.rabbitmq.client.impl.ConsumerDispatcher$5.run(ConsumerDispatcher.java:149)
	at com.rabbitmq.client.impl.ConsumerWorkService$WorkPoolRunnable.run(ConsumerWorkService.java:111)
	at java.base/java.util.concurrent.ThreadPoolExecutor.runWorker(ThreadPoolExecutor.java:1136)
	at java.base/java.util.concurrent.ThreadPoolExecutor$Worker.run(ThreadPoolExecutor.java:635)
	at java.base/java.lang.Thread.run(Thread.java:842)
Caused by: java.net.ConnectException: null
	at java.net.http/jdk.internal.net.http.common.Utils.toConnectException(Utils.java:1055)
	at java.net.http/jdk.internal.net.http.PlainHttpConnection.connectAsync(PlainHttpConnection.java:198)
	at java.net.http/jdk.internal.net.http.PlainHttpConnection.checkRetryConnect(PlainHttpConnection.java:230)
	at java.net.http/jdk.internal.net.http.PlainHttpConnection.lambda$connectAsync$1(PlainHttpConnection.java:206)
	at java.base/java.util.concurrent.CompletableFuture.uniHandle(CompletableFuture.java:934)
	at java.base/java.util.concurrent.CompletableFuture$UniHandle.tryFire(CompletableFuture.java:911)
	at java.base/java.util.concurrent.CompletableFuture.postComplete(CompletableFuture.java:510)
	at java.base/java.util.concurrent.CompletableFuture$AsyncSupply.run(CompletableFuture.java:1773)
	... 3 common frames omitted
Caused by: java.nio.channels.ClosedChannelException: null
	at java.base/sun.nio.ch.SocketChannelImpl.ensureOpen(SocketChannelImpl.java:195)
	at java.base/sun.nio.ch.SocketChannelImpl.beginConnect(SocketChannelImpl.java:760)
	at java.base/sun.nio.ch.SocketChannelImpl.connect(SocketChannelImpl.java:848)
	at java.net.http/jdk.internal.net.http.PlainHttpConnection.lambda$connectAsync$0(PlainHttpConnection.java:183)
	at java.base/java.security.AccessController.doPrivileged(AccessController.java:569)
	at java.net.http/jdk.internal.net.http.PlainHttpConnection.connectAsync(PlainHttpConnection.java:185)
	... 9 common frames omitted
2026-06-23 09:49:44.143 [pool-1-thread-43] ERROR com.mp3.desktop.Programme3 - ECHEC definitif pour l'envoi de : ?HATRAIZA / AZA AVELA - REKO. Le fichier NE SERA PAS supprime.
2026-06-23 09:49:44.143 [pool-1-thread-44] INFO  com.mp3.desktop.Programme3 - <- Metadata recu (P3) : ?Louane - Maman (2015) Official Music Video
2026-06-23 09:49:44.147 [pool-1-thread-44] ERROR com.mp3.desktop.Programme3 - Erreur API - Tentative 1/2 pour ?Louane - Maman (2015) Official Music Video
java.net.ConnectException: null
	at java.net.http/jdk.internal.net.http.HttpClientImpl.send(HttpClientImpl.java:573)
	at java.net.http/jdk.internal.net.http.HttpClientFacade.send(HttpClientFacade.java:123)
	at com.mp3.desktop.Programme3.verifierSiExiste(Programme3.java:132)
	at com.mp3.desktop.Programme3.traiterMetadata(Programme3.java:102)
	at com.mp3.desktop.Programme3.lambda$run$0(Programme3.java:64)
	at com.rabbitmq.client.impl.recovery.AutorecoveringChannel$2.handleDelivery(AutorecoveringChannel.java:588)
	at com.rabbitmq.client.impl.ConsumerDispatcher$5.run(ConsumerDispatcher.java:149)
	at com.rabbitmq.client.impl.ConsumerWorkService$WorkPoolRunnable.run(ConsumerWorkService.java:111)
	at java.base/java.util.concurrent.ThreadPoolExecutor.runWorker(ThreadPoolExecutor.java:1136)
	at java.base/java.util.concurrent.ThreadPoolExecutor$Worker.run(ThreadPoolExecutor.java:635)
	at java.base/java.lang.Thread.run(Thread.java:842)
Caused by: java.net.ConnectException: null
	at java.net.http/jdk.internal.net.http.common.Utils.toConnectException(Utils.java:1055)
	at java.net.http/jdk.internal.net.http.PlainHttpConnection.connectAsync(PlainHttpConnection.java:198)
	at java.net.http/jdk.internal.net.http.PlainHttpConnection.checkRetryConnect(PlainHttpConnection.java:230)
	at java.net.http/jdk.internal.net.http.PlainHttpConnection.lambda$connectAsync$1(PlainHttpConnection.java:206)
	at java.base/java.util.concurrent.CompletableFuture.uniHandle(CompletableFuture.java:934)
	at java.base/java.util.concurrent.CompletableFuture$UniHandle.tryFire(CompletableFuture.java:911)
	at java.base/java.util.concurrent.CompletableFuture.postComplete(CompletableFuture.java:510)
	at java.base/java.util.concurrent.CompletableFuture$AsyncSupply.run(CompletableFuture.java:1773)
	... 3 common frames omitted
Caused by: java.nio.channels.ClosedChannelException: null
	at java.base/sun.nio.ch.SocketChannelImpl.ensureOpen(SocketChannelImpl.java:195)
	at java.base/sun.nio.ch.SocketChannelImpl.beginConnect(SocketChannelImpl.java:760)
	at java.base/sun.nio.ch.SocketChannelImpl.connect(SocketChannelImpl.java:848)
	at java.net.http/jdk.internal.net.http.PlainHttpConnection.lambda$connectAsync$0(PlainHttpConnection.java:183)
	at java.base/java.security.AccessController.doPrivileged(AccessController.java:569)
	at java.net.http/jdk.internal.net.http.PlainHttpConnection.connectAsync(PlainHttpConnection.java:185)
	... 9 common frames omitted
2026-06-23 09:49:46.167 [pool-1-thread-44] ERROR com.mp3.desktop.Programme3 - Erreur API - Tentative 2/2 pour ?Louane - Maman (2015) Official Music Video
java.net.ConnectException: null
	at java.net.http/jdk.internal.net.http.HttpClientImpl.send(HttpClientImpl.java:573)
	at java.net.http/jdk.internal.net.http.HttpClientFacade.send(HttpClientFacade.java:123)
	at com.mp3.desktop.Programme3.verifierSiExiste(Programme3.java:132)
	at com.mp3.desktop.Programme3.traiterMetadata(Programme3.java:102)
	at com.mp3.desktop.Programme3.lambda$run$0(Programme3.java:64)
	at com.rabbitmq.client.impl.recovery.AutorecoveringChannel$2.handleDelivery(AutorecoveringChannel.java:588)
	at com.rabbitmq.client.impl.ConsumerDispatcher$5.run(ConsumerDispatcher.java:149)
	at com.rabbitmq.client.impl.ConsumerWorkService$WorkPoolRunnable.run(ConsumerWorkService.java:111)
	at java.base/java.util.concurrent.ThreadPoolExecutor.runWorker(ThreadPoolExecutor.java:1136)
	at java.base/java.util.concurrent.ThreadPoolExecutor$Worker.run(ThreadPoolExecutor.java:635)
	at java.base/java.lang.Thread.run(Thread.java:842)
Caused by: java.net.ConnectException: null
	at java.net.http/jdk.internal.net.http.common.Utils.toConnectException(Utils.java:1055)
	at java.net.http/jdk.internal.net.http.PlainHttpConnection.connectAsync(PlainHttpConnection.java:198)
	at java.net.http/jdk.internal.net.http.PlainHttpConnection.checkRetryConnect(PlainHttpConnection.java:230)
	at java.net.http/jdk.internal.net.http.PlainHttpConnection.lambda$connectAsync$1(PlainHttpConnection.java:206)
	at java.base/java.util.concurrent.CompletableFuture.uniHandle(CompletableFuture.java:934)
	at java.base/java.util.concurrent.CompletableFuture$UniHandle.tryFire(CompletableFuture.java:911)
	at java.base/java.util.concurrent.CompletableFuture.postComplete(CompletableFuture.java:510)
	at java.base/java.util.concurrent.CompletableFuture$AsyncSupply.run(CompletableFuture.java:1773)
	... 3 common frames omitted
Caused by: java.nio.channels.ClosedChannelException: null
	at java.base/sun.nio.ch.SocketChannelImpl.ensureOpen(SocketChannelImpl.java:195)
	at java.base/sun.nio.ch.SocketChannelImpl.beginConnect(SocketChannelImpl.java:760)
	at java.base/sun.nio.ch.SocketChannelImpl.connect(SocketChannelImpl.java:848)
	at java.net.http/jdk.internal.net.http.PlainHttpConnection.lambda$connectAsync$0(PlainHttpConnection.java:183)
	at java.base/java.security.AccessController.doPrivileged(AccessController.java:569)
	at java.net.http/jdk.internal.net.http.PlainHttpConnection.connectAsync(PlainHttpConnection.java:185)
	... 9 common frames omitted
2026-06-23 09:49:46.169 [pool-1-thread-44] ERROR com.mp3.desktop.Programme3 - ECHEC definitif pour l'envoi de : ?Louane - Maman (2015) Official Music Video. Le fichier NE SERA PAS supprime.
2026-06-23 09:49:46.169 [pool-1-thread-14] INFO  com.mp3.desktop.Programme3 - <- Metadata recu (P3) : Matsiro kosa ny nanaovan_i Fy Rasolofoniaina ny hiran_ny tarika _Zay teto.(480P_SD)
2026-06-23 09:49:46.178 [pool-1-thread-14] ERROR com.mp3.desktop.Programme3 - Erreur API - Tentative 1/2 pour Matsiro kosa ny nanaovan_i Fy Rasolofoniaina ny hiran_ny tarika _Zay teto.(480P_SD)
java.net.ConnectException: null
	at java.net.http/jdk.internal.net.http.HttpClientImpl.send(HttpClientImpl.java:573)
	at java.net.http/jdk.internal.net.http.HttpClientFacade.send(HttpClientFacade.java:123)
	at com.mp3.desktop.Programme3.verifierSiExiste(Programme3.java:132)
	at com.mp3.desktop.Programme3.traiterMetadata(Programme3.java:102)
	at com.mp3.desktop.Programme3.lambda$run$0(Programme3.java:64)
	at com.rabbitmq.client.impl.recovery.AutorecoveringChannel$2.handleDelivery(AutorecoveringChannel.java:588)
	at com.rabbitmq.client.impl.ConsumerDispatcher$5.run(ConsumerDispatcher.java:149)
	at com.rabbitmq.client.impl.ConsumerWorkService$WorkPoolRunnable.run(ConsumerWorkService.java:111)
	at java.base/java.util.concurrent.ThreadPoolExecutor.runWorker(ThreadPoolExecutor.java:1136)
	at java.base/java.util.concurrent.ThreadPoolExecutor$Worker.run(ThreadPoolExecutor.java:635)
	at java.base/java.lang.Thread.run(Thread.java:842)
Caused by: java.net.ConnectException: null
	at java.net.http/jdk.internal.net.http.common.Utils.toConnectException(Utils.java:1055)
	at java.net.http/jdk.internal.net.http.PlainHttpConnection.connectAsync(PlainHttpConnection.java:198)
	at java.net.http/jdk.internal.net.http.PlainHttpConnection.checkRetryConnect(PlainHttpConnection.java:230)
	at java.net.http/jdk.internal.net.http.PlainHttpConnection.lambda$connectAsync$1(PlainHttpConnection.java:206)
	at java.base/java.util.concurrent.CompletableFuture.uniHandle(CompletableFuture.java:934)
	at java.base/java.util.concurrent.CompletableFuture$UniHandle.tryFire(CompletableFuture.java:911)
	at java.base/java.util.concurrent.CompletableFuture.postComplete(CompletableFuture.java:510)
	at java.base/java.util.concurrent.CompletableFuture$AsyncSupply.run(CompletableFuture.java:1773)
	... 3 common frames omitted
Caused by: java.nio.channels.ClosedChannelException: null
	at java.base/sun.nio.ch.SocketChannelImpl.ensureOpen(SocketChannelImpl.java:195)
	at java.base/sun.nio.ch.SocketChannelImpl.beginConnect(SocketChannelImpl.java:760)
	at java.base/sun.nio.ch.SocketChannelImpl.connect(SocketChannelImpl.java:848)
	at java.net.http/jdk.internal.net.http.PlainHttpConnection.lambda$connectAsync$0(PlainHttpConnection.java:183)
	at java.base/java.security.AccessController.doPrivileged(AccessController.java:569)
	at java.net.http/jdk.internal.net.http.PlainHttpConnection.connectAsync(PlainHttpConnection.java:185)
	... 9 common frames omitted
2026-06-23 09:49:48.183 [pool-1-thread-14] ERROR com.mp3.desktop.Programme3 - Erreur API - Tentative 2/2 pour Matsiro kosa ny nanaovan_i Fy Rasolofoniaina ny hiran_ny tarika _Zay teto.(480P_SD)
java.net.ConnectException: null
	at java.net.http/jdk.internal.net.http.HttpClientImpl.send(HttpClientImpl.java:573)
	at java.net.http/jdk.internal.net.http.HttpClientFacade.send(HttpClientFacade.java:123)
	at com.mp3.desktop.Programme3.verifierSiExiste(Programme3.java:132)
	at com.mp3.desktop.Programme3.traiterMetadata(Programme3.java:102)
	at com.mp3.desktop.Programme3.lambda$run$0(Programme3.java:64)
	at com.rabbitmq.client.impl.recovery.AutorecoveringChannel$2.handleDelivery(AutorecoveringChannel.java:588)
	at com.rabbitmq.client.impl.ConsumerDispatcher$5.run(ConsumerDispatcher.java:149)
	at com.rabbitmq.client.impl.ConsumerWorkService$WorkPoolRunnable.run(ConsumerWorkService.java:111)
	at java.base/java.util.concurrent.ThreadPoolExecutor.runWorker(ThreadPoolExecutor.java:1136)
	at java.base/java.util.concurrent.ThreadPoolExecutor$Worker.run(ThreadPoolExecutor.java:635)
	at java.base/java.lang.Thread.run(Thread.java:842)
Caused by: java.net.ConnectException: null
	at java.net.http/jdk.internal.net.http.common.Utils.toConnectException(Utils.java:1055)
	at java.net.http/jdk.internal.net.http.PlainHttpConnection.connectAsync(PlainHttpConnection.java:198)
	at java.net.http/jdk.internal.net.http.PlainHttpConnection.checkRetryConnect(PlainHttpConnection.java:230)
	at java.net.http/jdk.internal.net.http.PlainHttpConnection.lambda$connectAsync$1(PlainHttpConnection.java:206)
	at java.base/java.util.concurrent.CompletableFuture.uniHandle(CompletableFuture.java:934)
	at java.base/java.util.concurrent.CompletableFuture$UniHandle.tryFire(CompletableFuture.java:911)
	at java.base/java.util.concurrent.CompletableFuture.postComplete(CompletableFuture.java:510)
	at java.base/java.util.concurrent.CompletableFuture$AsyncSupply.run(CompletableFuture.java:1773)
	... 3 common frames omitted
Caused by: java.nio.channels.ClosedChannelException: null
	at java.base/sun.nio.ch.SocketChannelImpl.ensureOpen(SocketChannelImpl.java:195)
	at java.base/sun.nio.ch.SocketChannelImpl.beginConnect(SocketChannelImpl.java:760)
	at java.base/sun.nio.ch.SocketChannelImpl.connect(SocketChannelImpl.java:848)
	at java.net.http/jdk.internal.net.http.PlainHttpConnection.lambda$connectAsync$0(PlainHttpConnection.java:183)
	at java.base/java.security.AccessController.doPrivileged(AccessController.java:569)
	at java.net.http/jdk.internal.net.http.PlainHttpConnection.connectAsync(PlainHttpConnection.java:185)
	... 9 common frames omitted
2026-06-23 09:49:48.183 [pool-1-thread-14] ERROR com.mp3.desktop.Programme3 - ECHEC definitif pour l'envoi de : Matsiro kosa ny nanaovan_i Fy Rasolofoniaina ny hiran_ny tarika _Zay teto.(480P_SD). Le fichier NE SERA PAS supprime.
2026-06-23 09:49:48.186 [pool-1-thread-29] INFO  com.mp3.desktop.Programme3 - <- Metadata recu (P3) : ?Misia
2026-06-23 09:49:48.186 [pool-1-thread-29] ERROR com.mp3.desktop.Programme3 - Erreur API - Tentative 1/2 pour ?Misia
java.net.ConnectException: null
	at java.net.http/jdk.internal.net.http.HttpClientImpl.send(HttpClientImpl.java:573)
	at java.net.http/jdk.internal.net.http.HttpClientFacade.send(HttpClientFacade.java:123)
	at com.mp3.desktop.Programme3.verifierSiExiste(Programme3.java:132)
	at com.mp3.desktop.Programme3.traiterMetadata(Programme3.java:102)
	at com.mp3.desktop.Programme3.lambda$run$0(Programme3.java:64)
	at com.rabbitmq.client.impl.recovery.AutorecoveringChannel$2.handleDelivery(AutorecoveringChannel.java:588)
	at com.rabbitmq.client.impl.ConsumerDispatcher$5.run(ConsumerDispatcher.java:149)
	at com.rabbitmq.client.impl.ConsumerWorkService$WorkPoolRunnable.run(ConsumerWorkService.java:111)
	at java.base/java.util.concurrent.ThreadPoolExecutor.runWorker(ThreadPoolExecutor.java:1136)
	at java.base/java.util.concurrent.ThreadPoolExecutor$Worker.run(ThreadPoolExecutor.java:635)
	at java.base/java.lang.Thread.run(Thread.java:842)
Caused by: java.net.ConnectException: null
	at java.net.http/jdk.internal.net.http.common.Utils.toConnectException(Utils.java:1055)
	at java.net.http/jdk.internal.net.http.PlainHttpConnection.connectAsync(PlainHttpConnection.java:198)
	at java.net.http/jdk.internal.net.http.PlainHttpConnection.checkRetryConnect(PlainHttpConnection.java:230)
	at java.net.http/jdk.internal.net.http.PlainHttpConnection.lambda$connectAsync$1(PlainHttpConnection.java:206)
	at java.base/java.util.concurrent.CompletableFuture.uniHandle(CompletableFuture.java:934)
	at java.base/java.util.concurrent.CompletableFuture$UniHandle.tryFire(CompletableFuture.java:911)
	at java.base/java.util.concurrent.CompletableFuture.postComplete(CompletableFuture.java:510)
	at java.base/java.util.concurrent.CompletableFuture$AsyncSupply.run(CompletableFuture.java:1773)
	... 3 common frames omitted
Caused by: java.nio.channels.ClosedChannelException: null
	at java.base/sun.nio.ch.SocketChannelImpl.ensureOpen(SocketChannelImpl.java:195)
	at java.base/sun.nio.ch.SocketChannelImpl.beginConnect(SocketChannelImpl.java:760)
	at java.base/sun.nio.ch.SocketChannelImpl.connect(SocketChannelImpl.java:848)
	at java.net.http/jdk.internal.net.http.PlainHttpConnection.lambda$connectAsync$0(PlainHttpConnection.java:183)
	at java.base/java.security.AccessController.doPrivileged(AccessController.java:569)
	at java.net.http/jdk.internal.net.http.PlainHttpConnection.connectAsync(PlainHttpConnection.java:185)
	... 9 common frames omitted
2026-06-23 09:49:50.196 [pool-1-thread-29] ERROR com.mp3.desktop.Programme3 - Erreur API - Tentative 2/2 pour ?Misia
java.net.ConnectException: null
	at java.net.http/jdk.internal.net.http.HttpClientImpl.send(HttpClientImpl.java:573)
	at java.net.http/jdk.internal.net.http.HttpClientFacade.send(HttpClientFacade.java:123)
	at com.mp3.desktop.Programme3.verifierSiExiste(Programme3.java:132)
	at com.mp3.desktop.Programme3.traiterMetadata(Programme3.java:102)
	at com.mp3.desktop.Programme3.lambda$run$0(Programme3.java:64)
	at com.rabbitmq.client.impl.recovery.AutorecoveringChannel$2.handleDelivery(AutorecoveringChannel.java:588)
	at com.rabbitmq.client.impl.ConsumerDispatcher$5.run(ConsumerDispatcher.java:149)
	at com.rabbitmq.client.impl.ConsumerWorkService$WorkPoolRunnable.run(ConsumerWorkService.java:111)
	at java.base/java.util.concurrent.ThreadPoolExecutor.runWorker(ThreadPoolExecutor.java:1136)
	at java.base/java.util.concurrent.ThreadPoolExecutor$Worker.run(ThreadPoolExecutor.java:635)
	at java.base/java.lang.Thread.run(Thread.java:842)
Caused by: java.net.ConnectException: null
	at java.net.http/jdk.internal.net.http.common.Utils.toConnectException(Utils.java:1055)
	at java.net.http/jdk.internal.net.http.PlainHttpConnection.connectAsync(PlainHttpConnection.java:198)
	at java.net.http/jdk.internal.net.http.PlainHttpConnection.checkRetryConnect(PlainHttpConnection.java:230)
	at java.net.http/jdk.internal.net.http.PlainHttpConnection.lambda$connectAsync$1(PlainHttpConnection.java:206)
	at java.base/java.util.concurrent.CompletableFuture.uniHandle(CompletableFuture.java:934)
	at java.base/java.util.concurrent.CompletableFuture$UniHandle.tryFire(CompletableFuture.java:911)
	at java.base/java.util.concurrent.CompletableFuture.postComplete(CompletableFuture.java:510)
	at java.base/java.util.concurrent.CompletableFuture$AsyncSupply.run(CompletableFuture.java:1773)
	... 3 common frames omitted
Caused by: java.nio.channels.ClosedChannelException: null
	at java.base/sun.nio.ch.SocketChannelImpl.ensureOpen(SocketChannelImpl.java:195)
	at java.base/sun.nio.ch.SocketChannelImpl.beginConnect(SocketChannelImpl.java:760)
	at java.base/sun.nio.ch.SocketChannelImpl.connect(SocketChannelImpl.java:848)
	at java.net.http/jdk.internal.net.http.PlainHttpConnection.lambda$connectAsync$0(PlainHttpConnection.java:183)
	at java.base/java.security.AccessController.doPrivileged(AccessController.java:569)
	at java.net.http/jdk.internal.net.http.PlainHttpConnection.connectAsync(PlainHttpConnection.java:185)
	... 9 common frames omitted
2026-06-23 09:49:50.196 [pool-1-thread-29] ERROR com.mp3.desktop.Programme3 - ECHEC definitif pour l'envoi de : ?Misia. Le fichier NE SERA PAS supprime.
2026-06-23 09:49:50.196 [pool-1-thread-35] INFO  com.mp3.desktop.Programme3 - <- Metadata recu (P3) : ?MITONIA - REKO (Official lyrics video)
2026-06-23 09:49:50.196 [pool-1-thread-35] ERROR com.mp3.desktop.Programme3 - Erreur API - Tentative 1/2 pour ?MITONIA - REKO (Official lyrics video)
java.net.ConnectException: null
	at java.net.http/jdk.internal.net.http.HttpClientImpl.send(HttpClientImpl.java:573)
	at java.net.http/jdk.internal.net.http.HttpClientFacade.send(HttpClientFacade.java:123)
	at com.mp3.desktop.Programme3.verifierSiExiste(Programme3.java:132)
	at com.mp3.desktop.Programme3.traiterMetadata(Programme3.java:102)
	at com.mp3.desktop.Programme3.lambda$run$0(Programme3.java:64)
	at com.rabbitmq.client.impl.recovery.AutorecoveringChannel$2.handleDelivery(AutorecoveringChannel.java:588)
	at com.rabbitmq.client.impl.ConsumerDispatcher$5.run(ConsumerDispatcher.java:149)
	at com.rabbitmq.client.impl.ConsumerWorkService$WorkPoolRunnable.run(ConsumerWorkService.java:111)
	at java.base/java.util.concurrent.ThreadPoolExecutor.runWorker(ThreadPoolExecutor.java:1136)
	at java.base/java.util.concurrent.ThreadPoolExecutor$Worker.run(ThreadPoolExecutor.java:635)
	at java.base/java.lang.Thread.run(Thread.java:842)
Caused by: java.net.ConnectException: null
	at java.net.http/jdk.internal.net.http.common.Utils.toConnectException(Utils.java:1055)
	at java.net.http/jdk.internal.net.http.PlainHttpConnection.connectAsync(PlainHttpConnection.java:198)
	at java.net.http/jdk.internal.net.http.PlainHttpConnection.checkRetryConnect(PlainHttpConnection.java:230)
	at java.net.http/jdk.internal.net.http.PlainHttpConnection.lambda$connectAsync$1(PlainHttpConnection.java:206)
	at java.base/java.util.concurrent.CompletableFuture.uniHandle(CompletableFuture.java:934)
	at java.base/java.util.concurrent.CompletableFuture$UniHandle.tryFire(CompletableFuture.java:911)
	at java.base/java.util.concurrent.CompletableFuture.postComplete(CompletableFuture.java:510)
	at java.base/java.util.concurrent.CompletableFuture$AsyncSupply.run(CompletableFuture.java:1773)
	... 3 common frames omitted
Caused by: java.nio.channels.ClosedChannelException: null
	at java.base/sun.nio.ch.SocketChannelImpl.ensureOpen(SocketChannelImpl.java:195)
	at java.base/sun.nio.ch.SocketChannelImpl.beginConnect(SocketChannelImpl.java:760)
	at java.base/sun.nio.ch.SocketChannelImpl.connect(SocketChannelImpl.java:848)
	at java.net.http/jdk.internal.net.http.PlainHttpConnection.lambda$connectAsync$0(PlainHttpConnection.java:183)
	at java.base/java.security.AccessController.doPrivileged(AccessController.java:569)
	at java.net.http/jdk.internal.net.http.PlainHttpConnection.connectAsync(PlainHttpConnection.java:185)
	... 9 common frames omitted
2026-06-23 09:49:52.204 [pool-1-thread-35] ERROR com.mp3.desktop.Programme3 - Erreur API - Tentative 2/2 pour ?MITONIA - REKO (Official lyrics video)
java.net.ConnectException: null
	at java.net.http/jdk.internal.net.http.HttpClientImpl.send(HttpClientImpl.java:573)
	at java.net.http/jdk.internal.net.http.HttpClientFacade.send(HttpClientFacade.java:123)
	at com.mp3.desktop.Programme3.verifierSiExiste(Programme3.java:132)
	at com.mp3.desktop.Programme3.traiterMetadata(Programme3.java:102)
	at com.mp3.desktop.Programme3.lambda$run$0(Programme3.java:64)
	at com.rabbitmq.client.impl.recovery.AutorecoveringChannel$2.handleDelivery(AutorecoveringChannel.java:588)
	at com.rabbitmq.client.impl.ConsumerDispatcher$5.run(ConsumerDispatcher.java:149)
	at com.rabbitmq.client.impl.ConsumerWorkService$WorkPoolRunnable.run(ConsumerWorkService.java:111)
	at java.base/java.util.concurrent.ThreadPoolExecutor.runWorker(ThreadPoolExecutor.java:1136)
	at java.base/java.util.concurrent.ThreadPoolExecutor$Worker.run(ThreadPoolExecutor.java:635)
	at java.base/java.lang.Thread.run(Thread.java:842)
Caused by: java.net.ConnectException: null
	at java.net.http/jdk.internal.net.http.common.Utils.toConnectException(Utils.java:1055)
	at java.net.http/jdk.internal.net.http.PlainHttpConnection.connectAsync(PlainHttpConnection.java:198)
	at java.net.http/jdk.internal.net.http.PlainHttpConnection.checkRetryConnect(PlainHttpConnection.java:230)
	at java.net.http/jdk.internal.net.http.PlainHttpConnection.lambda$connectAsync$1(PlainHttpConnection.java:206)
	at java.base/java.util.concurrent.CompletableFuture.uniHandle(CompletableFuture.java:934)
	at java.base/java.util.concurrent.CompletableFuture$UniHandle.tryFire(CompletableFuture.java:911)
	at java.base/java.util.concurrent.CompletableFuture.postComplete(CompletableFuture.java:510)
	at java.base/java.util.concurrent.CompletableFuture$AsyncSupply.run(CompletableFuture.java:1773)
	... 3 common frames omitted
Caused by: java.nio.channels.ClosedChannelException: null
	at java.base/sun.nio.ch.SocketChannelImpl.ensureOpen(SocketChannelImpl.java:195)
	at java.base/sun.nio.ch.SocketChannelImpl.beginConnect(SocketChannelImpl.java:760)
	at java.base/sun.nio.ch.SocketChannelImpl.connect(SocketChannelImpl.java:848)
	at java.net.http/jdk.internal.net.http.PlainHttpConnection.lambda$connectAsync$0(PlainHttpConnection.java:183)
	at java.base/java.security.AccessController.doPrivileged(AccessController.java:569)
	at java.net.http/jdk.internal.net.http.PlainHttpConnection.connectAsync(PlainHttpConnection.java:185)
	... 9 common frames omitted
2026-06-23 09:49:52.206 [pool-1-thread-35] ERROR com.mp3.desktop.Programme3 - ECHEC definitif pour l'envoi de : ?MITONIA - REKO (Official lyrics video). Le fichier NE SERA PAS supprime.
2026-06-23 09:49:52.208 [pool-1-thread-36] INFO  com.mp3.desktop.Programme3 - <- Metadata recu (P3) : ?Ny Anaranao
2026-06-23 09:49:52.213 [pool-1-thread-36] ERROR com.mp3.desktop.Programme3 - Erreur API - Tentative 1/2 pour ?Ny Anaranao
java.net.ConnectException: null
	at java.net.http/jdk.internal.net.http.HttpClientImpl.send(HttpClientImpl.java:573)
	at java.net.http/jdk.internal.net.http.HttpClientFacade.send(HttpClientFacade.java:123)
	at com.mp3.desktop.Programme3.verifierSiExiste(Programme3.java:132)
	at com.mp3.desktop.Programme3.traiterMetadata(Programme3.java:102)
	at com.mp3.desktop.Programme3.lambda$run$0(Programme3.java:64)
	at com.rabbitmq.client.impl.recovery.AutorecoveringChannel$2.handleDelivery(AutorecoveringChannel.java:588)
	at com.rabbitmq.client.impl.ConsumerDispatcher$5.run(ConsumerDispatcher.java:149)
	at com.rabbitmq.client.impl.ConsumerWorkService$WorkPoolRunnable.run(ConsumerWorkService.java:111)
	at java.base/java.util.concurrent.ThreadPoolExecutor.runWorker(ThreadPoolExecutor.java:1136)
	at java.base/java.util.concurrent.ThreadPoolExecutor$Worker.run(ThreadPoolExecutor.java:635)
	at java.base/java.lang.Thread.run(Thread.java:842)
Caused by: java.net.ConnectException: null
	at java.net.http/jdk.internal.net.http.common.Utils.toConnectException(Utils.java:1055)
	at java.net.http/jdk.internal.net.http.PlainHttpConnection.connectAsync(PlainHttpConnection.java:198)
	at java.net.http/jdk.internal.net.http.PlainHttpConnection.checkRetryConnect(PlainHttpConnection.java:230)
	at java.net.http/jdk.internal.net.http.PlainHttpConnection.lambda$connectAsync$1(PlainHttpConnection.java:206)
	at java.base/java.util.concurrent.CompletableFuture.uniHandle(CompletableFuture.java:934)
	at java.base/java.util.concurrent.CompletableFuture$UniHandle.tryFire(CompletableFuture.java:911)
	at java.base/java.util.concurrent.CompletableFuture.postComplete(CompletableFuture.java:510)
	at java.base/java.util.concurrent.CompletableFuture$AsyncSupply.run(CompletableFuture.java:1773)
	... 3 common frames omitted
Caused by: java.nio.channels.ClosedChannelException: null
	at java.base/sun.nio.ch.SocketChannelImpl.ensureOpen(SocketChannelImpl.java:195)
	at java.base/sun.nio.ch.SocketChannelImpl.beginConnect(SocketChannelImpl.java:760)
	at java.base/sun.nio.ch.SocketChannelImpl.connect(SocketChannelImpl.java:848)
	at java.net.http/jdk.internal.net.http.PlainHttpConnection.lambda$connectAsync$0(PlainHttpConnection.java:183)
	at java.base/java.security.AccessController.doPrivileged(AccessController.java:569)
	at java.net.http/jdk.internal.net.http.PlainHttpConnection.connectAsync(PlainHttpConnection.java:185)
	... 9 common frames omitted
2026-06-23 09:49:54.219 [pool-1-thread-36] ERROR com.mp3.desktop.Programme3 - Erreur API - Tentative 2/2 pour ?Ny Anaranao
java.net.ConnectException: null
	at java.net.http/jdk.internal.net.http.HttpClientImpl.send(HttpClientImpl.java:573)
	at java.net.http/jdk.internal.net.http.HttpClientFacade.send(HttpClientFacade.java:123)
	at com.mp3.desktop.Programme3.verifierSiExiste(Programme3.java:132)
	at com.mp3.desktop.Programme3.traiterMetadata(Programme3.java:102)
	at com.mp3.desktop.Programme3.lambda$run$0(Programme3.java:64)
	at com.rabbitmq.client.impl.recovery.AutorecoveringChannel$2.handleDelivery(AutorecoveringChannel.java:588)
	at com.rabbitmq.client.impl.ConsumerDispatcher$5.run(ConsumerDispatcher.java:149)
	at com.rabbitmq.client.impl.ConsumerWorkService$WorkPoolRunnable.run(ConsumerWorkService.java:111)
	at java.base/java.util.concurrent.ThreadPoolExecutor.runWorker(ThreadPoolExecutor.java:1136)
	at java.base/java.util.concurrent.ThreadPoolExecutor$Worker.run(ThreadPoolExecutor.java:635)
	at java.base/java.lang.Thread.run(Thread.java:842)
Caused by: java.net.ConnectException: null
	at java.net.http/jdk.internal.net.http.common.Utils.toConnectException(Utils.java:1055)
	at java.net.http/jdk.internal.net.http.PlainHttpConnection.connectAsync(PlainHttpConnection.java:198)
	at java.net.http/jdk.internal.net.http.PlainHttpConnection.checkRetryConnect(PlainHttpConnection.java:230)
	at java.net.http/jdk.internal.net.http.PlainHttpConnection.lambda$connectAsync$1(PlainHttpConnection.java:206)
	at java.base/java.util.concurrent.CompletableFuture.uniHandle(CompletableFuture.java:934)
	at java.base/java.util.concurrent.CompletableFuture$UniHandle.tryFire(CompletableFuture.java:911)
	at java.base/java.util.concurrent.CompletableFuture.postComplete(CompletableFuture.java:510)
	at java.base/java.util.concurrent.CompletableFuture$AsyncSupply.run(CompletableFuture.java:1773)
	... 3 common frames omitted
Caused by: java.nio.channels.ClosedChannelException: null
	at java.base/sun.nio.ch.SocketChannelImpl.ensureOpen(SocketChannelImpl.java:195)
	at java.base/sun.nio.ch.SocketChannelImpl.beginConnect(SocketChannelImpl.java:760)
	at java.base/sun.nio.ch.SocketChannelImpl.connect(SocketChannelImpl.java:848)
	at java.net.http/jdk.internal.net.http.PlainHttpConnection.lambda$connectAsync$0(PlainHttpConnection.java:183)
	at java.base/java.security.AccessController.doPrivileged(AccessController.java:569)
	at java.net.http/jdk.internal.net.http.PlainHttpConnection.connectAsync(PlainHttpConnection.java:185)
	... 9 common frames omitted
2026-06-23 09:49:54.219 [pool-1-thread-36] ERROR com.mp3.desktop.Programme3 - ECHEC definitif pour l'envoi de : ?Ny Anaranao. Le fichier NE SERA PAS supprime.
2026-06-23 09:49:54.219 [pool-1-thread-37] INFO  com.mp3.desktop.Programme3 - <- Metadata recu (P3) : ?Rotoroto
2026-06-23 09:49:54.219 [pool-1-thread-37] ERROR com.mp3.desktop.Programme3 - Erreur API - Tentative 1/2 pour ?Rotoroto
java.net.ConnectException: null
	at java.net.http/jdk.internal.net.http.HttpClientImpl.send(HttpClientImpl.java:573)
	at java.net.http/jdk.internal.net.http.HttpClientFacade.send(HttpClientFacade.java:123)
	at com.mp3.desktop.Programme3.verifierSiExiste(Programme3.java:132)
	at com.mp3.desktop.Programme3.traiterMetadata(Programme3.java:102)
	at com.mp3.desktop.Programme3.lambda$run$0(Programme3.java:64)
	at com.rabbitmq.client.impl.recovery.AutorecoveringChannel$2.handleDelivery(AutorecoveringChannel.java:588)
	at com.rabbitmq.client.impl.ConsumerDispatcher$5.run(ConsumerDispatcher.java:149)
	at com.rabbitmq.client.impl.ConsumerWorkService$WorkPoolRunnable.run(ConsumerWorkService.java:111)
	at java.base/java.util.concurrent.ThreadPoolExecutor.runWorker(ThreadPoolExecutor.java:1136)
	at java.base/java.util.concurrent.ThreadPoolExecutor$Worker.run(ThreadPoolExecutor.java:635)
	at java.base/java.lang.Thread.run(Thread.java:842)
Caused by: java.net.ConnectException: null
	at java.net.http/jdk.internal.net.http.common.Utils.toConnectException(Utils.java:1055)
	at java.net.http/jdk.internal.net.http.PlainHttpConnection.connectAsync(PlainHttpConnection.java:198)
	at java.net.http/jdk.internal.net.http.PlainHttpConnection.checkRetryConnect(PlainHttpConnection.java:230)
	at java.net.http/jdk.internal.net.http.PlainHttpConnection.lambda$connectAsync$1(PlainHttpConnection.java:206)
	at java.base/java.util.concurrent.CompletableFuture.uniHandle(CompletableFuture.java:934)
	at java.base/java.util.concurrent.CompletableFuture$UniHandle.tryFire(CompletableFuture.java:911)
	at java.base/java.util.concurrent.CompletableFuture.postComplete(CompletableFuture.java:510)
	at java.base/java.util.concurrent.CompletableFuture$AsyncSupply.run(CompletableFuture.java:1773)
	... 3 common frames omitted
Caused by: java.nio.channels.ClosedChannelException: null
	at java.base/sun.nio.ch.SocketChannelImpl.ensureOpen(SocketChannelImpl.java:195)
	at java.base/sun.nio.ch.SocketChannelImpl.beginConnect(SocketChannelImpl.java:760)
	at java.base/sun.nio.ch.SocketChannelImpl.connect(SocketChannelImpl.java:848)
	at java.net.http/jdk.internal.net.http.PlainHttpConnection.lambda$connectAsync$0(PlainHttpConnection.java:183)
	at java.base/java.security.AccessController.doPrivileged(AccessController.java:569)
	at java.net.http/jdk.internal.net.http.PlainHttpConnection.connectAsync(PlainHttpConnection.java:185)
	... 9 common frames omitted
2026-06-23 09:49:56.230 [pool-1-thread-37] ERROR com.mp3.desktop.Programme3 - Erreur API - Tentative 2/2 pour ?Rotoroto
java.net.ConnectException: null
	at java.net.http/jdk.internal.net.http.HttpClientImpl.send(HttpClientImpl.java:573)
	at java.net.http/jdk.internal.net.http.HttpClientFacade.send(HttpClientFacade.java:123)
	at com.mp3.desktop.Programme3.verifierSiExiste(Programme3.java:132)
	at com.mp3.desktop.Programme3.traiterMetadata(Programme3.java:102)
	at com.mp3.desktop.Programme3.lambda$run$0(Programme3.java:64)
	at com.rabbitmq.client.impl.recovery.AutorecoveringChannel$2.handleDelivery(AutorecoveringChannel.java:588)
	at com.rabbitmq.client.impl.ConsumerDispatcher$5.run(ConsumerDispatcher.java:149)
	at com.rabbitmq.client.impl.ConsumerWorkService$WorkPoolRunnable.run(ConsumerWorkService.java:111)
	at java.base/java.util.concurrent.ThreadPoolExecutor.runWorker(ThreadPoolExecutor.java:1136)
	at java.base/java.util.concurrent.ThreadPoolExecutor$Worker.run(ThreadPoolExecutor.java:635)
	at java.base/java.lang.Thread.run(Thread.java:842)
Caused by: java.net.ConnectException: null
	at java.net.http/jdk.internal.net.http.common.Utils.toConnectException(Utils.java:1055)
	at java.net.http/jdk.internal.net.http.PlainHttpConnection.connectAsync(PlainHttpConnection.java:198)
	at java.net.http/jdk.internal.net.http.PlainHttpConnection.checkRetryConnect(PlainHttpConnection.java:230)
	at java.net.http/jdk.internal.net.http.PlainHttpConnection.lambda$connectAsync$1(PlainHttpConnection.java:206)
	at java.base/java.util.concurrent.CompletableFuture.uniHandle(CompletableFuture.java:934)
	at java.base/java.util.concurrent.CompletableFuture$UniHandle.tryFire(CompletableFuture.java:911)
	at java.base/java.util.concurrent.CompletableFuture.postComplete(CompletableFuture.java:510)
	at java.base/java.util.concurrent.CompletableFuture$AsyncSupply.run(CompletableFuture.java:1773)
	... 3 common frames omitted
Caused by: java.nio.channels.ClosedChannelException: null
	at java.base/sun.nio.ch.SocketChannelImpl.ensureOpen(SocketChannelImpl.java:195)
	at java.base/sun.nio.ch.SocketChannelImpl.beginConnect(SocketChannelImpl.java:760)
	at java.base/sun.nio.ch.SocketChannelImpl.connect(SocketChannelImpl.java:848)
	at java.net.http/jdk.internal.net.http.PlainHttpConnection.lambda$connectAsync$0(PlainHttpConnection.java:183)
	at java.base/java.security.AccessController.doPrivileged(AccessController.java:569)
	at java.net.http/jdk.internal.net.http.PlainHttpConnection.connectAsync(PlainHttpConnection.java:185)
	... 9 common frames omitted
2026-06-23 09:49:56.230 [pool-1-thread-37] ERROR com.mp3.desktop.Programme3 - ECHEC definitif pour l'envoi de : ?Rotoroto. Le fichier NE SERA PAS supprime.
2026-06-23 09:49:56.232 [pool-1-thread-38] INFO  com.mp3.desktop.Programme3 - <- Metadata recu (P3) : ?Tongasoa
2026-06-23 09:49:56.232 [pool-1-thread-38] ERROR com.mp3.desktop.Programme3 - Erreur API - Tentative 1/2 pour ?Tongasoa
java.net.ConnectException: null
	at java.net.http/jdk.internal.net.http.HttpClientImpl.send(HttpClientImpl.java:573)
	at java.net.http/jdk.internal.net.http.HttpClientFacade.send(HttpClientFacade.java:123)
	at com.mp3.desktop.Programme3.verifierSiExiste(Programme3.java:132)
	at com.mp3.desktop.Programme3.traiterMetadata(Programme3.java:102)
	at com.mp3.desktop.Programme3.lambda$run$0(Programme3.java:64)
	at com.rabbitmq.client.impl.recovery.AutorecoveringChannel$2.handleDelivery(AutorecoveringChannel.java:588)
	at com.rabbitmq.client.impl.ConsumerDispatcher$5.run(ConsumerDispatcher.java:149)
	at com.rabbitmq.client.impl.ConsumerWorkService$WorkPoolRunnable.run(ConsumerWorkService.java:111)
	at java.base/java.util.concurrent.ThreadPoolExecutor.runWorker(ThreadPoolExecutor.java:1136)
	at java.base/java.util.concurrent.ThreadPoolExecutor$Worker.run(ThreadPoolExecutor.java:635)
	at java.base/java.lang.Thread.run(Thread.java:842)
Caused by: java.net.ConnectException: null
	at java.net.http/jdk.internal.net.http.common.Utils.toConnectException(Utils.java:1055)
	at java.net.http/jdk.internal.net.http.PlainHttpConnection.connectAsync(PlainHttpConnection.java:198)
	at java.net.http/jdk.internal.net.http.PlainHttpConnection.checkRetryConnect(PlainHttpConnection.java:230)
	at java.net.http/jdk.internal.net.http.PlainHttpConnection.lambda$connectAsync$1(PlainHttpConnection.java:206)
	at java.base/java.util.concurrent.CompletableFuture.uniHandle(CompletableFuture.java:934)
	at java.base/java.util.concurrent.CompletableFuture$UniHandle.tryFire(CompletableFuture.java:911)
	at java.base/java.util.concurrent.CompletableFuture.postComplete(CompletableFuture.java:510)
	at java.base/java.util.concurrent.CompletableFuture$AsyncSupply.run(CompletableFuture.java:1773)
	... 3 common frames omitted
Caused by: java.nio.channels.ClosedChannelException: null
	at java.base/sun.nio.ch.SocketChannelImpl.ensureOpen(SocketChannelImpl.java:195)
	at java.base/sun.nio.ch.SocketChannelImpl.beginConnect(SocketChannelImpl.java:760)
	at java.base/sun.nio.ch.SocketChannelImpl.connect(SocketChannelImpl.java:848)
	at java.net.http/jdk.internal.net.http.PlainHttpConnection.lambda$connectAsync$0(PlainHttpConnection.java:183)
	at java.base/java.security.AccessController.doPrivileged(AccessController.java:569)
	at java.net.http/jdk.internal.net.http.PlainHttpConnection.connectAsync(PlainHttpConnection.java:185)
	... 9 common frames omitted
2026-06-23 09:49:58.241 [pool-1-thread-38] ERROR com.mp3.desktop.Programme3 - Erreur API - Tentative 2/2 pour ?Tongasoa
java.net.ConnectException: null
	at java.net.http/jdk.internal.net.http.HttpClientImpl.send(HttpClientImpl.java:573)
	at java.net.http/jdk.internal.net.http.HttpClientFacade.send(HttpClientFacade.java:123)
	at com.mp3.desktop.Programme3.verifierSiExiste(Programme3.java:132)
	at com.mp3.desktop.Programme3.traiterMetadata(Programme3.java:102)
	at com.mp3.desktop.Programme3.lambda$run$0(Programme3.java:64)
	at com.rabbitmq.client.impl.recovery.AutorecoveringChannel$2.handleDelivery(AutorecoveringChannel.java:588)
	at com.rabbitmq.client.impl.ConsumerDispatcher$5.run(ConsumerDispatcher.java:149)
	at com.rabbitmq.client.impl.ConsumerWorkService$WorkPoolRunnable.run(ConsumerWorkService.java:111)
	at java.base/java.util.concurrent.ThreadPoolExecutor.runWorker(ThreadPoolExecutor.java:1136)
	at java.base/java.util.concurrent.ThreadPoolExecutor$Worker.run(ThreadPoolExecutor.java:635)
	at java.base/java.lang.Thread.run(Thread.java:842)
Caused by: java.net.ConnectException: null
	at java.net.http/jdk.internal.net.http.common.Utils.toConnectException(Utils.java:1055)
	at java.net.http/jdk.internal.net.http.PlainHttpConnection.connectAsync(PlainHttpConnection.java:198)
	at java.net.http/jdk.internal.net.http.PlainHttpConnection.checkRetryConnect(PlainHttpConnection.java:230)
	at java.net.http/jdk.internal.net.http.PlainHttpConnection.lambda$connectAsync$1(PlainHttpConnection.java:206)
	at java.base/java.util.concurrent.CompletableFuture.uniHandle(CompletableFuture.java:934)
	at java.base/java.util.concurrent.CompletableFuture$UniHandle.tryFire(CompletableFuture.java:911)
	at java.base/java.util.concurrent.CompletableFuture.postComplete(CompletableFuture.java:510)
	at java.base/java.util.concurrent.CompletableFuture$AsyncSupply.run(CompletableFuture.java:1773)
	... 3 common frames omitted
Caused by: java.nio.channels.ClosedChannelException: null
	at java.base/sun.nio.ch.SocketChannelImpl.ensureOpen(SocketChannelImpl.java:195)
	at java.base/sun.nio.ch.SocketChannelImpl.beginConnect(SocketChannelImpl.java:760)
	at java.base/sun.nio.ch.SocketChannelImpl.connect(SocketChannelImpl.java:848)
	at java.net.http/jdk.internal.net.http.PlainHttpConnection.lambda$connectAsync$0(PlainHttpConnection.java:183)
	at java.base/java.security.AccessController.doPrivileged(AccessController.java:569)
	at java.net.http/jdk.internal.net.http.PlainHttpConnection.connectAsync(PlainHttpConnection.java:185)
	... 9 common frames omitted
2026-06-23 09:49:58.241 [pool-1-thread-38] ERROR com.mp3.desktop.Programme3 - ECHEC definitif pour l'envoi de : ?Tongasoa. Le fichier NE SERA PAS supprime.
2026-06-23 09:49:58.241 [pool-1-thread-43] INFO  com.mp3.desktop.Programme3 - <- Metadata recu (P3) : ?Happier Than Ever
2026-06-23 09:49:58.252 [pool-1-thread-43] ERROR com.mp3.desktop.Programme3 - Erreur API - Tentative 1/2 pour ?Happier Than Ever
java.net.ConnectException: null
	at java.net.http/jdk.internal.net.http.HttpClientImpl.send(HttpClientImpl.java:573)
	at java.net.http/jdk.internal.net.http.HttpClientFacade.send(HttpClientFacade.java:123)
	at com.mp3.desktop.Programme3.verifierSiExiste(Programme3.java:132)
	at com.mp3.desktop.Programme3.traiterMetadata(Programme3.java:102)
	at com.mp3.desktop.Programme3.lambda$run$0(Programme3.java:64)
	at com.rabbitmq.client.impl.recovery.AutorecoveringChannel$2.handleDelivery(AutorecoveringChannel.java:588)
	at com.rabbitmq.client.impl.ConsumerDispatcher$5.run(ConsumerDispatcher.java:149)
	at com.rabbitmq.client.impl.ConsumerWorkService$WorkPoolRunnable.run(ConsumerWorkService.java:111)
	at java.base/java.util.concurrent.ThreadPoolExecutor.runWorker(ThreadPoolExecutor.java:1136)
	at java.base/java.util.concurrent.ThreadPoolExecutor$Worker.run(ThreadPoolExecutor.java:635)
	at java.base/java.lang.Thread.run(Thread.java:842)
Caused by: java.net.ConnectException: null
	at java.net.http/jdk.internal.net.http.common.Utils.toConnectException(Utils.java:1055)
	at java.net.http/jdk.internal.net.http.PlainHttpConnection.connectAsync(PlainHttpConnection.java:198)
	at java.net.http/jdk.internal.net.http.PlainHttpConnection.checkRetryConnect(PlainHttpConnection.java:230)
	at java.net.http/jdk.internal.net.http.PlainHttpConnection.lambda$connectAsync$1(PlainHttpConnection.java:206)
	at java.base/java.util.concurrent.CompletableFuture.uniHandle(CompletableFuture.java:934)
	at java.base/java.util.concurrent.CompletableFuture$UniHandle.tryFire(CompletableFuture.java:911)
	at java.base/java.util.concurrent.CompletableFuture.postComplete(CompletableFuture.java:510)
	at java.base/java.util.concurrent.CompletableFuture$AsyncSupply.run(CompletableFuture.java:1773)
	... 3 common frames omitted
Caused by: java.nio.channels.ClosedChannelException: null
	at java.base/sun.nio.ch.SocketChannelImpl.ensureOpen(SocketChannelImpl.java:195)
	at java.base/sun.nio.ch.SocketChannelImpl.beginConnect(SocketChannelImpl.java:760)
	at java.base/sun.nio.ch.SocketChannelImpl.connect(SocketChannelImpl.java:848)
	at java.net.http/jdk.internal.net.http.PlainHttpConnection.lambda$connectAsync$0(PlainHttpConnection.java:183)
	at java.base/java.security.AccessController.doPrivileged(AccessController.java:569)
	at java.net.http/jdk.internal.net.http.PlainHttpConnection.connectAsync(PlainHttpConnection.java:185)
	... 9 common frames omitted
2026-06-23 09:50:00.260 [pool-1-thread-43] ERROR com.mp3.desktop.Programme3 - Erreur API - Tentative 2/2 pour ?Happier Than Ever
java.net.ConnectException: null
	at java.net.http/jdk.internal.net.http.HttpClientImpl.send(HttpClientImpl.java:573)
	at java.net.http/jdk.internal.net.http.HttpClientFacade.send(HttpClientFacade.java:123)
	at com.mp3.desktop.Programme3.verifierSiExiste(Programme3.java:132)
	at com.mp3.desktop.Programme3.traiterMetadata(Programme3.java:102)
	at com.mp3.desktop.Programme3.lambda$run$0(Programme3.java:64)
	at com.rabbitmq.client.impl.recovery.AutorecoveringChannel$2.handleDelivery(AutorecoveringChannel.java:588)
	at com.rabbitmq.client.impl.ConsumerDispatcher$5.run(ConsumerDispatcher.java:149)
	at com.rabbitmq.client.impl.ConsumerWorkService$WorkPoolRunnable.run(ConsumerWorkService.java:111)
	at java.base/java.util.concurrent.ThreadPoolExecutor.runWorker(ThreadPoolExecutor.java:1136)
	at java.base/java.util.concurrent.ThreadPoolExecutor$Worker.run(ThreadPoolExecutor.java:635)
	at java.base/java.lang.Thread.run(Thread.java:842)
Caused by: java.net.ConnectException: null
	at java.net.http/jdk.internal.net.http.common.Utils.toConnectException(Utils.java:1055)
	at java.net.http/jdk.internal.net.http.PlainHttpConnection.connectAsync(PlainHttpConnection.java:198)
	at java.net.http/jdk.internal.net.http.PlainHttpConnection.checkRetryConnect(PlainHttpConnection.java:230)
	at java.net.http/jdk.internal.net.http.PlainHttpConnection.lambda$connectAsync$1(PlainHttpConnection.java:206)
	at java.base/java.util.concurrent.CompletableFuture.uniHandle(CompletableFuture.java:934)
	at java.base/java.util.concurrent.CompletableFuture$UniHandle.tryFire(CompletableFuture.java:911)
	at java.base/java.util.concurrent.CompletableFuture.postComplete(CompletableFuture.java:510)
	at java.base/java.util.concurrent.CompletableFuture$AsyncSupply.run(CompletableFuture.java:1773)
	... 3 common frames omitted
Caused by: java.nio.channels.ClosedChannelException: null
	at java.base/sun.nio.ch.SocketChannelImpl.ensureOpen(SocketChannelImpl.java:195)
	at java.base/sun.nio.ch.SocketChannelImpl.beginConnect(SocketChannelImpl.java:760)
	at java.base/sun.nio.ch.SocketChannelImpl.connect(SocketChannelImpl.java:848)
	at java.net.http/jdk.internal.net.http.PlainHttpConnection.lambda$connectAsync$0(PlainHttpConnection.java:183)
	at java.base/java.security.AccessController.doPrivileged(AccessController.java:569)
	at java.net.http/jdk.internal.net.http.PlainHttpConnection.connectAsync(PlainHttpConnection.java:185)
	... 9 common frames omitted
2026-06-23 09:50:00.260 [pool-1-thread-43] ERROR com.mp3.desktop.Programme3 - ECHEC definitif pour l'envoi de : ?Happier Than Ever. Le fichier NE SERA PAS supprime.
2026-06-23 09:50:00.260 [pool-1-thread-44] INFO  com.mp3.desktop.Programme3 - <- Metadata recu (P3) : ?HATRAIZA / AZA AVELA - REKO
2026-06-23 09:50:00.266 [pool-1-thread-44] ERROR com.mp3.desktop.Programme3 - Erreur API - Tentative 1/2 pour ?HATRAIZA / AZA AVELA - REKO
java.net.ConnectException: null
	at java.net.http/jdk.internal.net.http.HttpClientImpl.send(HttpClientImpl.java:573)
	at java.net.http/jdk.internal.net.http.HttpClientFacade.send(HttpClientFacade.java:123)
	at com.mp3.desktop.Programme3.verifierSiExiste(Programme3.java:132)
	at com.mp3.desktop.Programme3.traiterMetadata(Programme3.java:102)
	at com.mp3.desktop.Programme3.lambda$run$0(Programme3.java:64)
	at com.rabbitmq.client.impl.recovery.AutorecoveringChannel$2.handleDelivery(AutorecoveringChannel.java:588)
	at com.rabbitmq.client.impl.ConsumerDispatcher$5.run(ConsumerDispatcher.java:149)
	at com.rabbitmq.client.impl.ConsumerWorkService$WorkPoolRunnable.run(ConsumerWorkService.java:111)
	at java.base/java.util.concurrent.ThreadPoolExecutor.runWorker(ThreadPoolExecutor.java:1136)
	at java.base/java.util.concurrent.ThreadPoolExecutor$Worker.run(ThreadPoolExecutor.java:635)
	at java.base/java.lang.Thread.run(Thread.java:842)
Caused by: java.net.ConnectException: null
	at java.net.http/jdk.internal.net.http.common.Utils.toConnectException(Utils.java:1055)
	at java.net.http/jdk.internal.net.http.PlainHttpConnection.connectAsync(PlainHttpConnection.java:198)
	at java.net.http/jdk.internal.net.http.PlainHttpConnection.checkRetryConnect(PlainHttpConnection.java:230)
	at java.net.http/jdk.internal.net.http.PlainHttpConnection.lambda$connectAsync$1(PlainHttpConnection.java:206)
	at java.base/java.util.concurrent.CompletableFuture.uniHandle(CompletableFuture.java:934)
	at java.base/java.util.concurrent.CompletableFuture$UniHandle.tryFire(CompletableFuture.java:911)
	at java.base/java.util.concurrent.CompletableFuture.postComplete(CompletableFuture.java:510)
	at java.base/java.util.concurrent.CompletableFuture$AsyncSupply.run(CompletableFuture.java:1773)
	... 3 common frames omitted
Caused by: java.nio.channels.ClosedChannelException: null
	at java.base/sun.nio.ch.SocketChannelImpl.ensureOpen(SocketChannelImpl.java:195)
	at java.base/sun.nio.ch.SocketChannelImpl.beginConnect(SocketChannelImpl.java:760)
	at java.base/sun.nio.ch.SocketChannelImpl.connect(SocketChannelImpl.java:848)
	at java.net.http/jdk.internal.net.http.PlainHttpConnection.lambda$connectAsync$0(PlainHttpConnection.java:183)
	at java.base/java.security.AccessController.doPrivileged(AccessController.java:569)
	at java.net.http/jdk.internal.net.http.PlainHttpConnection.connectAsync(PlainHttpConnection.java:185)
	... 9 common frames omitted
2026-06-23 09:50:02.282 [pool-1-thread-44] ERROR com.mp3.desktop.Programme3 - Erreur API - Tentative 2/2 pour ?HATRAIZA / AZA AVELA - REKO
java.net.ConnectException: null
	at java.net.http/jdk.internal.net.http.HttpClientImpl.send(HttpClientImpl.java:573)
	at java.net.http/jdk.internal.net.http.HttpClientFacade.send(HttpClientFacade.java:123)
	at com.mp3.desktop.Programme3.verifierSiExiste(Programme3.java:132)
	at com.mp3.desktop.Programme3.traiterMetadata(Programme3.java:102)
	at com.mp3.desktop.Programme3.lambda$run$0(Programme3.java:64)
	at com.rabbitmq.client.impl.recovery.AutorecoveringChannel$2.handleDelivery(AutorecoveringChannel.java:588)
	at com.rabbitmq.client.impl.ConsumerDispatcher$5.run(ConsumerDispatcher.java:149)
	at com.rabbitmq.client.impl.ConsumerWorkService$WorkPoolRunnable.run(ConsumerWorkService.java:111)
	at java.base/java.util.concurrent.ThreadPoolExecutor.runWorker(ThreadPoolExecutor.java:1136)
	at java.base/java.util.concurrent.ThreadPoolExecutor$Worker.run(ThreadPoolExecutor.java:635)
	at java.base/java.lang.Thread.run(Thread.java:842)
Caused by: java.net.ConnectException: null
	at java.net.http/jdk.internal.net.http.common.Utils.toConnectException(Utils.java:1055)
	at java.net.http/jdk.internal.net.http.PlainHttpConnection.connectAsync(PlainHttpConnection.java:198)
	at java.net.http/jdk.internal.net.http.PlainHttpConnection.checkRetryConnect(PlainHttpConnection.java:230)
	at java.net.http/jdk.internal.net.http.PlainHttpConnection.lambda$connectAsync$1(PlainHttpConnection.java:206)
	at java.base/java.util.concurrent.CompletableFuture.uniHandle(CompletableFuture.java:934)
	at java.base/java.util.concurrent.CompletableFuture$UniHandle.tryFire(CompletableFuture.java:911)
	at java.base/java.util.concurrent.CompletableFuture.postComplete(CompletableFuture.java:510)
	at java.base/java.util.concurrent.CompletableFuture$AsyncSupply.run(CompletableFuture.java:1773)
	... 3 common frames omitted
Caused by: java.nio.channels.ClosedChannelException: null
	at java.base/sun.nio.ch.SocketChannelImpl.ensureOpen(SocketChannelImpl.java:195)
	at java.base/sun.nio.ch.SocketChannelImpl.beginConnect(SocketChannelImpl.java:760)
	at java.base/sun.nio.ch.SocketChannelImpl.connect(SocketChannelImpl.java:848)
	at java.net.http/jdk.internal.net.http.PlainHttpConnection.lambda$connectAsync$0(PlainHttpConnection.java:183)
	at java.base/java.security.AccessController.doPrivileged(AccessController.java:569)
	at java.net.http/jdk.internal.net.http.PlainHttpConnection.connectAsync(PlainHttpConnection.java:185)
	... 9 common frames omitted
2026-06-23 09:50:02.282 [pool-1-thread-44] ERROR com.mp3.desktop.Programme3 - ECHEC definitif pour l'envoi de : ?HATRAIZA / AZA AVELA - REKO. Le fichier NE SERA PAS supprime.
2026-06-23 09:50:02.286 [pool-1-thread-14] INFO  com.mp3.desktop.Programme3 - <- Metadata recu (P3) : ?Louane - Maman (2015) Official Music Video
2026-06-23 09:50:02.290 [pool-1-thread-14] ERROR com.mp3.desktop.Programme3 - Erreur API - Tentative 1/2 pour ?Louane - Maman (2015) Official Music Video
java.net.ConnectException: null
	at java.net.http/jdk.internal.net.http.HttpClientImpl.send(HttpClientImpl.java:573)
	at java.net.http/jdk.internal.net.http.HttpClientFacade.send(HttpClientFacade.java:123)
	at com.mp3.desktop.Programme3.verifierSiExiste(Programme3.java:132)
	at com.mp3.desktop.Programme3.traiterMetadata(Programme3.java:102)
	at com.mp3.desktop.Programme3.lambda$run$0(Programme3.java:64)
	at com.rabbitmq.client.impl.recovery.AutorecoveringChannel$2.handleDelivery(AutorecoveringChannel.java:588)
	at com.rabbitmq.client.impl.ConsumerDispatcher$5.run(ConsumerDispatcher.java:149)
	at com.rabbitmq.client.impl.ConsumerWorkService$WorkPoolRunnable.run(ConsumerWorkService.java:111)
	at java.base/java.util.concurrent.ThreadPoolExecutor.runWorker(ThreadPoolExecutor.java:1136)
	at java.base/java.util.concurrent.ThreadPoolExecutor$Worker.run(ThreadPoolExecutor.java:635)
	at java.base/java.lang.Thread.run(Thread.java:842)
Caused by: java.net.ConnectException: null
	at java.net.http/jdk.internal.net.http.common.Utils.toConnectException(Utils.java:1055)
	at java.net.http/jdk.internal.net.http.PlainHttpConnection.connectAsync(PlainHttpConnection.java:198)
	at java.net.http/jdk.internal.net.http.PlainHttpConnection.checkRetryConnect(PlainHttpConnection.java:230)
	at java.net.http/jdk.internal.net.http.PlainHttpConnection.lambda$connectAsync$1(PlainHttpConnection.java:206)
	at java.base/java.util.concurrent.CompletableFuture.uniHandle(CompletableFuture.java:934)
	at java.base/java.util.concurrent.CompletableFuture$UniHandle.tryFire(CompletableFuture.java:911)
	at java.base/java.util.concurrent.CompletableFuture.postComplete(CompletableFuture.java:510)
	at java.base/java.util.concurrent.CompletableFuture$AsyncSupply.run(CompletableFuture.java:1773)
	... 3 common frames omitted
Caused by: java.nio.channels.ClosedChannelException: null
	at java.base/sun.nio.ch.SocketChannelImpl.ensureOpen(SocketChannelImpl.java:195)
	at java.base/sun.nio.ch.SocketChannelImpl.beginConnect(SocketChannelImpl.java:760)
	at java.base/sun.nio.ch.SocketChannelImpl.connect(SocketChannelImpl.java:848)
	at java.net.http/jdk.internal.net.http.PlainHttpConnection.lambda$connectAsync$0(PlainHttpConnection.java:183)
	at java.base/java.security.AccessController.doPrivileged(AccessController.java:569)
	at java.net.http/jdk.internal.net.http.PlainHttpConnection.connectAsync(PlainHttpConnection.java:185)
	... 9 common frames omitted
2026-06-23 09:50:04.308 [pool-1-thread-14] ERROR com.mp3.desktop.Programme3 - Erreur API - Tentative 2/2 pour ?Louane - Maman (2015) Official Music Video
java.net.ConnectException: null
	at java.net.http/jdk.internal.net.http.HttpClientImpl.send(HttpClientImpl.java:573)
	at java.net.http/jdk.internal.net.http.HttpClientFacade.send(HttpClientFacade.java:123)
	at com.mp3.desktop.Programme3.verifierSiExiste(Programme3.java:132)
	at com.mp3.desktop.Programme3.traiterMetadata(Programme3.java:102)
	at com.mp3.desktop.Programme3.lambda$run$0(Programme3.java:64)
	at com.rabbitmq.client.impl.recovery.AutorecoveringChannel$2.handleDelivery(AutorecoveringChannel.java:588)
	at com.rabbitmq.client.impl.ConsumerDispatcher$5.run(ConsumerDispatcher.java:149)
	at com.rabbitmq.client.impl.ConsumerWorkService$WorkPoolRunnable.run(ConsumerWorkService.java:111)
	at java.base/java.util.concurrent.ThreadPoolExecutor.runWorker(ThreadPoolExecutor.java:1136)
	at java.base/java.util.concurrent.ThreadPoolExecutor$Worker.run(ThreadPoolExecutor.java:635)
	at java.base/java.lang.Thread.run(Thread.java:842)
Caused by: java.net.ConnectException: null
	at java.net.http/jdk.internal.net.http.common.Utils.toConnectException(Utils.java:1055)
	at java.net.http/jdk.internal.net.http.PlainHttpConnection.connectAsync(PlainHttpConnection.java:198)
	at java.net.http/jdk.internal.net.http.PlainHttpConnection.checkRetryConnect(PlainHttpConnection.java:230)
	at java.net.http/jdk.internal.net.http.PlainHttpConnection.lambda$connectAsync$1(PlainHttpConnection.java:206)
	at java.base/java.util.concurrent.CompletableFuture.uniHandle(CompletableFuture.java:934)
	at java.base/java.util.concurrent.CompletableFuture$UniHandle.tryFire(CompletableFuture.java:911)
	at java.base/java.util.concurrent.CompletableFuture.postComplete(CompletableFuture.java:510)
	at java.base/java.util.concurrent.CompletableFuture$AsyncSupply.run(CompletableFuture.java:1773)
	... 3 common frames omitted
Caused by: java.nio.channels.ClosedChannelException: null
	at java.base/sun.nio.ch.SocketChannelImpl.ensureOpen(SocketChannelImpl.java:195)
	at java.base/sun.nio.ch.SocketChannelImpl.beginConnect(SocketChannelImpl.java:760)
	at java.base/sun.nio.ch.SocketChannelImpl.connect(SocketChannelImpl.java:848)
	at java.net.http/jdk.internal.net.http.PlainHttpConnection.lambda$connectAsync$0(PlainHttpConnection.java:183)
	at java.base/java.security.AccessController.doPrivileged(AccessController.java:569)
	at java.net.http/jdk.internal.net.http.PlainHttpConnection.connectAsync(PlainHttpConnection.java:185)
	... 9 common frames omitted
2026-06-23 09:50:04.309 [pool-1-thread-14] ERROR com.mp3.desktop.Programme3 - ECHEC definitif pour l'envoi de : ?Louane - Maman (2015) Official Music Video. Le fichier NE SERA PAS supprime.
2026-06-23 09:50:04.309 [pool-1-thread-29] INFO  com.mp3.desktop.Programme3 - <- Metadata recu (P3) : Matsiro kosa ny nanaovan_i Fy Rasolofoniaina ny hiran_ny tarika _Zay teto.(480P_SD)
2026-06-23 09:50:04.309 [pool-1-thread-29] ERROR com.mp3.desktop.Programme3 - Erreur API - Tentative 1/2 pour Matsiro kosa ny nanaovan_i Fy Rasolofoniaina ny hiran_ny tarika _Zay teto.(480P_SD)
java.net.ConnectException: null
	at java.net.http/jdk.internal.net.http.HttpClientImpl.send(HttpClientImpl.java:573)
	at java.net.http/jdk.internal.net.http.HttpClientFacade.send(HttpClientFacade.java:123)
	at com.mp3.desktop.Programme3.verifierSiExiste(Programme3.java:132)
	at com.mp3.desktop.Programme3.traiterMetadata(Programme3.java:102)
	at com.mp3.desktop.Programme3.lambda$run$0(Programme3.java:64)
	at com.rabbitmq.client.impl.recovery.AutorecoveringChannel$2.handleDelivery(AutorecoveringChannel.java:588)
	at com.rabbitmq.client.impl.ConsumerDispatcher$5.run(ConsumerDispatcher.java:149)
	at com.rabbitmq.client.impl.ConsumerWorkService$WorkPoolRunnable.run(ConsumerWorkService.java:111)
	at java.base/java.util.concurrent.ThreadPoolExecutor.runWorker(ThreadPoolExecutor.java:1136)
	at java.base/java.util.concurrent.ThreadPoolExecutor$Worker.run(ThreadPoolExecutor.java:635)
	at java.base/java.lang.Thread.run(Thread.java:842)
Caused by: java.net.ConnectException: null
	at java.net.http/jdk.internal.net.http.common.Utils.toConnectException(Utils.java:1055)
	at java.net.http/jdk.internal.net.http.PlainHttpConnection.connectAsync(PlainHttpConnection.java:198)
	at java.net.http/jdk.internal.net.http.PlainHttpConnection.checkRetryConnect(PlainHttpConnection.java:230)
	at java.net.http/jdk.internal.net.http.PlainHttpConnection.lambda$connectAsync$1(PlainHttpConnection.java:206)
	at java.base/java.util.concurrent.CompletableFuture.uniHandle(CompletableFuture.java:934)
	at java.base/java.util.concurrent.CompletableFuture$UniHandle.tryFire(CompletableFuture.java:911)
	at java.base/java.util.concurrent.CompletableFuture.postComplete(CompletableFuture.java:510)
	at java.base/java.util.concurrent.CompletableFuture$AsyncSupply.run(CompletableFuture.java:1773)
	... 3 common frames omitted
Caused by: java.nio.channels.ClosedChannelException: null
	at java.base/sun.nio.ch.SocketChannelImpl.ensureOpen(SocketChannelImpl.java:195)
	at java.base/sun.nio.ch.SocketChannelImpl.beginConnect(SocketChannelImpl.java:760)
	at java.base/sun.nio.ch.SocketChannelImpl.connect(SocketChannelImpl.java:848)
	at java.net.http/jdk.internal.net.http.PlainHttpConnection.lambda$connectAsync$0(PlainHttpConnection.java:183)
	at java.base/java.security.AccessController.doPrivileged(AccessController.java:569)
	at java.net.http/jdk.internal.net.http.PlainHttpConnection.connectAsync(PlainHttpConnection.java:185)
	... 9 common frames omitted
2026-06-23 09:50:06.315 [pool-1-thread-29] ERROR com.mp3.desktop.Programme3 - Erreur API - Tentative 2/2 pour Matsiro kosa ny nanaovan_i Fy Rasolofoniaina ny hiran_ny tarika _Zay teto.(480P_SD)
java.net.ConnectException: null
	at java.net.http/jdk.internal.net.http.HttpClientImpl.send(HttpClientImpl.java:573)
	at java.net.http/jdk.internal.net.http.HttpClientFacade.send(HttpClientFacade.java:123)
	at com.mp3.desktop.Programme3.verifierSiExiste(Programme3.java:132)
	at com.mp3.desktop.Programme3.traiterMetadata(Programme3.java:102)
	at com.mp3.desktop.Programme3.lambda$run$0(Programme3.java:64)
	at com.rabbitmq.client.impl.recovery.AutorecoveringChannel$2.handleDelivery(AutorecoveringChannel.java:588)
	at com.rabbitmq.client.impl.ConsumerDispatcher$5.run(ConsumerDispatcher.java:149)
	at com.rabbitmq.client.impl.ConsumerWorkService$WorkPoolRunnable.run(ConsumerWorkService.java:111)
	at java.base/java.util.concurrent.ThreadPoolExecutor.runWorker(ThreadPoolExecutor.java:1136)
	at java.base/java.util.concurrent.ThreadPoolExecutor$Worker.run(ThreadPoolExecutor.java:635)
	at java.base/java.lang.Thread.run(Thread.java:842)
Caused by: java.net.ConnectException: null
	at java.net.http/jdk.internal.net.http.common.Utils.toConnectException(Utils.java:1055)
	at java.net.http/jdk.internal.net.http.PlainHttpConnection.connectAsync(PlainHttpConnection.java:198)
	at java.net.http/jdk.internal.net.http.PlainHttpConnection.checkRetryConnect(PlainHttpConnection.java:230)
	at java.net.http/jdk.internal.net.http.PlainHttpConnection.lambda$connectAsync$1(PlainHttpConnection.java:206)
	at java.base/java.util.concurrent.CompletableFuture.uniHandle(CompletableFuture.java:934)
	at java.base/java.util.concurrent.CompletableFuture$UniHandle.tryFire(CompletableFuture.java:911)
	at java.base/java.util.concurrent.CompletableFuture.postComplete(CompletableFuture.java:510)
	at java.base/java.util.concurrent.CompletableFuture$AsyncSupply.run(CompletableFuture.java:1773)
	... 3 common frames omitted
Caused by: java.nio.channels.ClosedChannelException: null
	at java.base/sun.nio.ch.SocketChannelImpl.ensureOpen(SocketChannelImpl.java:195)
	at java.base/sun.nio.ch.SocketChannelImpl.beginConnect(SocketChannelImpl.java:760)
	at java.base/sun.nio.ch.SocketChannelImpl.connect(SocketChannelImpl.java:848)
	at java.net.http/jdk.internal.net.http.PlainHttpConnection.lambda$connectAsync$0(PlainHttpConnection.java:183)
	at java.base/java.security.AccessController.doPrivileged(AccessController.java:569)
	at java.net.http/jdk.internal.net.http.PlainHttpConnection.connectAsync(PlainHttpConnection.java:185)
	... 9 common frames omitted
2026-06-23 09:50:06.319 [pool-1-thread-29] ERROR com.mp3.desktop.Programme3 - ECHEC definitif pour l'envoi de : Matsiro kosa ny nanaovan_i Fy Rasolofoniaina ny hiran_ny tarika _Zay teto.(480P_SD). Le fichier NE SERA PAS supprime.
2026-06-23 09:50:06.321 [pool-1-thread-35] INFO  com.mp3.desktop.Programme3 - <- Metadata recu (P3) : ?Misia
2026-06-23 09:50:06.324 [pool-1-thread-35] ERROR com.mp3.desktop.Programme3 - Erreur API - Tentative 1/2 pour ?Misia
java.net.ConnectException: null
	at java.net.http/jdk.internal.net.http.HttpClientImpl.send(HttpClientImpl.java:573)
	at java.net.http/jdk.internal.net.http.HttpClientFacade.send(HttpClientFacade.java:123)
	at com.mp3.desktop.Programme3.verifierSiExiste(Programme3.java:132)
	at com.mp3.desktop.Programme3.traiterMetadata(Programme3.java:102)
	at com.mp3.desktop.Programme3.lambda$run$0(Programme3.java:64)
	at com.rabbitmq.client.impl.recovery.AutorecoveringChannel$2.handleDelivery(AutorecoveringChannel.java:588)
	at com.rabbitmq.client.impl.ConsumerDispatcher$5.run(ConsumerDispatcher.java:149)
	at com.rabbitmq.client.impl.ConsumerWorkService$WorkPoolRunnable.run(ConsumerWorkService.java:111)
	at java.base/java.util.concurrent.ThreadPoolExecutor.runWorker(ThreadPoolExecutor.java:1136)
	at java.base/java.util.concurrent.ThreadPoolExecutor$Worker.run(ThreadPoolExecutor.java:635)
	at java.base/java.lang.Thread.run(Thread.java:842)
Caused by: java.net.ConnectException: null
	at java.net.http/jdk.internal.net.http.common.Utils.toConnectException(Utils.java:1055)
	at java.net.http/jdk.internal.net.http.PlainHttpConnection.connectAsync(PlainHttpConnection.java:198)
	at java.net.http/jdk.internal.net.http.PlainHttpConnection.checkRetryConnect(PlainHttpConnection.java:230)
	at java.net.http/jdk.internal.net.http.PlainHttpConnection.lambda$connectAsync$1(PlainHttpConnection.java:206)
	at java.base/java.util.concurrent.CompletableFuture.uniHandle(CompletableFuture.java:934)
	at java.base/java.util.concurrent.CompletableFuture$UniHandle.tryFire(CompletableFuture.java:911)
	at java.base/java.util.concurrent.CompletableFuture.postComplete(CompletableFuture.java:510)
	at java.base/java.util.concurrent.CompletableFuture$AsyncSupply.run(CompletableFuture.java:1773)
	... 3 common frames omitted
Caused by: java.nio.channels.ClosedChannelException: null
	at java.base/sun.nio.ch.SocketChannelImpl.ensureOpen(SocketChannelImpl.java:195)
	at java.base/sun.nio.ch.SocketChannelImpl.beginConnect(SocketChannelImpl.java:760)
	at java.base/sun.nio.ch.SocketChannelImpl.connect(SocketChannelImpl.java:848)
	at java.net.http/jdk.internal.net.http.PlainHttpConnection.lambda$connectAsync$0(PlainHttpConnection.java:183)
	at java.base/java.security.AccessController.doPrivileged(AccessController.java:569)
	at java.net.http/jdk.internal.net.http.PlainHttpConnection.connectAsync(PlainHttpConnection.java:185)
	... 9 common frames omitted
2026-06-23 09:50:08.340 [pool-1-thread-35] ERROR com.mp3.desktop.Programme3 - Erreur API - Tentative 2/2 pour ?Misia
java.net.ConnectException: null
	at java.net.http/jdk.internal.net.http.HttpClientImpl.send(HttpClientImpl.java:573)
	at java.net.http/jdk.internal.net.http.HttpClientFacade.send(HttpClientFacade.java:123)
	at com.mp3.desktop.Programme3.verifierSiExiste(Programme3.java:132)
	at com.mp3.desktop.Programme3.traiterMetadata(Programme3.java:102)
	at com.mp3.desktop.Programme3.lambda$run$0(Programme3.java:64)
	at com.rabbitmq.client.impl.recovery.AutorecoveringChannel$2.handleDelivery(AutorecoveringChannel.java:588)
	at com.rabbitmq.client.impl.ConsumerDispatcher$5.run(ConsumerDispatcher.java:149)
	at com.rabbitmq.client.impl.ConsumerWorkService$WorkPoolRunnable.run(ConsumerWorkService.java:111)
	at java.base/java.util.concurrent.ThreadPoolExecutor.runWorker(ThreadPoolExecutor.java:1136)
	at java.base/java.util.concurrent.ThreadPoolExecutor$Worker.run(ThreadPoolExecutor.java:635)
	at java.base/java.lang.Thread.run(Thread.java:842)
Caused by: java.net.ConnectException: null
	at java.net.http/jdk.internal.net.http.common.Utils.toConnectException(Utils.java:1055)
	at java.net.http/jdk.internal.net.http.PlainHttpConnection.connectAsync(PlainHttpConnection.java:198)
	at java.net.http/jdk.internal.net.http.PlainHttpConnection.checkRetryConnect(PlainHttpConnection.java:230)
	at java.net.http/jdk.internal.net.http.PlainHttpConnection.lambda$connectAsync$1(PlainHttpConnection.java:206)
	at java.base/java.util.concurrent.CompletableFuture.uniHandle(CompletableFuture.java:934)
	at java.base/java.util.concurrent.CompletableFuture$UniHandle.tryFire(CompletableFuture.java:911)
	at java.base/java.util.concurrent.CompletableFuture.postComplete(CompletableFuture.java:510)
	at java.base/java.util.concurrent.CompletableFuture$AsyncSupply.run(CompletableFuture.java:1773)
	... 3 common frames omitted
Caused by: java.nio.channels.ClosedChannelException: null
	at java.base/sun.nio.ch.SocketChannelImpl.ensureOpen(SocketChannelImpl.java:195)
	at java.base/sun.nio.ch.SocketChannelImpl.beginConnect(SocketChannelImpl.java:760)
	at java.base/sun.nio.ch.SocketChannelImpl.connect(SocketChannelImpl.java:848)
	at java.net.http/jdk.internal.net.http.PlainHttpConnection.lambda$connectAsync$0(PlainHttpConnection.java:183)
	at java.base/java.security.AccessController.doPrivileged(AccessController.java:569)
	at java.net.http/jdk.internal.net.http.PlainHttpConnection.connectAsync(PlainHttpConnection.java:185)
	... 9 common frames omitted
2026-06-23 09:50:08.341 [pool-1-thread-35] ERROR com.mp3.desktop.Programme3 - ECHEC definitif pour l'envoi de : ?Misia. Le fichier NE SERA PAS supprime.
2026-06-23 09:50:08.345 [pool-1-thread-36] INFO  com.mp3.desktop.Programme3 - <- Metadata recu (P3) : ?MITONIA - REKO (Official lyrics video)
2026-06-23 09:50:08.357 [pool-1-thread-36] ERROR com.mp3.desktop.Programme3 - Erreur API - Tentative 1/2 pour ?MITONIA - REKO (Official lyrics video)
java.net.ConnectException: null
	at java.net.http/jdk.internal.net.http.HttpClientImpl.send(HttpClientImpl.java:573)
	at java.net.http/jdk.internal.net.http.HttpClientFacade.send(HttpClientFacade.java:123)
	at com.mp3.desktop.Programme3.verifierSiExiste(Programme3.java:132)
	at com.mp3.desktop.Programme3.traiterMetadata(Programme3.java:102)
	at com.mp3.desktop.Programme3.lambda$run$0(Programme3.java:64)
	at com.rabbitmq.client.impl.recovery.AutorecoveringChannel$2.handleDelivery(AutorecoveringChannel.java:588)
	at com.rabbitmq.client.impl.ConsumerDispatcher$5.run(ConsumerDispatcher.java:149)
	at com.rabbitmq.client.impl.ConsumerWorkService$WorkPoolRunnable.run(ConsumerWorkService.java:111)
	at java.base/java.util.concurrent.ThreadPoolExecutor.runWorker(ThreadPoolExecutor.java:1136)
	at java.base/java.util.concurrent.ThreadPoolExecutor$Worker.run(ThreadPoolExecutor.java:635)
	at java.base/java.lang.Thread.run(Thread.java:842)
Caused by: java.net.ConnectException: null
	at java.net.http/jdk.internal.net.http.common.Utils.toConnectException(Utils.java:1055)
	at java.net.http/jdk.internal.net.http.PlainHttpConnection.connectAsync(PlainHttpConnection.java:198)
	at java.net.http/jdk.internal.net.http.PlainHttpConnection.checkRetryConnect(PlainHttpConnection.java:230)
	at java.net.http/jdk.internal.net.http.PlainHttpConnection.lambda$connectAsync$1(PlainHttpConnection.java:206)
	at java.base/java.util.concurrent.CompletableFuture.uniHandle(CompletableFuture.java:934)
	at java.base/java.util.concurrent.CompletableFuture$UniHandle.tryFire(CompletableFuture.java:911)
	at java.base/java.util.concurrent.CompletableFuture.postComplete(CompletableFuture.java:510)
	at java.base/java.util.concurrent.CompletableFuture$AsyncSupply.run(CompletableFuture.java:1773)
	... 3 common frames omitted
Caused by: java.nio.channels.ClosedChannelException: null
	at java.base/sun.nio.ch.SocketChannelImpl.ensureOpen(SocketChannelImpl.java:195)
	at java.base/sun.nio.ch.SocketChannelImpl.beginConnect(SocketChannelImpl.java:760)
	at java.base/sun.nio.ch.SocketChannelImpl.connect(SocketChannelImpl.java:848)
	at java.net.http/jdk.internal.net.http.PlainHttpConnection.lambda$connectAsync$0(PlainHttpConnection.java:183)
	at java.base/java.security.AccessController.doPrivileged(AccessController.java:569)
	at java.net.http/jdk.internal.net.http.PlainHttpConnection.connectAsync(PlainHttpConnection.java:185)
	... 9 common frames omitted
2026-06-23 09:50:10.381 [pool-1-thread-36] ERROR com.mp3.desktop.Programme3 - Erreur API - Tentative 2/2 pour ?MITONIA - REKO (Official lyrics video)
java.net.ConnectException: null
	at java.net.http/jdk.internal.net.http.HttpClientImpl.send(HttpClientImpl.java:573)
	at java.net.http/jdk.internal.net.http.HttpClientFacade.send(HttpClientFacade.java:123)
	at com.mp3.desktop.Programme3.verifierSiExiste(Programme3.java:132)
	at com.mp3.desktop.Programme3.traiterMetadata(Programme3.java:102)
	at com.mp3.desktop.Programme3.lambda$run$0(Programme3.java:64)
	at com.rabbitmq.client.impl.recovery.AutorecoveringChannel$2.handleDelivery(AutorecoveringChannel.java:588)
	at com.rabbitmq.client.impl.ConsumerDispatcher$5.run(ConsumerDispatcher.java:149)
	at com.rabbitmq.client.impl.ConsumerWorkService$WorkPoolRunnable.run(ConsumerWorkService.java:111)
	at java.base/java.util.concurrent.ThreadPoolExecutor.runWorker(ThreadPoolExecutor.java:1136)
	at java.base/java.util.concurrent.ThreadPoolExecutor$Worker.run(ThreadPoolExecutor.java:635)
	at java.base/java.lang.Thread.run(Thread.java:842)
Caused by: java.net.ConnectException: null
	at java.net.http/jdk.internal.net.http.common.Utils.toConnectException(Utils.java:1055)
	at java.net.http/jdk.internal.net.http.PlainHttpConnection.connectAsync(PlainHttpConnection.java:198)
	at java.net.http/jdk.internal.net.http.PlainHttpConnection.checkRetryConnect(PlainHttpConnection.java:230)
	at java.net.http/jdk.internal.net.http.PlainHttpConnection.lambda$connectAsync$1(PlainHttpConnection.java:206)
	at java.base/java.util.concurrent.CompletableFuture.uniHandle(CompletableFuture.java:934)
	at java.base/java.util.concurrent.CompletableFuture$UniHandle.tryFire(CompletableFuture.java:911)
	at java.base/java.util.concurrent.CompletableFuture.postComplete(CompletableFuture.java:510)
	at java.base/java.util.concurrent.CompletableFuture$AsyncSupply.run(CompletableFuture.java:1773)
	... 3 common frames omitted
Caused by: java.nio.channels.ClosedChannelException: null
	at java.base/sun.nio.ch.SocketChannelImpl.ensureOpen(SocketChannelImpl.java:195)
	at java.base/sun.nio.ch.SocketChannelImpl.beginConnect(SocketChannelImpl.java:760)
	at java.base/sun.nio.ch.SocketChannelImpl.connect(SocketChannelImpl.java:848)
	at java.net.http/jdk.internal.net.http.PlainHttpConnection.lambda$connectAsync$0(PlainHttpConnection.java:183)
	at java.base/java.security.AccessController.doPrivileged(AccessController.java:569)
	at java.net.http/jdk.internal.net.http.PlainHttpConnection.connectAsync(PlainHttpConnection.java:185)
	... 9 common frames omitted
2026-06-23 09:50:10.383 [pool-1-thread-36] ERROR com.mp3.desktop.Programme3 - ECHEC definitif pour l'envoi de : ?MITONIA - REKO (Official lyrics video). Le fichier NE SERA PAS supprime.
2026-06-23 09:50:10.391 [pool-1-thread-37] INFO  com.mp3.desktop.Programme3 - <- Metadata recu (P3) : ?Ny Anaranao
2026-06-23 09:50:10.400 [pool-1-thread-37] ERROR com.mp3.desktop.Programme3 - Erreur API - Tentative 1/2 pour ?Ny Anaranao
java.net.ConnectException: null
	at java.net.http/jdk.internal.net.http.HttpClientImpl.send(HttpClientImpl.java:573)
	at java.net.http/jdk.internal.net.http.HttpClientFacade.send(HttpClientFacade.java:123)
	at com.mp3.desktop.Programme3.verifierSiExiste(Programme3.java:132)
	at com.mp3.desktop.Programme3.traiterMetadata(Programme3.java:102)
	at com.mp3.desktop.Programme3.lambda$run$0(Programme3.java:64)
	at com.rabbitmq.client.impl.recovery.AutorecoveringChannel$2.handleDelivery(AutorecoveringChannel.java:588)
	at com.rabbitmq.client.impl.ConsumerDispatcher$5.run(ConsumerDispatcher.java:149)
	at com.rabbitmq.client.impl.ConsumerWorkService$WorkPoolRunnable.run(ConsumerWorkService.java:111)
	at java.base/java.util.concurrent.ThreadPoolExecutor.runWorker(ThreadPoolExecutor.java:1136)
	at java.base/java.util.concurrent.ThreadPoolExecutor$Worker.run(ThreadPoolExecutor.java:635)
	at java.base/java.lang.Thread.run(Thread.java:842)
Caused by: java.net.ConnectException: null
	at java.net.http/jdk.internal.net.http.common.Utils.toConnectException(Utils.java:1055)
	at java.net.http/jdk.internal.net.http.PlainHttpConnection.connectAsync(PlainHttpConnection.java:198)
	at java.net.http/jdk.internal.net.http.PlainHttpConnection.checkRetryConnect(PlainHttpConnection.java:230)
	at java.net.http/jdk.internal.net.http.PlainHttpConnection.lambda$connectAsync$1(PlainHttpConnection.java:206)
	at java.base/java.util.concurrent.CompletableFuture.uniHandle(CompletableFuture.java:934)
	at java.base/java.util.concurrent.CompletableFuture$UniHandle.tryFire(CompletableFuture.java:911)
	at java.base/java.util.concurrent.CompletableFuture.postComplete(CompletableFuture.java:510)
	at java.base/java.util.concurrent.CompletableFuture$AsyncSupply.run(CompletableFuture.java:1773)
	... 3 common frames omitted
Caused by: java.nio.channels.ClosedChannelException: null
	at java.base/sun.nio.ch.SocketChannelImpl.ensureOpen(SocketChannelImpl.java:195)
	at java.base/sun.nio.ch.SocketChannelImpl.beginConnect(SocketChannelImpl.java:760)
	at java.base/sun.nio.ch.SocketChannelImpl.connect(SocketChannelImpl.java:848)
	at java.net.http/jdk.internal.net.http.PlainHttpConnection.lambda$connectAsync$0(PlainHttpConnection.java:183)
	at java.base/java.security.AccessController.doPrivileged(AccessController.java:569)
	at java.net.http/jdk.internal.net.http.PlainHttpConnection.connectAsync(PlainHttpConnection.java:185)
	... 9 common frames omitted
2026-06-23 09:50:12.547 [pool-1-thread-37] ERROR com.mp3.desktop.Programme3 - Erreur API - Tentative 2/2 pour ?Ny Anaranao
java.net.ConnectException: null
	at java.net.http/jdk.internal.net.http.HttpClientImpl.send(HttpClientImpl.java:573)
	at java.net.http/jdk.internal.net.http.HttpClientFacade.send(HttpClientFacade.java:123)
	at com.mp3.desktop.Programme3.verifierSiExiste(Programme3.java:132)
	at com.mp3.desktop.Programme3.traiterMetadata(Programme3.java:102)
	at com.mp3.desktop.Programme3.lambda$run$0(Programme3.java:64)
	at com.rabbitmq.client.impl.recovery.AutorecoveringChannel$2.handleDelivery(AutorecoveringChannel.java:588)
	at com.rabbitmq.client.impl.ConsumerDispatcher$5.run(ConsumerDispatcher.java:149)
	at com.rabbitmq.client.impl.ConsumerWorkService$WorkPoolRunnable.run(ConsumerWorkService.java:111)
	at java.base/java.util.concurrent.ThreadPoolExecutor.runWorker(ThreadPoolExecutor.java:1136)
	at java.base/java.util.concurrent.ThreadPoolExecutor$Worker.run(ThreadPoolExecutor.java:635)
	at java.base/java.lang.Thread.run(Thread.java:842)
Caused by: java.net.ConnectException: null
	at java.net.http/jdk.internal.net.http.common.Utils.toConnectException(Utils.java:1055)
	at java.net.http/jdk.internal.net.http.PlainHttpConnection.connectAsync(PlainHttpConnection.java:198)
	at java.net.http/jdk.internal.net.http.PlainHttpConnection.checkRetryConnect(PlainHttpConnection.java:230)
	at java.net.http/jdk.internal.net.http.PlainHttpConnection.lambda$connectAsync$1(PlainHttpConnection.java:206)
	at java.base/java.util.concurrent.CompletableFuture.uniHandle(CompletableFuture.java:934)
	at java.base/java.util.concurrent.CompletableFuture$UniHandle.tryFire(CompletableFuture.java:911)
	at java.base/java.util.concurrent.CompletableFuture.postComplete(CompletableFuture.java:510)
	at java.base/java.util.concurrent.CompletableFuture$AsyncSupply.run(CompletableFuture.java:1773)
	... 3 common frames omitted
Caused by: java.nio.channels.ClosedChannelException: null
	at java.base/sun.nio.ch.SocketChannelImpl.ensureOpen(SocketChannelImpl.java:195)
	at java.base/sun.nio.ch.SocketChannelImpl.beginConnect(SocketChannelImpl.java:760)
	at java.base/sun.nio.ch.SocketChannelImpl.connect(SocketChannelImpl.java:848)
	at java.net.http/jdk.internal.net.http.PlainHttpConnection.lambda$connectAsync$0(PlainHttpConnection.java:183)
	at java.base/java.security.AccessController.doPrivileged(AccessController.java:569)
	at java.net.http/jdk.internal.net.http.PlainHttpConnection.connectAsync(PlainHttpConnection.java:185)
	... 9 common frames omitted
2026-06-23 09:50:12.549 [pool-1-thread-37] ERROR com.mp3.desktop.Programme3 - ECHEC definitif pour l'envoi de : ?Ny Anaranao. Le fichier NE SERA PAS supprime.
2026-06-23 09:50:12.553 [pool-1-thread-38] INFO  com.mp3.desktop.Programme3 - <- Metadata recu (P3) : ?Rotoroto
2026-06-23 09:50:12.559 [pool-1-thread-38] ERROR com.mp3.desktop.Programme3 - Erreur API - Tentative 1/2 pour ?Rotoroto
java.net.ConnectException: null
	at java.net.http/jdk.internal.net.http.HttpClientImpl.send(HttpClientImpl.java:573)
	at java.net.http/jdk.internal.net.http.HttpClientFacade.send(HttpClientFacade.java:123)
	at com.mp3.desktop.Programme3.verifierSiExiste(Programme3.java:132)
	at com.mp3.desktop.Programme3.traiterMetadata(Programme3.java:102)
	at com.mp3.desktop.Programme3.lambda$run$0(Programme3.java:64)
	at com.rabbitmq.client.impl.recovery.AutorecoveringChannel$2.handleDelivery(AutorecoveringChannel.java:588)
	at com.rabbitmq.client.impl.ConsumerDispatcher$5.run(ConsumerDispatcher.java:149)
	at com.rabbitmq.client.impl.ConsumerWorkService$WorkPoolRunnable.run(ConsumerWorkService.java:111)
	at java.base/java.util.concurrent.ThreadPoolExecutor.runWorker(ThreadPoolExecutor.java:1136)
	at java.base/java.util.concurrent.ThreadPoolExecutor$Worker.run(ThreadPoolExecutor.java:635)
	at java.base/java.lang.Thread.run(Thread.java:842)
Caused by: java.net.ConnectException: null
	at java.net.http/jdk.internal.net.http.common.Utils.toConnectException(Utils.java:1055)
	at java.net.http/jdk.internal.net.http.PlainHttpConnection.connectAsync(PlainHttpConnection.java:198)
	at java.net.http/jdk.internal.net.http.PlainHttpConnection.checkRetryConnect(PlainHttpConnection.java:230)
	at java.net.http/jdk.internal.net.http.PlainHttpConnection.lambda$connectAsync$1(PlainHttpConnection.java:206)
	at java.base/java.util.concurrent.CompletableFuture.uniHandle(CompletableFuture.java:934)
	at java.base/java.util.concurrent.CompletableFuture$UniHandle.tryFire(CompletableFuture.java:911)
	at java.base/java.util.concurrent.CompletableFuture.postComplete(CompletableFuture.java:510)
	at java.base/java.util.concurrent.CompletableFuture$AsyncSupply.run(CompletableFuture.java:1773)
	... 3 common frames omitted
Caused by: java.nio.channels.ClosedChannelException: null
	at java.base/sun.nio.ch.SocketChannelImpl.ensureOpen(SocketChannelImpl.java:195)
	at java.base/sun.nio.ch.SocketChannelImpl.beginConnect(SocketChannelImpl.java:760)
	at java.base/sun.nio.ch.SocketChannelImpl.connect(SocketChannelImpl.java:848)
	at java.net.http/jdk.internal.net.http.PlainHttpConnection.lambda$connectAsync$0(PlainHttpConnection.java:183)
	at java.base/java.security.AccessController.doPrivileged(AccessController.java:569)
	at java.net.http/jdk.internal.net.http.PlainHttpConnection.connectAsync(PlainHttpConnection.java:185)
	... 9 common frames omitted
2026-06-23 09:50:14.576 [pool-1-thread-38] ERROR com.mp3.desktop.Programme3 - Erreur API - Tentative 2/2 pour ?Rotoroto
java.net.ConnectException: null
	at java.net.http/jdk.internal.net.http.HttpClientImpl.send(HttpClientImpl.java:573)
	at java.net.http/jdk.internal.net.http.HttpClientFacade.send(HttpClientFacade.java:123)
	at com.mp3.desktop.Programme3.verifierSiExiste(Programme3.java:132)
	at com.mp3.desktop.Programme3.traiterMetadata(Programme3.java:102)
	at com.mp3.desktop.Programme3.lambda$run$0(Programme3.java:64)
	at com.rabbitmq.client.impl.recovery.AutorecoveringChannel$2.handleDelivery(AutorecoveringChannel.java:588)
	at com.rabbitmq.client.impl.ConsumerDispatcher$5.run(ConsumerDispatcher.java:149)
	at com.rabbitmq.client.impl.ConsumerWorkService$WorkPoolRunnable.run(ConsumerWorkService.java:111)
	at java.base/java.util.concurrent.ThreadPoolExecutor.runWorker(ThreadPoolExecutor.java:1136)
	at java.base/java.util.concurrent.ThreadPoolExecutor$Worker.run(ThreadPoolExecutor.java:635)
	at java.base/java.lang.Thread.run(Thread.java:842)
Caused by: java.net.ConnectException: null
	at java.net.http/jdk.internal.net.http.common.Utils.toConnectException(Utils.java:1055)
	at java.net.http/jdk.internal.net.http.PlainHttpConnection.connectAsync(PlainHttpConnection.java:198)
	at java.net.http/jdk.internal.net.http.PlainHttpConnection.checkRetryConnect(PlainHttpConnection.java:230)
	at java.net.http/jdk.internal.net.http.PlainHttpConnection.lambda$connectAsync$1(PlainHttpConnection.java:206)
	at java.base/java.util.concurrent.CompletableFuture.uniHandle(CompletableFuture.java:934)
	at java.base/java.util.concurrent.CompletableFuture$UniHandle.tryFire(CompletableFuture.java:911)
	at java.base/java.util.concurrent.CompletableFuture.postComplete(CompletableFuture.java:510)
	at java.base/java.util.concurrent.CompletableFuture$AsyncSupply.run(CompletableFuture.java:1773)
	... 3 common frames omitted
Caused by: java.nio.channels.ClosedChannelException: null
	at java.base/sun.nio.ch.SocketChannelImpl.ensureOpen(SocketChannelImpl.java:195)
	at java.base/sun.nio.ch.SocketChannelImpl.beginConnect(SocketChannelImpl.java:760)
	at java.base/sun.nio.ch.SocketChannelImpl.connect(SocketChannelImpl.java:848)
	at java.net.http/jdk.internal.net.http.PlainHttpConnection.lambda$connectAsync$0(PlainHttpConnection.java:183)
	at java.base/java.security.AccessController.doPrivileged(AccessController.java:569)
	at java.net.http/jdk.internal.net.http.PlainHttpConnection.connectAsync(PlainHttpConnection.java:185)
	... 9 common frames omitted
2026-06-23 09:50:14.576 [pool-1-thread-38] ERROR com.mp3.desktop.Programme3 - ECHEC definitif pour l'envoi de : ?Rotoroto. Le fichier NE SERA PAS supprime.
2026-06-23 09:50:14.577 [pool-1-thread-43] INFO  com.mp3.desktop.Programme3 - <- Metadata recu (P3) : ?Tongasoa
2026-06-23 09:50:14.579 [pool-1-thread-43] ERROR com.mp3.desktop.Programme3 - Erreur API - Tentative 1/2 pour ?Tongasoa
java.net.ConnectException: null
	at java.net.http/jdk.internal.net.http.HttpClientImpl.send(HttpClientImpl.java:573)
	at java.net.http/jdk.internal.net.http.HttpClientFacade.send(HttpClientFacade.java:123)
	at com.mp3.desktop.Programme3.verifierSiExiste(Programme3.java:132)
	at com.mp3.desktop.Programme3.traiterMetadata(Programme3.java:102)
	at com.mp3.desktop.Programme3.lambda$run$0(Programme3.java:64)
	at com.rabbitmq.client.impl.recovery.AutorecoveringChannel$2.handleDelivery(AutorecoveringChannel.java:588)
	at com.rabbitmq.client.impl.ConsumerDispatcher$5.run(ConsumerDispatcher.java:149)
	at com.rabbitmq.client.impl.ConsumerWorkService$WorkPoolRunnable.run(ConsumerWorkService.java:111)
	at java.base/java.util.concurrent.ThreadPoolExecutor.runWorker(ThreadPoolExecutor.java:1136)
	at java.base/java.util.concurrent.ThreadPoolExecutor$Worker.run(ThreadPoolExecutor.java:635)
	at java.base/java.lang.Thread.run(Thread.java:842)
Caused by: java.net.ConnectException: null
	at java.net.http/jdk.internal.net.http.common.Utils.toConnectException(Utils.java:1055)
	at java.net.http/jdk.internal.net.http.PlainHttpConnection.connectAsync(PlainHttpConnection.java:198)
	at java.net.http/jdk.internal.net.http.PlainHttpConnection.checkRetryConnect(PlainHttpConnection.java:230)
	at java.net.http/jdk.internal.net.http.PlainHttpConnection.lambda$connectAsync$1(PlainHttpConnection.java:206)
	at java.base/java.util.concurrent.CompletableFuture.uniHandle(CompletableFuture.java:934)
	at java.base/java.util.concurrent.CompletableFuture$UniHandle.tryFire(CompletableFuture.java:911)
	at java.base/java.util.concurrent.CompletableFuture.postComplete(CompletableFuture.java:510)
	at java.base/java.util.concurrent.CompletableFuture$AsyncSupply.run(CompletableFuture.java:1773)
	... 3 common frames omitted
Caused by: java.nio.channels.ClosedChannelException: null
	at java.base/sun.nio.ch.SocketChannelImpl.ensureOpen(SocketChannelImpl.java:195)
	at java.base/sun.nio.ch.SocketChannelImpl.beginConnect(SocketChannelImpl.java:760)
	at java.base/sun.nio.ch.SocketChannelImpl.connect(SocketChannelImpl.java:848)
	at java.net.http/jdk.internal.net.http.PlainHttpConnection.lambda$connectAsync$0(PlainHttpConnection.java:183)
	at java.base/java.security.AccessController.doPrivileged(AccessController.java:569)
	at java.net.http/jdk.internal.net.http.PlainHttpConnection.connectAsync(PlainHttpConnection.java:185)
	... 9 common frames omitted
2026-06-23 09:50:16.585 [pool-1-thread-43] ERROR com.mp3.desktop.Programme3 - Erreur API - Tentative 2/2 pour ?Tongasoa
java.net.ConnectException: null
	at java.net.http/jdk.internal.net.http.HttpClientImpl.send(HttpClientImpl.java:573)
	at java.net.http/jdk.internal.net.http.HttpClientFacade.send(HttpClientFacade.java:123)
	at com.mp3.desktop.Programme3.verifierSiExiste(Programme3.java:132)
	at com.mp3.desktop.Programme3.traiterMetadata(Programme3.java:102)
	at com.mp3.desktop.Programme3.lambda$run$0(Programme3.java:64)
	at com.rabbitmq.client.impl.recovery.AutorecoveringChannel$2.handleDelivery(AutorecoveringChannel.java:588)
	at com.rabbitmq.client.impl.ConsumerDispatcher$5.run(ConsumerDispatcher.java:149)
	at com.rabbitmq.client.impl.ConsumerWorkService$WorkPoolRunnable.run(ConsumerWorkService.java:111)
	at java.base/java.util.concurrent.ThreadPoolExecutor.runWorker(ThreadPoolExecutor.java:1136)
	at java.base/java.util.concurrent.ThreadPoolExecutor$Worker.run(ThreadPoolExecutor.java:635)
	at java.base/java.lang.Thread.run(Thread.java:842)
Caused by: java.net.ConnectException: null
	at java.net.http/jdk.internal.net.http.common.Utils.toConnectException(Utils.java:1055)
	at java.net.http/jdk.internal.net.http.PlainHttpConnection.connectAsync(PlainHttpConnection.java:198)
	at java.net.http/jdk.internal.net.http.PlainHttpConnection.checkRetryConnect(PlainHttpConnection.java:230)
	at java.net.http/jdk.internal.net.http.PlainHttpConnection.lambda$connectAsync$1(PlainHttpConnection.java:206)
	at java.base/java.util.concurrent.CompletableFuture.uniHandle(CompletableFuture.java:934)
	at java.base/java.util.concurrent.CompletableFuture$UniHandle.tryFire(CompletableFuture.java:911)
	at java.base/java.util.concurrent.CompletableFuture.postComplete(CompletableFuture.java:510)
	at java.base/java.util.concurrent.CompletableFuture$AsyncSupply.run(CompletableFuture.java:1773)
	... 3 common frames omitted
Caused by: java.nio.channels.ClosedChannelException: null
	at java.base/sun.nio.ch.SocketChannelImpl.ensureOpen(SocketChannelImpl.java:195)
	at java.base/sun.nio.ch.SocketChannelImpl.beginConnect(SocketChannelImpl.java:760)
	at java.base/sun.nio.ch.SocketChannelImpl.connect(SocketChannelImpl.java:848)
	at java.net.http/jdk.internal.net.http.PlainHttpConnection.lambda$connectAsync$0(PlainHttpConnection.java:183)
	at java.base/java.security.AccessController.doPrivileged(AccessController.java:569)
	at java.net.http/jdk.internal.net.http.PlainHttpConnection.connectAsync(PlainHttpConnection.java:185)
	... 9 common frames omitted
2026-06-23 09:50:16.586 [pool-1-thread-43] ERROR com.mp3.desktop.Programme3 - ECHEC definitif pour l'envoi de : ?Tongasoa. Le fichier NE SERA PAS supprime.
2026-06-23 09:50:16.586 [pool-1-thread-44] INFO  com.mp3.desktop.Programme3 - <- Metadata recu (P3) : ?Happier Than Ever
2026-06-23 09:50:16.587 [pool-1-thread-44] ERROR com.mp3.desktop.Programme3 - Erreur API - Tentative 1/2 pour ?Happier Than Ever
java.net.ConnectException: null
	at java.net.http/jdk.internal.net.http.HttpClientImpl.send(HttpClientImpl.java:573)
	at java.net.http/jdk.internal.net.http.HttpClientFacade.send(HttpClientFacade.java:123)
	at com.mp3.desktop.Programme3.verifierSiExiste(Programme3.java:132)
	at com.mp3.desktop.Programme3.traiterMetadata(Programme3.java:102)
	at com.mp3.desktop.Programme3.lambda$run$0(Programme3.java:64)
	at com.rabbitmq.client.impl.recovery.AutorecoveringChannel$2.handleDelivery(AutorecoveringChannel.java:588)
	at com.rabbitmq.client.impl.ConsumerDispatcher$5.run(ConsumerDispatcher.java:149)
	at com.rabbitmq.client.impl.ConsumerWorkService$WorkPoolRunnable.run(ConsumerWorkService.java:111)
	at java.base/java.util.concurrent.ThreadPoolExecutor.runWorker(ThreadPoolExecutor.java:1136)
	at java.base/java.util.concurrent.ThreadPoolExecutor$Worker.run(ThreadPoolExecutor.java:635)
	at java.base/java.lang.Thread.run(Thread.java:842)
Caused by: java.net.ConnectException: null
	at java.net.http/jdk.internal.net.http.common.Utils.toConnectException(Utils.java:1055)
	at java.net.http/jdk.internal.net.http.PlainHttpConnection.connectAsync(PlainHttpConnection.java:198)
	at java.net.http/jdk.internal.net.http.PlainHttpConnection.checkRetryConnect(PlainHttpConnection.java:230)
	at java.net.http/jdk.internal.net.http.PlainHttpConnection.lambda$connectAsync$1(PlainHttpConnection.java:206)
	at java.base/java.util.concurrent.CompletableFuture.uniHandle(CompletableFuture.java:934)
	at java.base/java.util.concurrent.CompletableFuture$UniHandle.tryFire(CompletableFuture.java:911)
	at java.base/java.util.concurrent.CompletableFuture.postComplete(CompletableFuture.java:510)
	at java.base/java.util.concurrent.CompletableFuture$AsyncSupply.run(CompletableFuture.java:1773)
	... 3 common frames omitted
Caused by: java.nio.channels.ClosedChannelException: null
	at java.base/sun.nio.ch.SocketChannelImpl.ensureOpen(SocketChannelImpl.java:195)
	at java.base/sun.nio.ch.SocketChannelImpl.beginConnect(SocketChannelImpl.java:760)
	at java.base/sun.nio.ch.SocketChannelImpl.connect(SocketChannelImpl.java:848)
	at java.net.http/jdk.internal.net.http.PlainHttpConnection.lambda$connectAsync$0(PlainHttpConnection.java:183)
	at java.base/java.security.AccessController.doPrivileged(AccessController.java:569)
	at java.net.http/jdk.internal.net.http.PlainHttpConnection.connectAsync(PlainHttpConnection.java:185)
	... 9 common frames omitted
2026-06-23 09:50:18.593 [pool-1-thread-44] ERROR com.mp3.desktop.Programme3 - Erreur API - Tentative 2/2 pour ?Happier Than Ever
java.net.ConnectException: null
	at java.net.http/jdk.internal.net.http.HttpClientImpl.send(HttpClientImpl.java:573)
	at java.net.http/jdk.internal.net.http.HttpClientFacade.send(HttpClientFacade.java:123)
	at com.mp3.desktop.Programme3.verifierSiExiste(Programme3.java:132)
	at com.mp3.desktop.Programme3.traiterMetadata(Programme3.java:102)
	at com.mp3.desktop.Programme3.lambda$run$0(Programme3.java:64)
	at com.rabbitmq.client.impl.recovery.AutorecoveringChannel$2.handleDelivery(AutorecoveringChannel.java:588)
	at com.rabbitmq.client.impl.ConsumerDispatcher$5.run(ConsumerDispatcher.java:149)
	at com.rabbitmq.client.impl.ConsumerWorkService$WorkPoolRunnable.run(ConsumerWorkService.java:111)
	at java.base/java.util.concurrent.ThreadPoolExecutor.runWorker(ThreadPoolExecutor.java:1136)
	at java.base/java.util.concurrent.ThreadPoolExecutor$Worker.run(ThreadPoolExecutor.java:635)
	at java.base/java.lang.Thread.run(Thread.java:842)
Caused by: java.net.ConnectException: null
	at java.net.http/jdk.internal.net.http.common.Utils.toConnectException(Utils.java:1055)
	at java.net.http/jdk.internal.net.http.PlainHttpConnection.connectAsync(PlainHttpConnection.java:198)
	at java.net.http/jdk.internal.net.http.PlainHttpConnection.checkRetryConnect(PlainHttpConnection.java:230)
	at java.net.http/jdk.internal.net.http.PlainHttpConnection.lambda$connectAsync$1(PlainHttpConnection.java:206)
	at java.base/java.util.concurrent.CompletableFuture.uniHandle(CompletableFuture.java:934)
	at java.base/java.util.concurrent.CompletableFuture$UniHandle.tryFire(CompletableFuture.java:911)
	at java.base/java.util.concurrent.CompletableFuture.postComplete(CompletableFuture.java:510)
	at java.base/java.util.concurrent.CompletableFuture$AsyncSupply.run(CompletableFuture.java:1773)
	... 3 common frames omitted
Caused by: java.nio.channels.ClosedChannelException: null
	at java.base/sun.nio.ch.SocketChannelImpl.ensureOpen(SocketChannelImpl.java:195)
	at java.base/sun.nio.ch.SocketChannelImpl.beginConnect(SocketChannelImpl.java:760)
	at java.base/sun.nio.ch.SocketChannelImpl.connect(SocketChannelImpl.java:848)
	at java.net.http/jdk.internal.net.http.PlainHttpConnection.lambda$connectAsync$0(PlainHttpConnection.java:183)
	at java.base/java.security.AccessController.doPrivileged(AccessController.java:569)
	at java.net.http/jdk.internal.net.http.PlainHttpConnection.connectAsync(PlainHttpConnection.java:185)
	... 9 common frames omitted
2026-06-23 09:50:18.598 [pool-1-thread-44] ERROR com.mp3.desktop.Programme3 - ECHEC definitif pour l'envoi de : ?Happier Than Ever. Le fichier NE SERA PAS supprime.
2026-06-23 09:50:18.598 [pool-1-thread-14] INFO  com.mp3.desktop.Programme3 - <- Metadata recu (P3) : ?HATRAIZA / AZA AVELA - REKO
2026-06-23 09:50:18.606 [pool-1-thread-14] ERROR com.mp3.desktop.Programme3 - Erreur API - Tentative 1/2 pour ?HATRAIZA / AZA AVELA - REKO
java.net.ConnectException: null
	at java.net.http/jdk.internal.net.http.HttpClientImpl.send(HttpClientImpl.java:573)
	at java.net.http/jdk.internal.net.http.HttpClientFacade.send(HttpClientFacade.java:123)
	at com.mp3.desktop.Programme3.verifierSiExiste(Programme3.java:132)
	at com.mp3.desktop.Programme3.traiterMetadata(Programme3.java:102)
	at com.mp3.desktop.Programme3.lambda$run$0(Programme3.java:64)
	at com.rabbitmq.client.impl.recovery.AutorecoveringChannel$2.handleDelivery(AutorecoveringChannel.java:588)
	at com.rabbitmq.client.impl.ConsumerDispatcher$5.run(ConsumerDispatcher.java:149)
	at com.rabbitmq.client.impl.ConsumerWorkService$WorkPoolRunnable.run(ConsumerWorkService.java:111)
	at java.base/java.util.concurrent.ThreadPoolExecutor.runWorker(ThreadPoolExecutor.java:1136)
	at java.base/java.util.concurrent.ThreadPoolExecutor$Worker.run(ThreadPoolExecutor.java:635)
	at java.base/java.lang.Thread.run(Thread.java:842)
Caused by: java.net.ConnectException: null
	at java.net.http/jdk.internal.net.http.common.Utils.toConnectException(Utils.java:1055)
	at java.net.http/jdk.internal.net.http.PlainHttpConnection.connectAsync(PlainHttpConnection.java:198)
	at java.net.http/jdk.internal.net.http.PlainHttpConnection.checkRetryConnect(PlainHttpConnection.java:230)
	at java.net.http/jdk.internal.net.http.PlainHttpConnection.lambda$connectAsync$1(PlainHttpConnection.java:206)
	at java.base/java.util.concurrent.CompletableFuture.uniHandle(CompletableFuture.java:934)
	at java.base/java.util.concurrent.CompletableFuture$UniHandle.tryFire(CompletableFuture.java:911)
	at java.base/java.util.concurrent.CompletableFuture.postComplete(CompletableFuture.java:510)
	at java.base/java.util.concurrent.CompletableFuture$AsyncSupply.run(CompletableFuture.java:1773)
	... 3 common frames omitted
Caused by: java.nio.channels.ClosedChannelException: null
	at java.base/sun.nio.ch.SocketChannelImpl.ensureOpen(SocketChannelImpl.java:195)
	at java.base/sun.nio.ch.SocketChannelImpl.beginConnect(SocketChannelImpl.java:760)
	at java.base/sun.nio.ch.SocketChannelImpl.connect(SocketChannelImpl.java:848)
	at java.net.http/jdk.internal.net.http.PlainHttpConnection.lambda$connectAsync$0(PlainHttpConnection.java:183)
	at java.base/java.security.AccessController.doPrivileged(AccessController.java:569)
	at java.net.http/jdk.internal.net.http.PlainHttpConnection.connectAsync(PlainHttpConnection.java:185)
	... 9 common frames omitted
2026-06-23 09:50:20.616 [pool-1-thread-14] ERROR com.mp3.desktop.Programme3 - Erreur API - Tentative 2/2 pour ?HATRAIZA / AZA AVELA - REKO
java.net.ConnectException: null
	at java.net.http/jdk.internal.net.http.HttpClientImpl.send(HttpClientImpl.java:573)
	at java.net.http/jdk.internal.net.http.HttpClientFacade.send(HttpClientFacade.java:123)
	at com.mp3.desktop.Programme3.verifierSiExiste(Programme3.java:132)
	at com.mp3.desktop.Programme3.traiterMetadata(Programme3.java:102)
	at com.mp3.desktop.Programme3.lambda$run$0(Programme3.java:64)
	at com.rabbitmq.client.impl.recovery.AutorecoveringChannel$2.handleDelivery(AutorecoveringChannel.java:588)
	at com.rabbitmq.client.impl.ConsumerDispatcher$5.run(ConsumerDispatcher.java:149)
	at com.rabbitmq.client.impl.ConsumerWorkService$WorkPoolRunnable.run(ConsumerWorkService.java:111)
	at java.base/java.util.concurrent.ThreadPoolExecutor.runWorker(ThreadPoolExecutor.java:1136)
	at java.base/java.util.concurrent.ThreadPoolExecutor$Worker.run(ThreadPoolExecutor.java:635)
	at java.base/java.lang.Thread.run(Thread.java:842)
Caused by: java.net.ConnectException: null
	at java.net.http/jdk.internal.net.http.common.Utils.toConnectException(Utils.java:1055)
	at java.net.http/jdk.internal.net.http.PlainHttpConnection.connectAsync(PlainHttpConnection.java:198)
	at java.net.http/jdk.internal.net.http.PlainHttpConnection.checkRetryConnect(PlainHttpConnection.java:230)
	at java.net.http/jdk.internal.net.http.PlainHttpConnection.lambda$connectAsync$1(PlainHttpConnection.java:206)
	at java.base/java.util.concurrent.CompletableFuture.uniHandle(CompletableFuture.java:934)
	at java.base/java.util.concurrent.CompletableFuture$UniHandle.tryFire(CompletableFuture.java:911)
	at java.base/java.util.concurrent.CompletableFuture.postComplete(CompletableFuture.java:510)
	at java.base/java.util.concurrent.CompletableFuture$AsyncSupply.run(CompletableFuture.java:1773)
	... 3 common frames omitted
Caused by: java.nio.channels.ClosedChannelException: null
	at java.base/sun.nio.ch.SocketChannelImpl.ensureOpen(SocketChannelImpl.java:195)
	at java.base/sun.nio.ch.SocketChannelImpl.beginConnect(SocketChannelImpl.java:760)
	at java.base/sun.nio.ch.SocketChannelImpl.connect(SocketChannelImpl.java:848)
	at java.net.http/jdk.internal.net.http.PlainHttpConnection.lambda$connectAsync$0(PlainHttpConnection.java:183)
	at java.base/java.security.AccessController.doPrivileged(AccessController.java:569)
	at java.net.http/jdk.internal.net.http.PlainHttpConnection.connectAsync(PlainHttpConnection.java:185)
	... 9 common frames omitted
2026-06-23 09:50:20.619 [pool-1-thread-14] ERROR com.mp3.desktop.Programme3 - ECHEC definitif pour l'envoi de : ?HATRAIZA / AZA AVELA - REKO. Le fichier NE SERA PAS supprime.
2026-06-23 09:50:20.619 [pool-1-thread-29] INFO  com.mp3.desktop.Programme3 - <- Metadata recu (P3) : ?Louane - Maman (2015) Official Music Video
2026-06-23 09:50:20.630 [pool-1-thread-29] ERROR com.mp3.desktop.Programme3 - Erreur API - Tentative 1/2 pour ?Louane - Maman (2015) Official Music Video
java.net.ConnectException: null
	at java.net.http/jdk.internal.net.http.HttpClientImpl.send(HttpClientImpl.java:573)
	at java.net.http/jdk.internal.net.http.HttpClientFacade.send(HttpClientFacade.java:123)
	at com.mp3.desktop.Programme3.verifierSiExiste(Programme3.java:132)
	at com.mp3.desktop.Programme3.traiterMetadata(Programme3.java:102)
	at com.mp3.desktop.Programme3.lambda$run$0(Programme3.java:64)
	at com.rabbitmq.client.impl.recovery.AutorecoveringChannel$2.handleDelivery(AutorecoveringChannel.java:588)
	at com.rabbitmq.client.impl.ConsumerDispatcher$5.run(ConsumerDispatcher.java:149)
	at com.rabbitmq.client.impl.ConsumerWorkService$WorkPoolRunnable.run(ConsumerWorkService.java:111)
	at java.base/java.util.concurrent.ThreadPoolExecutor.runWorker(ThreadPoolExecutor.java:1136)
	at java.base/java.util.concurrent.ThreadPoolExecutor$Worker.run(ThreadPoolExecutor.java:635)
	at java.base/java.lang.Thread.run(Thread.java:842)
Caused by: java.net.ConnectException: null
	at java.net.http/jdk.internal.net.http.common.Utils.toConnectException(Utils.java:1055)
	at java.net.http/jdk.internal.net.http.PlainHttpConnection.connectAsync(PlainHttpConnection.java:198)
	at java.net.http/jdk.internal.net.http.PlainHttpConnection.checkRetryConnect(PlainHttpConnection.java:230)
	at java.net.http/jdk.internal.net.http.PlainHttpConnection.lambda$connectAsync$1(PlainHttpConnection.java:206)
	at java.base/java.util.concurrent.CompletableFuture.uniHandle(CompletableFuture.java:934)
	at java.base/java.util.concurrent.CompletableFuture$UniHandle.tryFire(CompletableFuture.java:911)
	at java.base/java.util.concurrent.CompletableFuture.postComplete(CompletableFuture.java:510)
	at java.base/java.util.concurrent.CompletableFuture$AsyncSupply.run(CompletableFuture.java:1773)
	... 3 common frames omitted
Caused by: java.nio.channels.ClosedChannelException: null
	at java.base/sun.nio.ch.SocketChannelImpl.ensureOpen(SocketChannelImpl.java:195)
	at java.base/sun.nio.ch.SocketChannelImpl.beginConnect(SocketChannelImpl.java:760)
	at java.base/sun.nio.ch.SocketChannelImpl.connect(SocketChannelImpl.java:848)
	at java.net.http/jdk.internal.net.http.PlainHttpConnection.lambda$connectAsync$0(PlainHttpConnection.java:183)
	at java.base/java.security.AccessController.doPrivileged(AccessController.java:569)
	at java.net.http/jdk.internal.net.http.PlainHttpConnection.connectAsync(PlainHttpConnection.java:185)
	... 9 common frames omitted
2026-06-23 09:50:22.647 [pool-1-thread-29] ERROR com.mp3.desktop.Programme3 - Erreur API - Tentative 2/2 pour ?Louane - Maman (2015) Official Music Video
java.net.ConnectException: null
	at java.net.http/jdk.internal.net.http.HttpClientImpl.send(HttpClientImpl.java:573)
	at java.net.http/jdk.internal.net.http.HttpClientFacade.send(HttpClientFacade.java:123)
	at com.mp3.desktop.Programme3.verifierSiExiste(Programme3.java:132)
	at com.mp3.desktop.Programme3.traiterMetadata(Programme3.java:102)
	at com.mp3.desktop.Programme3.lambda$run$0(Programme3.java:64)
	at com.rabbitmq.client.impl.recovery.AutorecoveringChannel$2.handleDelivery(AutorecoveringChannel.java:588)
	at com.rabbitmq.client.impl.ConsumerDispatcher$5.run(ConsumerDispatcher.java:149)
	at com.rabbitmq.client.impl.ConsumerWorkService$WorkPoolRunnable.run(ConsumerWorkService.java:111)
	at java.base/java.util.concurrent.ThreadPoolExecutor.runWorker(ThreadPoolExecutor.java:1136)
	at java.base/java.util.concurrent.ThreadPoolExecutor$Worker.run(ThreadPoolExecutor.java:635)
	at java.base/java.lang.Thread.run(Thread.java:842)
Caused by: java.net.ConnectException: null
	at java.net.http/jdk.internal.net.http.common.Utils.toConnectException(Utils.java:1055)
	at java.net.http/jdk.internal.net.http.PlainHttpConnection.connectAsync(PlainHttpConnection.java:198)
	at java.net.http/jdk.internal.net.http.PlainHttpConnection.checkRetryConnect(PlainHttpConnection.java:230)
	at java.net.http/jdk.internal.net.http.PlainHttpConnection.lambda$connectAsync$1(PlainHttpConnection.java:206)
	at java.base/java.util.concurrent.CompletableFuture.uniHandle(CompletableFuture.java:934)
	at java.base/java.util.concurrent.CompletableFuture$UniHandle.tryFire(CompletableFuture.java:911)
	at java.base/java.util.concurrent.CompletableFuture.postComplete(CompletableFuture.java:510)
	at java.base/java.util.concurrent.CompletableFuture$AsyncSupply.run(CompletableFuture.java:1773)
	... 3 common frames omitted
Caused by: java.nio.channels.ClosedChannelException: null
	at java.base/sun.nio.ch.SocketChannelImpl.ensureOpen(SocketChannelImpl.java:195)
	at java.base/sun.nio.ch.SocketChannelImpl.beginConnect(SocketChannelImpl.java:760)
	at java.base/sun.nio.ch.SocketChannelImpl.connect(SocketChannelImpl.java:848)
	at java.net.http/jdk.internal.net.http.PlainHttpConnection.lambda$connectAsync$0(PlainHttpConnection.java:183)
	at java.base/java.security.AccessController.doPrivileged(AccessController.java:569)
	at java.net.http/jdk.internal.net.http.PlainHttpConnection.connectAsync(PlainHttpConnection.java:185)
	... 9 common frames omitted
2026-06-23 09:50:22.652 [pool-1-thread-29] ERROR com.mp3.desktop.Programme3 - ECHEC definitif pour l'envoi de : ?Louane - Maman (2015) Official Music Video. Le fichier NE SERA PAS supprime.
2026-06-23 09:50:22.654 [pool-1-thread-35] INFO  com.mp3.desktop.Programme3 - <- Metadata recu (P3) : Matsiro kosa ny nanaovan_i Fy Rasolofoniaina ny hiran_ny tarika _Zay teto.(480P_SD)
2026-06-23 09:50:22.660 [pool-1-thread-35] ERROR com.mp3.desktop.Programme3 - Erreur API - Tentative 1/2 pour Matsiro kosa ny nanaovan_i Fy Rasolofoniaina ny hiran_ny tarika _Zay teto.(480P_SD)
java.net.ConnectException: null
	at java.net.http/jdk.internal.net.http.HttpClientImpl.send(HttpClientImpl.java:573)
	at java.net.http/jdk.internal.net.http.HttpClientFacade.send(HttpClientFacade.java:123)
	at com.mp3.desktop.Programme3.verifierSiExiste(Programme3.java:132)
	at com.mp3.desktop.Programme3.traiterMetadata(Programme3.java:102)
	at com.mp3.desktop.Programme3.lambda$run$0(Programme3.java:64)
	at com.rabbitmq.client.impl.recovery.AutorecoveringChannel$2.handleDelivery(AutorecoveringChannel.java:588)
	at com.rabbitmq.client.impl.ConsumerDispatcher$5.run(ConsumerDispatcher.java:149)
	at com.rabbitmq.client.impl.ConsumerWorkService$WorkPoolRunnable.run(ConsumerWorkService.java:111)
	at java.base/java.util.concurrent.ThreadPoolExecutor.runWorker(ThreadPoolExecutor.java:1136)
	at java.base/java.util.concurrent.ThreadPoolExecutor$Worker.run(ThreadPoolExecutor.java:635)
	at java.base/java.lang.Thread.run(Thread.java:842)
Caused by: java.net.ConnectException: null
	at java.net.http/jdk.internal.net.http.common.Utils.toConnectException(Utils.java:1055)
	at java.net.http/jdk.internal.net.http.PlainHttpConnection.connectAsync(PlainHttpConnection.java:198)
	at java.net.http/jdk.internal.net.http.PlainHttpConnection.checkRetryConnect(PlainHttpConnection.java:230)
	at java.net.http/jdk.internal.net.http.PlainHttpConnection.lambda$connectAsync$1(PlainHttpConnection.java:206)
	at java.base/java.util.concurrent.CompletableFuture.uniHandle(CompletableFuture.java:934)
	at java.base/java.util.concurrent.CompletableFuture$UniHandle.tryFire(CompletableFuture.java:911)
	at java.base/java.util.concurrent.CompletableFuture.postComplete(CompletableFuture.java:510)
	at java.base/java.util.concurrent.CompletableFuture$AsyncSupply.run(CompletableFuture.java:1773)
	... 3 common frames omitted
Caused by: java.nio.channels.ClosedChannelException: null
	at java.base/sun.nio.ch.SocketChannelImpl.ensureOpen(SocketChannelImpl.java:195)
	at java.base/sun.nio.ch.SocketChannelImpl.beginConnect(SocketChannelImpl.java:760)
	at java.base/sun.nio.ch.SocketChannelImpl.connect(SocketChannelImpl.java:848)
	at java.net.http/jdk.internal.net.http.PlainHttpConnection.lambda$connectAsync$0(PlainHttpConnection.java:183)
	at java.base/java.security.AccessController.doPrivileged(AccessController.java:569)
	at java.net.http/jdk.internal.net.http.PlainHttpConnection.connectAsync(PlainHttpConnection.java:185)
	... 9 common frames omitted
2026-06-23 09:50:24.704 [pool-1-thread-35] ERROR com.mp3.desktop.Programme3 - Erreur API - Tentative 2/2 pour Matsiro kosa ny nanaovan_i Fy Rasolofoniaina ny hiran_ny tarika _Zay teto.(480P_SD)
java.net.ConnectException: null
	at java.net.http/jdk.internal.net.http.HttpClientImpl.send(HttpClientImpl.java:573)
	at java.net.http/jdk.internal.net.http.HttpClientFacade.send(HttpClientFacade.java:123)
	at com.mp3.desktop.Programme3.verifierSiExiste(Programme3.java:132)
	at com.mp3.desktop.Programme3.traiterMetadata(Programme3.java:102)
	at com.mp3.desktop.Programme3.lambda$run$0(Programme3.java:64)
	at com.rabbitmq.client.impl.recovery.AutorecoveringChannel$2.handleDelivery(AutorecoveringChannel.java:588)
	at com.rabbitmq.client.impl.ConsumerDispatcher$5.run(ConsumerDispatcher.java:149)
	at com.rabbitmq.client.impl.ConsumerWorkService$WorkPoolRunnable.run(ConsumerWorkService.java:111)
	at java.base/java.util.concurrent.ThreadPoolExecutor.runWorker(ThreadPoolExecutor.java:1136)
	at java.base/java.util.concurrent.ThreadPoolExecutor$Worker.run(ThreadPoolExecutor.java:635)
	at java.base/java.lang.Thread.run(Thread.java:842)
Caused by: java.net.ConnectException: null
	at java.net.http/jdk.internal.net.http.common.Utils.toConnectException(Utils.java:1055)
	at java.net.http/jdk.internal.net.http.PlainHttpConnection.connectAsync(PlainHttpConnection.java:198)
	at java.net.http/jdk.internal.net.http.PlainHttpConnection.checkRetryConnect(PlainHttpConnection.java:230)
	at java.net.http/jdk.internal.net.http.PlainHttpConnection.lambda$connectAsync$1(PlainHttpConnection.java:206)
	at java.base/java.util.concurrent.CompletableFuture.uniHandle(CompletableFuture.java:934)
	at java.base/java.util.concurrent.CompletableFuture$UniHandle.tryFire(CompletableFuture.java:911)
	at java.base/java.util.concurrent.CompletableFuture.postComplete(CompletableFuture.java:510)
	at java.base/java.util.concurrent.CompletableFuture$AsyncSupply.run(CompletableFuture.java:1773)
	... 3 common frames omitted
Caused by: java.nio.channels.ClosedChannelException: null
	at java.base/sun.nio.ch.SocketChannelImpl.ensureOpen(SocketChannelImpl.java:195)
	at java.base/sun.nio.ch.SocketChannelImpl.beginConnect(SocketChannelImpl.java:760)
	at java.base/sun.nio.ch.SocketChannelImpl.connect(SocketChannelImpl.java:848)
	at java.net.http/jdk.internal.net.http.PlainHttpConnection.lambda$connectAsync$0(PlainHttpConnection.java:183)
	at java.base/java.security.AccessController.doPrivileged(AccessController.java:569)
	at java.net.http/jdk.internal.net.http.PlainHttpConnection.connectAsync(PlainHttpConnection.java:185)
	... 9 common frames omitted
2026-06-23 09:50:24.729 [pool-1-thread-35] ERROR com.mp3.desktop.Programme3 - ECHEC definitif pour l'envoi de : Matsiro kosa ny nanaovan_i Fy Rasolofoniaina ny hiran_ny tarika _Zay teto.(480P_SD). Le fichier NE SERA PAS supprime.
2026-06-23 09:50:24.738 [pool-1-thread-36] INFO  com.mp3.desktop.Programme3 - <- Metadata recu (P3) : ?Misia
2026-06-23 09:50:24.763 [pool-1-thread-36] ERROR com.mp3.desktop.Programme3 - Erreur API - Tentative 1/2 pour ?Misia
java.net.ConnectException: null
	at java.net.http/jdk.internal.net.http.HttpClientImpl.send(HttpClientImpl.java:573)
	at java.net.http/jdk.internal.net.http.HttpClientFacade.send(HttpClientFacade.java:123)
	at com.mp3.desktop.Programme3.verifierSiExiste(Programme3.java:132)
	at com.mp3.desktop.Programme3.traiterMetadata(Programme3.java:102)
	at com.mp3.desktop.Programme3.lambda$run$0(Programme3.java:64)
	at com.rabbitmq.client.impl.recovery.AutorecoveringChannel$2.handleDelivery(AutorecoveringChannel.java:588)
	at com.rabbitmq.client.impl.ConsumerDispatcher$5.run(ConsumerDispatcher.java:149)
	at com.rabbitmq.client.impl.ConsumerWorkService$WorkPoolRunnable.run(ConsumerWorkService.java:111)
	at java.base/java.util.concurrent.ThreadPoolExecutor.runWorker(ThreadPoolExecutor.java:1136)
	at java.base/java.util.concurrent.ThreadPoolExecutor$Worker.run(ThreadPoolExecutor.java:635)
	at java.base/java.lang.Thread.run(Thread.java:842)
Caused by: java.net.ConnectException: null
	at java.net.http/jdk.internal.net.http.common.Utils.toConnectException(Utils.java:1055)
	at java.net.http/jdk.internal.net.http.PlainHttpConnection.connectAsync(PlainHttpConnection.java:198)
	at java.net.http/jdk.internal.net.http.PlainHttpConnection.checkRetryConnect(PlainHttpConnection.java:230)
	at java.net.http/jdk.internal.net.http.PlainHttpConnection.lambda$connectAsync$1(PlainHttpConnection.java:206)
	at java.base/java.util.concurrent.CompletableFuture.uniHandle(CompletableFuture.java:934)
	at java.base/java.util.concurrent.CompletableFuture$UniHandle.tryFire(CompletableFuture.java:911)
	at java.base/java.util.concurrent.CompletableFuture.postComplete(CompletableFuture.java:510)
	at java.base/java.util.concurrent.CompletableFuture$AsyncSupply.run(CompletableFuture.java:1773)
	... 3 common frames omitted
Caused by: java.nio.channels.ClosedChannelException: null
	at java.base/sun.nio.ch.SocketChannelImpl.ensureOpen(SocketChannelImpl.java:195)
	at java.base/sun.nio.ch.SocketChannelImpl.beginConnect(SocketChannelImpl.java:760)
	at java.base/sun.nio.ch.SocketChannelImpl.connect(SocketChannelImpl.java:848)
	at java.net.http/jdk.internal.net.http.PlainHttpConnection.lambda$connectAsync$0(PlainHttpConnection.java:183)
	at java.base/java.security.AccessController.doPrivileged(AccessController.java:569)
	at java.net.http/jdk.internal.net.http.PlainHttpConnection.connectAsync(PlainHttpConnection.java:185)
	... 9 common frames omitted
2026-06-23 09:50:26.776 [pool-1-thread-36] ERROR com.mp3.desktop.Programme3 - Erreur API - Tentative 2/2 pour ?Misia
java.net.ConnectException: null
	at java.net.http/jdk.internal.net.http.HttpClientImpl.send(HttpClientImpl.java:573)
	at java.net.http/jdk.internal.net.http.HttpClientFacade.send(HttpClientFacade.java:123)
	at com.mp3.desktop.Programme3.verifierSiExiste(Programme3.java:132)
	at com.mp3.desktop.Programme3.traiterMetadata(Programme3.java:102)
	at com.mp3.desktop.Programme3.lambda$run$0(Programme3.java:64)
	at com.rabbitmq.client.impl.recovery.AutorecoveringChannel$2.handleDelivery(AutorecoveringChannel.java:588)
	at com.rabbitmq.client.impl.ConsumerDispatcher$5.run(ConsumerDispatcher.java:149)
	at com.rabbitmq.client.impl.ConsumerWorkService$WorkPoolRunnable.run(ConsumerWorkService.java:111)
	at java.base/java.util.concurrent.ThreadPoolExecutor.runWorker(ThreadPoolExecutor.java:1136)
	at java.base/java.util.concurrent.ThreadPoolExecutor$Worker.run(ThreadPoolExecutor.java:635)
	at java.base/java.lang.Thread.run(Thread.java:842)
Caused by: java.net.ConnectException: null
	at java.net.http/jdk.internal.net.http.common.Utils.toConnectException(Utils.java:1055)
	at java.net.http/jdk.internal.net.http.PlainHttpConnection.connectAsync(PlainHttpConnection.java:198)
	at java.net.http/jdk.internal.net.http.PlainHttpConnection.checkRetryConnect(PlainHttpConnection.java:230)
	at java.net.http/jdk.internal.net.http.PlainHttpConnection.lambda$connectAsync$1(PlainHttpConnection.java:206)
	at java.base/java.util.concurrent.CompletableFuture.uniHandle(CompletableFuture.java:934)
	at java.base/java.util.concurrent.CompletableFuture$UniHandle.tryFire(CompletableFuture.java:911)
	at java.base/java.util.concurrent.CompletableFuture.postComplete(CompletableFuture.java:510)
	at java.base/java.util.concurrent.CompletableFuture$AsyncSupply.run(CompletableFuture.java:1773)
	... 3 common frames omitted
Caused by: java.nio.channels.ClosedChannelException: null
	at java.base/sun.nio.ch.SocketChannelImpl.ensureOpen(SocketChannelImpl.java:195)
	at java.base/sun.nio.ch.SocketChannelImpl.beginConnect(SocketChannelImpl.java:760)
	at java.base/sun.nio.ch.SocketChannelImpl.connect(SocketChannelImpl.java:848)
	at java.net.http/jdk.internal.net.http.PlainHttpConnection.lambda$connectAsync$0(PlainHttpConnection.java:183)
	at java.base/java.security.AccessController.doPrivileged(AccessController.java:569)
	at java.net.http/jdk.internal.net.http.PlainHttpConnection.connectAsync(PlainHttpConnection.java:185)
	... 9 common frames omitted
2026-06-23 09:50:26.776 [pool-1-thread-36] ERROR com.mp3.desktop.Programme3 - ECHEC definitif pour l'envoi de : ?Misia. Le fichier NE SERA PAS supprime.
2026-06-23 09:50:26.776 [pool-1-thread-37] INFO  com.mp3.desktop.Programme3 - <- Metadata recu (P3) : ?MITONIA - REKO (Official lyrics video)
2026-06-23 09:50:26.781 [pool-1-thread-37] ERROR com.mp3.desktop.Programme3 - Erreur API - Tentative 1/2 pour ?MITONIA - REKO (Official lyrics video)
java.net.ConnectException: null
	at java.net.http/jdk.internal.net.http.HttpClientImpl.send(HttpClientImpl.java:573)
	at java.net.http/jdk.internal.net.http.HttpClientFacade.send(HttpClientFacade.java:123)
	at com.mp3.desktop.Programme3.verifierSiExiste(Programme3.java:132)
	at com.mp3.desktop.Programme3.traiterMetadata(Programme3.java:102)
	at com.mp3.desktop.Programme3.lambda$run$0(Programme3.java:64)
	at com.rabbitmq.client.impl.recovery.AutorecoveringChannel$2.handleDelivery(AutorecoveringChannel.java:588)
	at com.rabbitmq.client.impl.ConsumerDispatcher$5.run(ConsumerDispatcher.java:149)
	at com.rabbitmq.client.impl.ConsumerWorkService$WorkPoolRunnable.run(ConsumerWorkService.java:111)
	at java.base/java.util.concurrent.ThreadPoolExecutor.runWorker(ThreadPoolExecutor.java:1136)
	at java.base/java.util.concurrent.ThreadPoolExecutor$Worker.run(ThreadPoolExecutor.java:635)
	at java.base/java.lang.Thread.run(Thread.java:842)
Caused by: java.net.ConnectException: null
	at java.net.http/jdk.internal.net.http.common.Utils.toConnectException(Utils.java:1055)
	at java.net.http/jdk.internal.net.http.PlainHttpConnection.connectAsync(PlainHttpConnection.java:198)
	at java.net.http/jdk.internal.net.http.PlainHttpConnection.checkRetryConnect(PlainHttpConnection.java:230)
	at java.net.http/jdk.internal.net.http.PlainHttpConnection.lambda$connectAsync$1(PlainHttpConnection.java:206)
	at java.base/java.util.concurrent.CompletableFuture.uniHandle(CompletableFuture.java:934)
	at java.base/java.util.concurrent.CompletableFuture$UniHandle.tryFire(CompletableFuture.java:911)
	at java.base/java.util.concurrent.CompletableFuture.postComplete(CompletableFuture.java:510)
	at java.base/java.util.concurrent.CompletableFuture$AsyncSupply.run(CompletableFuture.java:1773)
	... 3 common frames omitted
Caused by: java.nio.channels.ClosedChannelException: null
	at java.base/sun.nio.ch.SocketChannelImpl.ensureOpen(SocketChannelImpl.java:195)
	at java.base/sun.nio.ch.SocketChannelImpl.beginConnect(SocketChannelImpl.java:760)
	at java.base/sun.nio.ch.SocketChannelImpl.connect(SocketChannelImpl.java:848)
	at java.net.http/jdk.internal.net.http.PlainHttpConnection.lambda$connectAsync$0(PlainHttpConnection.java:183)
	at java.base/java.security.AccessController.doPrivileged(AccessController.java:569)
	at java.net.http/jdk.internal.net.http.PlainHttpConnection.connectAsync(PlainHttpConnection.java:185)
	... 9 common frames omitted
2026-06-23 09:50:28.793 [pool-1-thread-37] ERROR com.mp3.desktop.Programme3 - Erreur API - Tentative 2/2 pour ?MITONIA - REKO (Official lyrics video)
java.net.ConnectException: null
	at java.net.http/jdk.internal.net.http.HttpClientImpl.send(HttpClientImpl.java:573)
	at java.net.http/jdk.internal.net.http.HttpClientFacade.send(HttpClientFacade.java:123)
	at com.mp3.desktop.Programme3.verifierSiExiste(Programme3.java:132)
	at com.mp3.desktop.Programme3.traiterMetadata(Programme3.java:102)
	at com.mp3.desktop.Programme3.lambda$run$0(Programme3.java:64)
	at com.rabbitmq.client.impl.recovery.AutorecoveringChannel$2.handleDelivery(AutorecoveringChannel.java:588)
	at com.rabbitmq.client.impl.ConsumerDispatcher$5.run(ConsumerDispatcher.java:149)
	at com.rabbitmq.client.impl.ConsumerWorkService$WorkPoolRunnable.run(ConsumerWorkService.java:111)
	at java.base/java.util.concurrent.ThreadPoolExecutor.runWorker(ThreadPoolExecutor.java:1136)
	at java.base/java.util.concurrent.ThreadPoolExecutor$Worker.run(ThreadPoolExecutor.java:635)
	at java.base/java.lang.Thread.run(Thread.java:842)
Caused by: java.net.ConnectException: null
	at java.net.http/jdk.internal.net.http.common.Utils.toConnectException(Utils.java:1055)
	at java.net.http/jdk.internal.net.http.PlainHttpConnection.connectAsync(PlainHttpConnection.java:198)
	at java.net.http/jdk.internal.net.http.PlainHttpConnection.checkRetryConnect(PlainHttpConnection.java:230)
	at java.net.http/jdk.internal.net.http.PlainHttpConnection.lambda$connectAsync$1(PlainHttpConnection.java:206)
	at java.base/java.util.concurrent.CompletableFuture.uniHandle(CompletableFuture.java:934)
	at java.base/java.util.concurrent.CompletableFuture$UniHandle.tryFire(CompletableFuture.java:911)
	at java.base/java.util.concurrent.CompletableFuture.postComplete(CompletableFuture.java:510)
	at java.base/java.util.concurrent.CompletableFuture$AsyncSupply.run(CompletableFuture.java:1773)
	... 3 common frames omitted
Caused by: java.nio.channels.ClosedChannelException: null
	at java.base/sun.nio.ch.SocketChannelImpl.ensureOpen(SocketChannelImpl.java:195)
	at java.base/sun.nio.ch.SocketChannelImpl.beginConnect(SocketChannelImpl.java:760)
	at java.base/sun.nio.ch.SocketChannelImpl.connect(SocketChannelImpl.java:848)
	at java.net.http/jdk.internal.net.http.PlainHttpConnection.lambda$connectAsync$0(PlainHttpConnection.java:183)
	at java.base/java.security.AccessController.doPrivileged(AccessController.java:569)
	at java.net.http/jdk.internal.net.http.PlainHttpConnection.connectAsync(PlainHttpConnection.java:185)
	... 9 common frames omitted
2026-06-23 09:50:28.795 [pool-1-thread-37] ERROR com.mp3.desktop.Programme3 - ECHEC definitif pour l'envoi de : ?MITONIA - REKO (Official lyrics video). Le fichier NE SERA PAS supprime.
2026-06-23 09:50:28.796 [pool-1-thread-38] INFO  com.mp3.desktop.Programme3 - <- Metadata recu (P3) : ?Ny Anaranao
2026-06-23 09:50:28.797 [pool-1-thread-38] ERROR com.mp3.desktop.Programme3 - Erreur API - Tentative 1/2 pour ?Ny Anaranao
java.net.ConnectException: null
	at java.net.http/jdk.internal.net.http.HttpClientImpl.send(HttpClientImpl.java:573)
	at java.net.http/jdk.internal.net.http.HttpClientFacade.send(HttpClientFacade.java:123)
	at com.mp3.desktop.Programme3.verifierSiExiste(Programme3.java:132)
	at com.mp3.desktop.Programme3.traiterMetadata(Programme3.java:102)
	at com.mp3.desktop.Programme3.lambda$run$0(Programme3.java:64)
	at com.rabbitmq.client.impl.recovery.AutorecoveringChannel$2.handleDelivery(AutorecoveringChannel.java:588)
	at com.rabbitmq.client.impl.ConsumerDispatcher$5.run(ConsumerDispatcher.java:149)
	at com.rabbitmq.client.impl.ConsumerWorkService$WorkPoolRunnable.run(ConsumerWorkService.java:111)
	at java.base/java.util.concurrent.ThreadPoolExecutor.runWorker(ThreadPoolExecutor.java:1136)
	at java.base/java.util.concurrent.ThreadPoolExecutor$Worker.run(ThreadPoolExecutor.java:635)
	at java.base/java.lang.Thread.run(Thread.java:842)
Caused by: java.net.ConnectException: null
	at java.net.http/jdk.internal.net.http.common.Utils.toConnectException(Utils.java:1055)
	at java.net.http/jdk.internal.net.http.PlainHttpConnection.connectAsync(PlainHttpConnection.java:198)
	at java.net.http/jdk.internal.net.http.PlainHttpConnection.checkRetryConnect(PlainHttpConnection.java:230)
	at java.net.http/jdk.internal.net.http.PlainHttpConnection.lambda$connectAsync$1(PlainHttpConnection.java:206)
	at java.base/java.util.concurrent.CompletableFuture.uniHandle(CompletableFuture.java:934)
	at java.base/java.util.concurrent.CompletableFuture$UniHandle.tryFire(CompletableFuture.java:911)
	at java.base/java.util.concurrent.CompletableFuture.postComplete(CompletableFuture.java:510)
	at java.base/java.util.concurrent.CompletableFuture$AsyncSupply.run(CompletableFuture.java:1773)
	... 3 common frames omitted
Caused by: java.nio.channels.ClosedChannelException: null
	at java.base/sun.nio.ch.SocketChannelImpl.ensureOpen(SocketChannelImpl.java:195)
	at java.base/sun.nio.ch.SocketChannelImpl.beginConnect(SocketChannelImpl.java:760)
	at java.base/sun.nio.ch.SocketChannelImpl.connect(SocketChannelImpl.java:848)
	at java.net.http/jdk.internal.net.http.PlainHttpConnection.lambda$connectAsync$0(PlainHttpConnection.java:183)
	at java.base/java.security.AccessController.doPrivileged(AccessController.java:569)
	at java.net.http/jdk.internal.net.http.PlainHttpConnection.connectAsync(PlainHttpConnection.java:185)
	... 9 common frames omitted
2026-06-23 09:50:30.804 [pool-1-thread-38] ERROR com.mp3.desktop.Programme3 - Erreur API - Tentative 2/2 pour ?Ny Anaranao
java.net.ConnectException: null
	at java.net.http/jdk.internal.net.http.HttpClientImpl.send(HttpClientImpl.java:573)
	at java.net.http/jdk.internal.net.http.HttpClientFacade.send(HttpClientFacade.java:123)
	at com.mp3.desktop.Programme3.verifierSiExiste(Programme3.java:132)
	at com.mp3.desktop.Programme3.traiterMetadata(Programme3.java:102)
	at com.mp3.desktop.Programme3.lambda$run$0(Programme3.java:64)
	at com.rabbitmq.client.impl.recovery.AutorecoveringChannel$2.handleDelivery(AutorecoveringChannel.java:588)
	at com.rabbitmq.client.impl.ConsumerDispatcher$5.run(ConsumerDispatcher.java:149)
	at com.rabbitmq.client.impl.ConsumerWorkService$WorkPoolRunnable.run(ConsumerWorkService.java:111)
	at java.base/java.util.concurrent.ThreadPoolExecutor.runWorker(ThreadPoolExecutor.java:1136)
	at java.base/java.util.concurrent.ThreadPoolExecutor$Worker.run(ThreadPoolExecutor.java:635)
	at java.base/java.lang.Thread.run(Thread.java:842)
Caused by: java.net.ConnectException: null
	at java.net.http/jdk.internal.net.http.common.Utils.toConnectException(Utils.java:1055)
	at java.net.http/jdk.internal.net.http.PlainHttpConnection.connectAsync(PlainHttpConnection.java:198)
	at java.net.http/jdk.internal.net.http.PlainHttpConnection.checkRetryConnect(PlainHttpConnection.java:230)
	at java.net.http/jdk.internal.net.http.PlainHttpConnection.lambda$connectAsync$1(PlainHttpConnection.java:206)
	at java.base/java.util.concurrent.CompletableFuture.uniHandle(CompletableFuture.java:934)
	at java.base/java.util.concurrent.CompletableFuture$UniHandle.tryFire(CompletableFuture.java:911)
	at java.base/java.util.concurrent.CompletableFuture.postComplete(CompletableFuture.java:510)
	at java.base/java.util.concurrent.CompletableFuture$AsyncSupply.run(CompletableFuture.java:1773)
	... 3 common frames omitted
Caused by: java.nio.channels.ClosedChannelException: null
	at java.base/sun.nio.ch.SocketChannelImpl.ensureOpen(SocketChannelImpl.java:195)
	at java.base/sun.nio.ch.SocketChannelImpl.beginConnect(SocketChannelImpl.java:760)
	at java.base/sun.nio.ch.SocketChannelImpl.connect(SocketChannelImpl.java:848)
	at java.net.http/jdk.internal.net.http.PlainHttpConnection.lambda$connectAsync$0(PlainHttpConnection.java:183)
	at java.base/java.security.AccessController.doPrivileged(AccessController.java:569)
	at java.net.http/jdk.internal.net.http.PlainHttpConnection.connectAsync(PlainHttpConnection.java:185)
	... 9 common frames omitted
2026-06-23 09:50:30.807 [pool-1-thread-38] ERROR com.mp3.desktop.Programme3 - ECHEC definitif pour l'envoi de : ?Ny Anaranao. Le fichier NE SERA PAS supprime.
2026-06-23 09:50:30.808 [pool-1-thread-43] INFO  com.mp3.desktop.Programme3 - <- Metadata recu (P3) : ?Rotoroto
2026-06-23 09:50:30.809 [pool-1-thread-43] ERROR com.mp3.desktop.Programme3 - Erreur API - Tentative 1/2 pour ?Rotoroto
java.net.ConnectException: null
	at java.net.http/jdk.internal.net.http.HttpClientImpl.send(HttpClientImpl.java:573)
	at java.net.http/jdk.internal.net.http.HttpClientFacade.send(HttpClientFacade.java:123)
	at com.mp3.desktop.Programme3.verifierSiExiste(Programme3.java:132)
	at com.mp3.desktop.Programme3.traiterMetadata(Programme3.java:102)
	at com.mp3.desktop.Programme3.lambda$run$0(Programme3.java:64)
	at com.rabbitmq.client.impl.recovery.AutorecoveringChannel$2.handleDelivery(AutorecoveringChannel.java:588)
	at com.rabbitmq.client.impl.ConsumerDispatcher$5.run(ConsumerDispatcher.java:149)
	at com.rabbitmq.client.impl.ConsumerWorkService$WorkPoolRunnable.run(ConsumerWorkService.java:111)
	at java.base/java.util.concurrent.ThreadPoolExecutor.runWorker(ThreadPoolExecutor.java:1136)
	at java.base/java.util.concurrent.ThreadPoolExecutor$Worker.run(ThreadPoolExecutor.java:635)
	at java.base/java.lang.Thread.run(Thread.java:842)
Caused by: java.net.ConnectException: null
	at java.net.http/jdk.internal.net.http.common.Utils.toConnectException(Utils.java:1055)
	at java.net.http/jdk.internal.net.http.PlainHttpConnection.connectAsync(PlainHttpConnection.java:198)
	at java.net.http/jdk.internal.net.http.PlainHttpConnection.checkRetryConnect(PlainHttpConnection.java:230)
	at java.net.http/jdk.internal.net.http.PlainHttpConnection.lambda$connectAsync$1(PlainHttpConnection.java:206)
	at java.base/java.util.concurrent.CompletableFuture.uniHandle(CompletableFuture.java:934)
	at java.base/java.util.concurrent.CompletableFuture$UniHandle.tryFire(CompletableFuture.java:911)
	at java.base/java.util.concurrent.CompletableFuture.postComplete(CompletableFuture.java:510)
	at java.base/java.util.concurrent.CompletableFuture$AsyncSupply.run(CompletableFuture.java:1773)
	... 3 common frames omitted
Caused by: java.nio.channels.ClosedChannelException: null
	at java.base/sun.nio.ch.SocketChannelImpl.ensureOpen(SocketChannelImpl.java:195)
	at java.base/sun.nio.ch.SocketChannelImpl.beginConnect(SocketChannelImpl.java:760)
	at java.base/sun.nio.ch.SocketChannelImpl.connect(SocketChannelImpl.java:848)
	at java.net.http/jdk.internal.net.http.PlainHttpConnection.lambda$connectAsync$0(PlainHttpConnection.java:183)
	at java.base/java.security.AccessController.doPrivileged(AccessController.java:569)
	at java.net.http/jdk.internal.net.http.PlainHttpConnection.connectAsync(PlainHttpConnection.java:185)
	... 9 common frames omitted
2026-06-23 09:50:32.813 [pool-1-thread-43] ERROR com.mp3.desktop.Programme3 - Erreur API - Tentative 2/2 pour ?Rotoroto
java.net.ConnectException: null
	at java.net.http/jdk.internal.net.http.HttpClientImpl.send(HttpClientImpl.java:573)
	at java.net.http/jdk.internal.net.http.HttpClientFacade.send(HttpClientFacade.java:123)
	at com.mp3.desktop.Programme3.verifierSiExiste(Programme3.java:132)
	at com.mp3.desktop.Programme3.traiterMetadata(Programme3.java:102)
	at com.mp3.desktop.Programme3.lambda$run$0(Programme3.java:64)
	at com.rabbitmq.client.impl.recovery.AutorecoveringChannel$2.handleDelivery(AutorecoveringChannel.java:588)
	at com.rabbitmq.client.impl.ConsumerDispatcher$5.run(ConsumerDispatcher.java:149)
	at com.rabbitmq.client.impl.ConsumerWorkService$WorkPoolRunnable.run(ConsumerWorkService.java:111)
	at java.base/java.util.concurrent.ThreadPoolExecutor.runWorker(ThreadPoolExecutor.java:1136)
	at java.base/java.util.concurrent.ThreadPoolExecutor$Worker.run(ThreadPoolExecutor.java:635)
	at java.base/java.lang.Thread.run(Thread.java:842)
Caused by: java.net.ConnectException: null
	at java.net.http/jdk.internal.net.http.common.Utils.toConnectException(Utils.java:1055)
	at java.net.http/jdk.internal.net.http.PlainHttpConnection.connectAsync(PlainHttpConnection.java:198)
	at java.net.http/jdk.internal.net.http.PlainHttpConnection.checkRetryConnect(PlainHttpConnection.java:230)
	at java.net.http/jdk.internal.net.http.PlainHttpConnection.lambda$connectAsync$1(PlainHttpConnection.java:206)
	at java.base/java.util.concurrent.CompletableFuture.uniHandle(CompletableFuture.java:934)
	at java.base/java.util.concurrent.CompletableFuture$UniHandle.tryFire(CompletableFuture.java:911)
	at java.base/java.util.concurrent.CompletableFuture.postComplete(CompletableFuture.java:510)
	at java.base/java.util.concurrent.CompletableFuture$AsyncSupply.run(CompletableFuture.java:1773)
	... 3 common frames omitted
Caused by: java.nio.channels.ClosedChannelException: null
	at java.base/sun.nio.ch.SocketChannelImpl.ensureOpen(SocketChannelImpl.java:195)
	at java.base/sun.nio.ch.SocketChannelImpl.beginConnect(SocketChannelImpl.java:760)
	at java.base/sun.nio.ch.SocketChannelImpl.connect(SocketChannelImpl.java:848)
	at java.net.http/jdk.internal.net.http.PlainHttpConnection.lambda$connectAsync$0(PlainHttpConnection.java:183)
	at java.base/java.security.AccessController.doPrivileged(AccessController.java:569)
	at java.net.http/jdk.internal.net.http.PlainHttpConnection.connectAsync(PlainHttpConnection.java:185)
	... 9 common frames omitted
2026-06-23 09:50:32.815 [pool-1-thread-43] ERROR com.mp3.desktop.Programme3 - ECHEC definitif pour l'envoi de : ?Rotoroto. Le fichier NE SERA PAS supprime.
2026-06-23 09:50:32.815 [pool-1-thread-44] INFO  com.mp3.desktop.Programme3 - <- Metadata recu (P3) : ?Tongasoa
2026-06-23 09:50:32.819 [pool-1-thread-44] ERROR com.mp3.desktop.Programme3 - Erreur API - Tentative 1/2 pour ?Tongasoa
java.net.ConnectException: null
	at java.net.http/jdk.internal.net.http.HttpClientImpl.send(HttpClientImpl.java:573)
	at java.net.http/jdk.internal.net.http.HttpClientFacade.send(HttpClientFacade.java:123)
	at com.mp3.desktop.Programme3.verifierSiExiste(Programme3.java:132)
	at com.mp3.desktop.Programme3.traiterMetadata(Programme3.java:102)
	at com.mp3.desktop.Programme3.lambda$run$0(Programme3.java:64)
	at com.rabbitmq.client.impl.recovery.AutorecoveringChannel$2.handleDelivery(AutorecoveringChannel.java:588)
	at com.rabbitmq.client.impl.ConsumerDispatcher$5.run(ConsumerDispatcher.java:149)
	at com.rabbitmq.client.impl.ConsumerWorkService$WorkPoolRunnable.run(ConsumerWorkService.java:111)
	at java.base/java.util.concurrent.ThreadPoolExecutor.runWorker(ThreadPoolExecutor.java:1136)
	at java.base/java.util.concurrent.ThreadPoolExecutor$Worker.run(ThreadPoolExecutor.java:635)
	at java.base/java.lang.Thread.run(Thread.java:842)
Caused by: java.net.ConnectException: null
	at java.net.http/jdk.internal.net.http.common.Utils.toConnectException(Utils.java:1055)
	at java.net.http/jdk.internal.net.http.PlainHttpConnection.connectAsync(PlainHttpConnection.java:198)
	at java.net.http/jdk.internal.net.http.PlainHttpConnection.checkRetryConnect(PlainHttpConnection.java:230)
	at java.net.http/jdk.internal.net.http.PlainHttpConnection.lambda$connectAsync$1(PlainHttpConnection.java:206)
	at java.base/java.util.concurrent.CompletableFuture.uniHandle(CompletableFuture.java:934)
	at java.base/java.util.concurrent.CompletableFuture$UniHandle.tryFire(CompletableFuture.java:911)
	at java.base/java.util.concurrent.CompletableFuture.postComplete(CompletableFuture.java:510)
	at java.base/java.util.concurrent.CompletableFuture$AsyncSupply.run(CompletableFuture.java:1773)
	... 3 common frames omitted
Caused by: java.nio.channels.ClosedChannelException: null
	at java.base/sun.nio.ch.SocketChannelImpl.ensureOpen(SocketChannelImpl.java:195)
	at java.base/sun.nio.ch.SocketChannelImpl.beginConnect(SocketChannelImpl.java:760)
	at java.base/sun.nio.ch.SocketChannelImpl.connect(SocketChannelImpl.java:848)
	at java.net.http/jdk.internal.net.http.PlainHttpConnection.lambda$connectAsync$0(PlainHttpConnection.java:183)
	at java.base/java.security.AccessController.doPrivileged(AccessController.java:569)
	at java.net.http/jdk.internal.net.http.PlainHttpConnection.connectAsync(PlainHttpConnection.java:185)
	... 9 common frames omitted
2026-06-23 09:50:34.826 [pool-1-thread-44] ERROR com.mp3.desktop.Programme3 - Erreur API - Tentative 2/2 pour ?Tongasoa
java.net.ConnectException: null
	at java.net.http/jdk.internal.net.http.HttpClientImpl.send(HttpClientImpl.java:573)
	at java.net.http/jdk.internal.net.http.HttpClientFacade.send(HttpClientFacade.java:123)
	at com.mp3.desktop.Programme3.verifierSiExiste(Programme3.java:132)
	at com.mp3.desktop.Programme3.traiterMetadata(Programme3.java:102)
	at com.mp3.desktop.Programme3.lambda$run$0(Programme3.java:64)
	at com.rabbitmq.client.impl.recovery.AutorecoveringChannel$2.handleDelivery(AutorecoveringChannel.java:588)
	at com.rabbitmq.client.impl.ConsumerDispatcher$5.run(ConsumerDispatcher.java:149)
	at com.rabbitmq.client.impl.ConsumerWorkService$WorkPoolRunnable.run(ConsumerWorkService.java:111)
	at java.base/java.util.concurrent.ThreadPoolExecutor.runWorker(ThreadPoolExecutor.java:1136)
	at java.base/java.util.concurrent.ThreadPoolExecutor$Worker.run(ThreadPoolExecutor.java:635)
	at java.base/java.lang.Thread.run(Thread.java:842)
Caused by: java.net.ConnectException: null
	at java.net.http/jdk.internal.net.http.common.Utils.toConnectException(Utils.java:1055)
	at java.net.http/jdk.internal.net.http.PlainHttpConnection.connectAsync(PlainHttpConnection.java:198)
	at java.net.http/jdk.internal.net.http.PlainHttpConnection.checkRetryConnect(PlainHttpConnection.java:230)
	at java.net.http/jdk.internal.net.http.PlainHttpConnection.lambda$connectAsync$1(PlainHttpConnection.java:206)
	at java.base/java.util.concurrent.CompletableFuture.uniHandle(CompletableFuture.java:934)
	at java.base/java.util.concurrent.CompletableFuture$UniHandle.tryFire(CompletableFuture.java:911)
	at java.base/java.util.concurrent.CompletableFuture.postComplete(CompletableFuture.java:510)
	at java.base/java.util.concurrent.CompletableFuture$AsyncSupply.run(CompletableFuture.java:1773)
	... 3 common frames omitted
Caused by: java.nio.channels.ClosedChannelException: null
	at java.base/sun.nio.ch.SocketChannelImpl.ensureOpen(SocketChannelImpl.java:195)
	at java.base/sun.nio.ch.SocketChannelImpl.beginConnect(SocketChannelImpl.java:760)
	at java.base/sun.nio.ch.SocketChannelImpl.connect(SocketChannelImpl.java:848)
	at java.net.http/jdk.internal.net.http.PlainHttpConnection.lambda$connectAsync$0(PlainHttpConnection.java:183)
	at java.base/java.security.AccessController.doPrivileged(AccessController.java:569)
	at java.net.http/jdk.internal.net.http.PlainHttpConnection.connectAsync(PlainHttpConnection.java:185)
	... 9 common frames omitted
2026-06-23 09:50:34.829 [pool-1-thread-44] ERROR com.mp3.desktop.Programme3 - ECHEC definitif pour l'envoi de : ?Tongasoa. Le fichier NE SERA PAS supprime.
2026-06-23 09:50:34.831 [pool-1-thread-14] INFO  com.mp3.desktop.Programme3 - <- Metadata recu (P3) : ?Happier Than Ever
2026-06-23 09:50:34.838 [pool-1-thread-14] ERROR com.mp3.desktop.Programme3 - Erreur API - Tentative 1/2 pour ?Happier Than Ever
java.net.ConnectException: null
	at java.net.http/jdk.internal.net.http.HttpClientImpl.send(HttpClientImpl.java:573)
	at java.net.http/jdk.internal.net.http.HttpClientFacade.send(HttpClientFacade.java:123)
	at com.mp3.desktop.Programme3.verifierSiExiste(Programme3.java:132)
	at com.mp3.desktop.Programme3.traiterMetadata(Programme3.java:102)
	at com.mp3.desktop.Programme3.lambda$run$0(Programme3.java:64)
	at com.rabbitmq.client.impl.recovery.AutorecoveringChannel$2.handleDelivery(AutorecoveringChannel.java:588)
	at com.rabbitmq.client.impl.ConsumerDispatcher$5.run(ConsumerDispatcher.java:149)
	at com.rabbitmq.client.impl.ConsumerWorkService$WorkPoolRunnable.run(ConsumerWorkService.java:111)
	at java.base/java.util.concurrent.ThreadPoolExecutor.runWorker(ThreadPoolExecutor.java:1136)
	at java.base/java.util.concurrent.ThreadPoolExecutor$Worker.run(ThreadPoolExecutor.java:635)
	at java.base/java.lang.Thread.run(Thread.java:842)
Caused by: java.net.ConnectException: null
	at java.net.http/jdk.internal.net.http.common.Utils.toConnectException(Utils.java:1055)
	at java.net.http/jdk.internal.net.http.PlainHttpConnection.connectAsync(PlainHttpConnection.java:198)
	at java.net.http/jdk.internal.net.http.PlainHttpConnection.checkRetryConnect(PlainHttpConnection.java:230)
	at java.net.http/jdk.internal.net.http.PlainHttpConnection.lambda$connectAsync$1(PlainHttpConnection.java:206)
	at java.base/java.util.concurrent.CompletableFuture.uniHandle(CompletableFuture.java:934)
	at java.base/java.util.concurrent.CompletableFuture$UniHandle.tryFire(CompletableFuture.java:911)
	at java.base/java.util.concurrent.CompletableFuture.postComplete(CompletableFuture.java:510)
	at java.base/java.util.concurrent.CompletableFuture$AsyncSupply.run(CompletableFuture.java:1773)
	... 3 common frames omitted
Caused by: java.nio.channels.ClosedChannelException: null
	at java.base/sun.nio.ch.SocketChannelImpl.ensureOpen(SocketChannelImpl.java:195)
	at java.base/sun.nio.ch.SocketChannelImpl.beginConnect(SocketChannelImpl.java:760)
	at java.base/sun.nio.ch.SocketChannelImpl.connect(SocketChannelImpl.java:848)
	at java.net.http/jdk.internal.net.http.PlainHttpConnection.lambda$connectAsync$0(PlainHttpConnection.java:183)
	at java.base/java.security.AccessController.doPrivileged(AccessController.java:569)
	at java.net.http/jdk.internal.net.http.PlainHttpConnection.connectAsync(PlainHttpConnection.java:185)
	... 9 common frames omitted
2026-06-23 09:50:36.860 [pool-1-thread-14] ERROR com.mp3.desktop.Programme3 - Erreur API - Tentative 2/2 pour ?Happier Than Ever
java.net.ConnectException: null
	at java.net.http/jdk.internal.net.http.HttpClientImpl.send(HttpClientImpl.java:573)
	at java.net.http/jdk.internal.net.http.HttpClientFacade.send(HttpClientFacade.java:123)
	at com.mp3.desktop.Programme3.verifierSiExiste(Programme3.java:132)
	at com.mp3.desktop.Programme3.traiterMetadata(Programme3.java:102)
	at com.mp3.desktop.Programme3.lambda$run$0(Programme3.java:64)
	at com.rabbitmq.client.impl.recovery.AutorecoveringChannel$2.handleDelivery(AutorecoveringChannel.java:588)
	at com.rabbitmq.client.impl.ConsumerDispatcher$5.run(ConsumerDispatcher.java:149)
	at com.rabbitmq.client.impl.ConsumerWorkService$WorkPoolRunnable.run(ConsumerWorkService.java:111)
	at java.base/java.util.concurrent.ThreadPoolExecutor.runWorker(ThreadPoolExecutor.java:1136)
	at java.base/java.util.concurrent.ThreadPoolExecutor$Worker.run(ThreadPoolExecutor.java:635)
	at java.base/java.lang.Thread.run(Thread.java:842)
Caused by: java.net.ConnectException: null
	at java.net.http/jdk.internal.net.http.common.Utils.toConnectException(Utils.java:1055)
	at java.net.http/jdk.internal.net.http.PlainHttpConnection.connectAsync(PlainHttpConnection.java:198)
	at java.net.http/jdk.internal.net.http.PlainHttpConnection.checkRetryConnect(PlainHttpConnection.java:230)
	at java.net.http/jdk.internal.net.http.PlainHttpConnection.lambda$connectAsync$1(PlainHttpConnection.java:206)
	at java.base/java.util.concurrent.CompletableFuture.uniHandle(CompletableFuture.java:934)
	at java.base/java.util.concurrent.CompletableFuture$UniHandle.tryFire(CompletableFuture.java:911)
	at java.base/java.util.concurrent.CompletableFuture.postComplete(CompletableFuture.java:510)
	at java.base/java.util.concurrent.CompletableFuture$AsyncSupply.run(CompletableFuture.java:1773)
	... 3 common frames omitted
Caused by: java.nio.channels.ClosedChannelException: null
	at java.base/sun.nio.ch.SocketChannelImpl.ensureOpen(SocketChannelImpl.java:195)
	at java.base/sun.nio.ch.SocketChannelImpl.beginConnect(SocketChannelImpl.java:760)
	at java.base/sun.nio.ch.SocketChannelImpl.connect(SocketChannelImpl.java:848)
	at java.net.http/jdk.internal.net.http.PlainHttpConnection.lambda$connectAsync$0(PlainHttpConnection.java:183)
	at java.base/java.security.AccessController.doPrivileged(AccessController.java:569)
	at java.net.http/jdk.internal.net.http.PlainHttpConnection.connectAsync(PlainHttpConnection.java:185)
	... 9 common frames omitted
2026-06-23 09:50:36.860 [pool-1-thread-14] ERROR com.mp3.desktop.Programme3 - ECHEC definitif pour l'envoi de : ?Happier Than Ever. Le fichier NE SERA PAS supprime.
2026-06-23 09:50:36.860 [pool-1-thread-29] INFO  com.mp3.desktop.Programme3 - <- Metadata recu (P3) : ?HATRAIZA / AZA AVELA - REKO
2026-06-23 09:50:36.871 [pool-1-thread-29] ERROR com.mp3.desktop.Programme3 - Erreur API - Tentative 1/2 pour ?HATRAIZA / AZA AVELA - REKO
java.net.ConnectException: null
	at java.net.http/jdk.internal.net.http.HttpClientImpl.send(HttpClientImpl.java:573)
	at java.net.http/jdk.internal.net.http.HttpClientFacade.send(HttpClientFacade.java:123)
	at com.mp3.desktop.Programme3.verifierSiExiste(Programme3.java:132)
	at com.mp3.desktop.Programme3.traiterMetadata(Programme3.java:102)
	at com.mp3.desktop.Programme3.lambda$run$0(Programme3.java:64)
	at com.rabbitmq.client.impl.recovery.AutorecoveringChannel$2.handleDelivery(AutorecoveringChannel.java:588)
	at com.rabbitmq.client.impl.ConsumerDispatcher$5.run(ConsumerDispatcher.java:149)
	at com.rabbitmq.client.impl.ConsumerWorkService$WorkPoolRunnable.run(ConsumerWorkService.java:111)
	at java.base/java.util.concurrent.ThreadPoolExecutor.runWorker(ThreadPoolExecutor.java:1136)
	at java.base/java.util.concurrent.ThreadPoolExecutor$Worker.run(ThreadPoolExecutor.java:635)
	at java.base/java.lang.Thread.run(Thread.java:842)
Caused by: java.net.ConnectException: null
	at java.net.http/jdk.internal.net.http.common.Utils.toConnectException(Utils.java:1055)
	at java.net.http/jdk.internal.net.http.PlainHttpConnection.connectAsync(PlainHttpConnection.java:198)
	at java.net.http/jdk.internal.net.http.PlainHttpConnection.checkRetryConnect(PlainHttpConnection.java:230)
	at java.net.http/jdk.internal.net.http.PlainHttpConnection.lambda$connectAsync$1(PlainHttpConnection.java:206)
	at java.base/java.util.concurrent.CompletableFuture.uniHandle(CompletableFuture.java:934)
	at java.base/java.util.concurrent.CompletableFuture$UniHandle.tryFire(CompletableFuture.java:911)
	at java.base/java.util.concurrent.CompletableFuture.postComplete(CompletableFuture.java:510)
	at java.base/java.util.concurrent.CompletableFuture$AsyncSupply.run(CompletableFuture.java:1773)
	... 3 common frames omitted
Caused by: java.nio.channels.ClosedChannelException: null
	at java.base/sun.nio.ch.SocketChannelImpl.ensureOpen(SocketChannelImpl.java:195)
	at java.base/sun.nio.ch.SocketChannelImpl.beginConnect(SocketChannelImpl.java:760)
	at java.base/sun.nio.ch.SocketChannelImpl.connect(SocketChannelImpl.java:848)
	at java.net.http/jdk.internal.net.http.PlainHttpConnection.lambda$connectAsync$0(PlainHttpConnection.java:183)
	at java.base/java.security.AccessController.doPrivileged(AccessController.java:569)
	at java.net.http/jdk.internal.net.http.PlainHttpConnection.connectAsync(PlainHttpConnection.java:185)
	... 9 common frames omitted
2026-06-23 09:50:38.887 [pool-1-thread-29] ERROR com.mp3.desktop.Programme3 - Erreur API - Tentative 2/2 pour ?HATRAIZA / AZA AVELA - REKO
java.net.ConnectException: null
	at java.net.http/jdk.internal.net.http.HttpClientImpl.send(HttpClientImpl.java:573)
	at java.net.http/jdk.internal.net.http.HttpClientFacade.send(HttpClientFacade.java:123)
	at com.mp3.desktop.Programme3.verifierSiExiste(Programme3.java:132)
	at com.mp3.desktop.Programme3.traiterMetadata(Programme3.java:102)
	at com.mp3.desktop.Programme3.lambda$run$0(Programme3.java:64)
	at com.rabbitmq.client.impl.recovery.AutorecoveringChannel$2.handleDelivery(AutorecoveringChannel.java:588)
	at com.rabbitmq.client.impl.ConsumerDispatcher$5.run(ConsumerDispatcher.java:149)
	at com.rabbitmq.client.impl.ConsumerWorkService$WorkPoolRunnable.run(ConsumerWorkService.java:111)
	at java.base/java.util.concurrent.ThreadPoolExecutor.runWorker(ThreadPoolExecutor.java:1136)
	at java.base/java.util.concurrent.ThreadPoolExecutor$Worker.run(ThreadPoolExecutor.java:635)
	at java.base/java.lang.Thread.run(Thread.java:842)
Caused by: java.net.ConnectException: null
	at java.net.http/jdk.internal.net.http.common.Utils.toConnectException(Utils.java:1055)
	at java.net.http/jdk.internal.net.http.PlainHttpConnection.connectAsync(PlainHttpConnection.java:198)
	at java.net.http/jdk.internal.net.http.PlainHttpConnection.checkRetryConnect(PlainHttpConnection.java:230)
	at java.net.http/jdk.internal.net.http.PlainHttpConnection.lambda$connectAsync$1(PlainHttpConnection.java:206)
	at java.base/java.util.concurrent.CompletableFuture.uniHandle(CompletableFuture.java:934)
	at java.base/java.util.concurrent.CompletableFuture$UniHandle.tryFire(CompletableFuture.java:911)
	at java.base/java.util.concurrent.CompletableFuture.postComplete(CompletableFuture.java:510)
	at java.base/java.util.concurrent.CompletableFuture$AsyncSupply.run(CompletableFuture.java:1773)
	... 3 common frames omitted
Caused by: java.nio.channels.ClosedChannelException: null
	at java.base/sun.nio.ch.SocketChannelImpl.ensureOpen(SocketChannelImpl.java:195)
	at java.base/sun.nio.ch.SocketChannelImpl.beginConnect(SocketChannelImpl.java:760)
	at java.base/sun.nio.ch.SocketChannelImpl.connect(SocketChannelImpl.java:848)
	at java.net.http/jdk.internal.net.http.PlainHttpConnection.lambda$connectAsync$0(PlainHttpConnection.java:183)
	at java.base/java.security.AccessController.doPrivileged(AccessController.java:569)
	at java.net.http/jdk.internal.net.http.PlainHttpConnection.connectAsync(PlainHttpConnection.java:185)
	... 9 common frames omitted
2026-06-23 09:50:38.887 [pool-1-thread-29] ERROR com.mp3.desktop.Programme3 - ECHEC definitif pour l'envoi de : ?HATRAIZA / AZA AVELA - REKO. Le fichier NE SERA PAS supprime.
2026-06-23 09:50:38.887 [pool-1-thread-35] INFO  com.mp3.desktop.Programme3 - <- Metadata recu (P3) : ?Louane - Maman (2015) Official Music Video
2026-06-23 09:50:38.890 [pool-1-thread-35] ERROR com.mp3.desktop.Programme3 - Erreur API - Tentative 1/2 pour ?Louane - Maman (2015) Official Music Video
java.net.ConnectException: null
	at java.net.http/jdk.internal.net.http.HttpClientImpl.send(HttpClientImpl.java:573)
	at java.net.http/jdk.internal.net.http.HttpClientFacade.send(HttpClientFacade.java:123)
	at com.mp3.desktop.Programme3.verifierSiExiste(Programme3.java:132)
	at com.mp3.desktop.Programme3.traiterMetadata(Programme3.java:102)
	at com.mp3.desktop.Programme3.lambda$run$0(Programme3.java:64)
	at com.rabbitmq.client.impl.recovery.AutorecoveringChannel$2.handleDelivery(AutorecoveringChannel.java:588)
	at com.rabbitmq.client.impl.ConsumerDispatcher$5.run(ConsumerDispatcher.java:149)
	at com.rabbitmq.client.impl.ConsumerWorkService$WorkPoolRunnable.run(ConsumerWorkService.java:111)
	at java.base/java.util.concurrent.ThreadPoolExecutor.runWorker(ThreadPoolExecutor.java:1136)
	at java.base/java.util.concurrent.ThreadPoolExecutor$Worker.run(ThreadPoolExecutor.java:635)
	at java.base/java.lang.Thread.run(Thread.java:842)
Caused by: java.net.ConnectException: null
	at java.net.http/jdk.internal.net.http.common.Utils.toConnectException(Utils.java:1055)
	at java.net.http/jdk.internal.net.http.PlainHttpConnection.connectAsync(PlainHttpConnection.java:198)
	at java.net.http/jdk.internal.net.http.PlainHttpConnection.checkRetryConnect(PlainHttpConnection.java:230)
	at java.net.http/jdk.internal.net.http.PlainHttpConnection.lambda$connectAsync$1(PlainHttpConnection.java:206)
	at java.base/java.util.concurrent.CompletableFuture.uniHandle(CompletableFuture.java:934)
	at java.base/java.util.concurrent.CompletableFuture$UniHandle.tryFire(CompletableFuture.java:911)
	at java.base/java.util.concurrent.CompletableFuture.postComplete(CompletableFuture.java:510)
	at java.base/java.util.concurrent.CompletableFuture$AsyncSupply.run(CompletableFuture.java:1773)
	... 3 common frames omitted
Caused by: java.nio.channels.ClosedChannelException: null
	at java.base/sun.nio.ch.SocketChannelImpl.ensureOpen(SocketChannelImpl.java:195)
	at java.base/sun.nio.ch.SocketChannelImpl.beginConnect(SocketChannelImpl.java:760)
	at java.base/sun.nio.ch.SocketChannelImpl.connect(SocketChannelImpl.java:848)
	at java.net.http/jdk.internal.net.http.PlainHttpConnection.lambda$connectAsync$0(PlainHttpConnection.java:183)
	at java.base/java.security.AccessController.doPrivileged(AccessController.java:569)
	at java.net.http/jdk.internal.net.http.PlainHttpConnection.connectAsync(PlainHttpConnection.java:185)
	... 9 common frames omitted
2026-06-23 09:50:40.897 [pool-1-thread-35] ERROR com.mp3.desktop.Programme3 - Erreur API - Tentative 2/2 pour ?Louane - Maman (2015) Official Music Video
java.net.ConnectException: null
	at java.net.http/jdk.internal.net.http.HttpClientImpl.send(HttpClientImpl.java:573)
	at java.net.http/jdk.internal.net.http.HttpClientFacade.send(HttpClientFacade.java:123)
	at com.mp3.desktop.Programme3.verifierSiExiste(Programme3.java:132)
	at com.mp3.desktop.Programme3.traiterMetadata(Programme3.java:102)
	at com.mp3.desktop.Programme3.lambda$run$0(Programme3.java:64)
	at com.rabbitmq.client.impl.recovery.AutorecoveringChannel$2.handleDelivery(AutorecoveringChannel.java:588)
	at com.rabbitmq.client.impl.ConsumerDispatcher$5.run(ConsumerDispatcher.java:149)
	at com.rabbitmq.client.impl.ConsumerWorkService$WorkPoolRunnable.run(ConsumerWorkService.java:111)
	at java.base/java.util.concurrent.ThreadPoolExecutor.runWorker(ThreadPoolExecutor.java:1136)
	at java.base/java.util.concurrent.ThreadPoolExecutor$Worker.run(ThreadPoolExecutor.java:635)
	at java.base/java.lang.Thread.run(Thread.java:842)
Caused by: java.net.ConnectException: null
	at java.net.http/jdk.internal.net.http.common.Utils.toConnectException(Utils.java:1055)
	at java.net.http/jdk.internal.net.http.PlainHttpConnection.connectAsync(PlainHttpConnection.java:198)
	at java.net.http/jdk.internal.net.http.PlainHttpConnection.checkRetryConnect(PlainHttpConnection.java:230)
	at java.net.http/jdk.internal.net.http.PlainHttpConnection.lambda$connectAsync$1(PlainHttpConnection.java:206)
	at java.base/java.util.concurrent.CompletableFuture.uniHandle(CompletableFuture.java:934)
	at java.base/java.util.concurrent.CompletableFuture$UniHandle.tryFire(CompletableFuture.java:911)
	at java.base/java.util.concurrent.CompletableFuture.postComplete(CompletableFuture.java:510)
	at java.base/java.util.concurrent.CompletableFuture$AsyncSupply.run(CompletableFuture.java:1773)
	... 3 common frames omitted
Caused by: java.nio.channels.ClosedChannelException: null
	at java.base/sun.nio.ch.SocketChannelImpl.ensureOpen(SocketChannelImpl.java:195)
	at java.base/sun.nio.ch.SocketChannelImpl.beginConnect(SocketChannelImpl.java:760)
	at java.base/sun.nio.ch.SocketChannelImpl.connect(SocketChannelImpl.java:848)
	at java.net.http/jdk.internal.net.http.PlainHttpConnection.lambda$connectAsync$0(PlainHttpConnection.java:183)
	at java.base/java.security.AccessController.doPrivileged(AccessController.java:569)
	at java.net.http/jdk.internal.net.http.PlainHttpConnection.connectAsync(PlainHttpConnection.java:185)
	... 9 common frames omitted
2026-06-23 09:50:40.897 [pool-1-thread-35] ERROR com.mp3.desktop.Programme3 - ECHEC definitif pour l'envoi de : ?Louane - Maman (2015) Official Music Video. Le fichier NE SERA PAS supprime.
2026-06-23 09:50:40.897 [pool-1-thread-36] INFO  com.mp3.desktop.Programme3 - <- Metadata recu (P3) : Matsiro kosa ny nanaovan_i Fy Rasolofoniaina ny hiran_ny tarika _Zay teto.(480P_SD)
2026-06-23 09:50:40.902 [pool-1-thread-36] ERROR com.mp3.desktop.Programme3 - Erreur API - Tentative 1/2 pour Matsiro kosa ny nanaovan_i Fy Rasolofoniaina ny hiran_ny tarika _Zay teto.(480P_SD)
java.net.ConnectException: null
	at java.net.http/jdk.internal.net.http.HttpClientImpl.send(HttpClientImpl.java:573)
	at java.net.http/jdk.internal.net.http.HttpClientFacade.send(HttpClientFacade.java:123)
	at com.mp3.desktop.Programme3.verifierSiExiste(Programme3.java:132)
	at com.mp3.desktop.Programme3.traiterMetadata(Programme3.java:102)
	at com.mp3.desktop.Programme3.lambda$run$0(Programme3.java:64)
	at com.rabbitmq.client.impl.recovery.AutorecoveringChannel$2.handleDelivery(AutorecoveringChannel.java:588)
	at com.rabbitmq.client.impl.ConsumerDispatcher$5.run(ConsumerDispatcher.java:149)
	at com.rabbitmq.client.impl.ConsumerWorkService$WorkPoolRunnable.run(ConsumerWorkService.java:111)
	at java.base/java.util.concurrent.ThreadPoolExecutor.runWorker(ThreadPoolExecutor.java:1136)
	at java.base/java.util.concurrent.ThreadPoolExecutor$Worker.run(ThreadPoolExecutor.java:635)
	at java.base/java.lang.Thread.run(Thread.java:842)
Caused by: java.net.ConnectException: null
	at java.net.http/jdk.internal.net.http.common.Utils.toConnectException(Utils.java:1055)
	at java.net.http/jdk.internal.net.http.PlainHttpConnection.connectAsync(PlainHttpConnection.java:198)
	at java.net.http/jdk.internal.net.http.PlainHttpConnection.checkRetryConnect(PlainHttpConnection.java:230)
	at java.net.http/jdk.internal.net.http.PlainHttpConnection.lambda$connectAsync$1(PlainHttpConnection.java:206)
	at java.base/java.util.concurrent.CompletableFuture.uniHandle(CompletableFuture.java:934)
	at java.base/java.util.concurrent.CompletableFuture$UniHandle.tryFire(CompletableFuture.java:911)
	at java.base/java.util.concurrent.CompletableFuture.postComplete(CompletableFuture.java:510)
	at java.base/java.util.concurrent.CompletableFuture$AsyncSupply.run(CompletableFuture.java:1773)
	... 3 common frames omitted
Caused by: java.nio.channels.ClosedChannelException: null
	at java.base/sun.nio.ch.SocketChannelImpl.ensureOpen(SocketChannelImpl.java:195)
	at java.base/sun.nio.ch.SocketChannelImpl.beginConnect(SocketChannelImpl.java:760)
	at java.base/sun.nio.ch.SocketChannelImpl.connect(SocketChannelImpl.java:848)
	at java.net.http/jdk.internal.net.http.PlainHttpConnection.lambda$connectAsync$0(PlainHttpConnection.java:183)
	at java.base/java.security.AccessController.doPrivileged(AccessController.java:569)
	at java.net.http/jdk.internal.net.http.PlainHttpConnection.connectAsync(PlainHttpConnection.java:185)
	... 9 common frames omitted
2026-06-23 09:50:42.910 [pool-1-thread-36] ERROR com.mp3.desktop.Programme3 - Erreur API - Tentative 2/2 pour Matsiro kosa ny nanaovan_i Fy Rasolofoniaina ny hiran_ny tarika _Zay teto.(480P_SD)
java.net.ConnectException: null
	at java.net.http/jdk.internal.net.http.HttpClientImpl.send(HttpClientImpl.java:573)
	at java.net.http/jdk.internal.net.http.HttpClientFacade.send(HttpClientFacade.java:123)
	at com.mp3.desktop.Programme3.verifierSiExiste(Programme3.java:132)
	at com.mp3.desktop.Programme3.traiterMetadata(Programme3.java:102)
	at com.mp3.desktop.Programme3.lambda$run$0(Programme3.java:64)
	at com.rabbitmq.client.impl.recovery.AutorecoveringChannel$2.handleDelivery(AutorecoveringChannel.java:588)
	at com.rabbitmq.client.impl.ConsumerDispatcher$5.run(ConsumerDispatcher.java:149)
	at com.rabbitmq.client.impl.ConsumerWorkService$WorkPoolRunnable.run(ConsumerWorkService.java:111)
	at java.base/java.util.concurrent.ThreadPoolExecutor.runWorker(ThreadPoolExecutor.java:1136)
	at java.base/java.util.concurrent.ThreadPoolExecutor$Worker.run(ThreadPoolExecutor.java:635)
	at java.base/java.lang.Thread.run(Thread.java:842)
Caused by: java.net.ConnectException: null
	at java.net.http/jdk.internal.net.http.common.Utils.toConnectException(Utils.java:1055)
	at java.net.http/jdk.internal.net.http.PlainHttpConnection.connectAsync(PlainHttpConnection.java:198)
	at java.net.http/jdk.internal.net.http.PlainHttpConnection.checkRetryConnect(PlainHttpConnection.java:230)
	at java.net.http/jdk.internal.net.http.PlainHttpConnection.lambda$connectAsync$1(PlainHttpConnection.java:206)
	at java.base/java.util.concurrent.CompletableFuture.uniHandle(CompletableFuture.java:934)
	at java.base/java.util.concurrent.CompletableFuture$UniHandle.tryFire(CompletableFuture.java:911)
	at java.base/java.util.concurrent.CompletableFuture.postComplete(CompletableFuture.java:510)
	at java.base/java.util.concurrent.CompletableFuture$AsyncSupply.run(CompletableFuture.java:1773)
	... 3 common frames omitted
Caused by: java.nio.channels.ClosedChannelException: null
	at java.base/sun.nio.ch.SocketChannelImpl.ensureOpen(SocketChannelImpl.java:195)
	at java.base/sun.nio.ch.SocketChannelImpl.beginConnect(SocketChannelImpl.java:760)
	at java.base/sun.nio.ch.SocketChannelImpl.connect(SocketChannelImpl.java:848)
	at java.net.http/jdk.internal.net.http.PlainHttpConnection.lambda$connectAsync$0(PlainHttpConnection.java:183)
	at java.base/java.security.AccessController.doPrivileged(AccessController.java:569)
	at java.net.http/jdk.internal.net.http.PlainHttpConnection.connectAsync(PlainHttpConnection.java:185)
	... 9 common frames omitted
2026-06-23 09:50:42.910 [pool-1-thread-36] ERROR com.mp3.desktop.Programme3 - ECHEC definitif pour l'envoi de : Matsiro kosa ny nanaovan_i Fy Rasolofoniaina ny hiran_ny tarika _Zay teto.(480P_SD). Le fichier NE SERA PAS supprime.
2026-06-23 09:50:42.910 [pool-1-thread-37] INFO  com.mp3.desktop.Programme3 - <- Metadata recu (P3) : ?Misia
2026-06-23 09:50:42.919 [pool-1-thread-37] ERROR com.mp3.desktop.Programme3 - Erreur API - Tentative 1/2 pour ?Misia
java.net.ConnectException: null
	at java.net.http/jdk.internal.net.http.HttpClientImpl.send(HttpClientImpl.java:573)
	at java.net.http/jdk.internal.net.http.HttpClientFacade.send(HttpClientFacade.java:123)
	at com.mp3.desktop.Programme3.verifierSiExiste(Programme3.java:132)
	at com.mp3.desktop.Programme3.traiterMetadata(Programme3.java:102)
	at com.mp3.desktop.Programme3.lambda$run$0(Programme3.java:64)
	at com.rabbitmq.client.impl.recovery.AutorecoveringChannel$2.handleDelivery(AutorecoveringChannel.java:588)
	at com.rabbitmq.client.impl.ConsumerDispatcher$5.run(ConsumerDispatcher.java:149)
	at com.rabbitmq.client.impl.ConsumerWorkService$WorkPoolRunnable.run(ConsumerWorkService.java:111)
	at java.base/java.util.concurrent.ThreadPoolExecutor.runWorker(ThreadPoolExecutor.java:1136)
	at java.base/java.util.concurrent.ThreadPoolExecutor$Worker.run(ThreadPoolExecutor.java:635)
	at java.base/java.lang.Thread.run(Thread.java:842)
Caused by: java.net.ConnectException: null
	at java.net.http/jdk.internal.net.http.common.Utils.toConnectException(Utils.java:1055)
	at java.net.http/jdk.internal.net.http.PlainHttpConnection.connectAsync(PlainHttpConnection.java:198)
	at java.net.http/jdk.internal.net.http.PlainHttpConnection.checkRetryConnect(PlainHttpConnection.java:230)
	at java.net.http/jdk.internal.net.http.PlainHttpConnection.lambda$connectAsync$1(PlainHttpConnection.java:206)
	at java.base/java.util.concurrent.CompletableFuture.uniHandle(CompletableFuture.java:934)
	at java.base/java.util.concurrent.CompletableFuture$UniHandle.tryFire(CompletableFuture.java:911)
	at java.base/java.util.concurrent.CompletableFuture.postComplete(CompletableFuture.java:510)
	at java.base/java.util.concurrent.CompletableFuture$AsyncSupply.run(CompletableFuture.java:1773)
	... 3 common frames omitted
Caused by: java.nio.channels.ClosedChannelException: null
	at java.base/sun.nio.ch.SocketChannelImpl.ensureOpen(SocketChannelImpl.java:195)
	at java.base/sun.nio.ch.SocketChannelImpl.beginConnect(SocketChannelImpl.java:760)
	at java.base/sun.nio.ch.SocketChannelImpl.connect(SocketChannelImpl.java:848)
	at java.net.http/jdk.internal.net.http.PlainHttpConnection.lambda$connectAsync$0(PlainHttpConnection.java:183)
	at java.base/java.security.AccessController.doPrivileged(AccessController.java:569)
	at java.net.http/jdk.internal.net.http.PlainHttpConnection.connectAsync(PlainHttpConnection.java:185)
	... 9 common frames omitted
2026-06-23 09:50:44.933 [pool-1-thread-37] ERROR com.mp3.desktop.Programme3 - Erreur API - Tentative 2/2 pour ?Misia
java.net.ConnectException: null
	at java.net.http/jdk.internal.net.http.HttpClientImpl.send(HttpClientImpl.java:573)
	at java.net.http/jdk.internal.net.http.HttpClientFacade.send(HttpClientFacade.java:123)
	at com.mp3.desktop.Programme3.verifierSiExiste(Programme3.java:132)
	at com.mp3.desktop.Programme3.traiterMetadata(Programme3.java:102)
	at com.mp3.desktop.Programme3.lambda$run$0(Programme3.java:64)
	at com.rabbitmq.client.impl.recovery.AutorecoveringChannel$2.handleDelivery(AutorecoveringChannel.java:588)
	at com.rabbitmq.client.impl.ConsumerDispatcher$5.run(ConsumerDispatcher.java:149)
	at com.rabbitmq.client.impl.ConsumerWorkService$WorkPoolRunnable.run(ConsumerWorkService.java:111)
	at java.base/java.util.concurrent.ThreadPoolExecutor.runWorker(ThreadPoolExecutor.java:1136)
	at java.base/java.util.concurrent.ThreadPoolExecutor$Worker.run(ThreadPoolExecutor.java:635)
	at java.base/java.lang.Thread.run(Thread.java:842)
Caused by: java.net.ConnectException: null
	at java.net.http/jdk.internal.net.http.common.Utils.toConnectException(Utils.java:1055)
	at java.net.http/jdk.internal.net.http.PlainHttpConnection.connectAsync(PlainHttpConnection.java:198)
	at java.net.http/jdk.internal.net.http.PlainHttpConnection.checkRetryConnect(PlainHttpConnection.java:230)
	at java.net.http/jdk.internal.net.http.PlainHttpConnection.lambda$connectAsync$1(PlainHttpConnection.java:206)
	at java.base/java.util.concurrent.CompletableFuture.uniHandle(CompletableFuture.java:934)
	at java.base/java.util.concurrent.CompletableFuture$UniHandle.tryFire(CompletableFuture.java:911)
	at java.base/java.util.concurrent.CompletableFuture.postComplete(CompletableFuture.java:510)
	at java.base/java.util.concurrent.CompletableFuture$AsyncSupply.run(CompletableFuture.java:1773)
	... 3 common frames omitted
Caused by: java.nio.channels.ClosedChannelException: null
	at java.base/sun.nio.ch.SocketChannelImpl.ensureOpen(SocketChannelImpl.java:195)
	at java.base/sun.nio.ch.SocketChannelImpl.beginConnect(SocketChannelImpl.java:760)
	at java.base/sun.nio.ch.SocketChannelImpl.connect(SocketChannelImpl.java:848)
	at java.net.http/jdk.internal.net.http.PlainHttpConnection.lambda$connectAsync$0(PlainHttpConnection.java:183)
	at java.base/java.security.AccessController.doPrivileged(AccessController.java:569)
	at java.net.http/jdk.internal.net.http.PlainHttpConnection.connectAsync(PlainHttpConnection.java:185)
	... 9 common frames omitted
2026-06-23 09:50:44.933 [pool-1-thread-37] ERROR com.mp3.desktop.Programme3 - ECHEC definitif pour l'envoi de : ?Misia. Le fichier NE SERA PAS supprime.
2026-06-23 09:50:44.933 [pool-1-thread-38] INFO  com.mp3.desktop.Programme3 - <- Metadata recu (P3) : ?MITONIA - REKO (Official lyrics video)
2026-06-23 09:50:44.936 [pool-1-thread-38] ERROR com.mp3.desktop.Programme3 - Erreur API - Tentative 1/2 pour ?MITONIA - REKO (Official lyrics video)
java.net.ConnectException: null
	at java.net.http/jdk.internal.net.http.HttpClientImpl.send(HttpClientImpl.java:573)
	at java.net.http/jdk.internal.net.http.HttpClientFacade.send(HttpClientFacade.java:123)
	at com.mp3.desktop.Programme3.verifierSiExiste(Programme3.java:132)
	at com.mp3.desktop.Programme3.traiterMetadata(Programme3.java:102)
	at com.mp3.desktop.Programme3.lambda$run$0(Programme3.java:64)
	at com.rabbitmq.client.impl.recovery.AutorecoveringChannel$2.handleDelivery(AutorecoveringChannel.java:588)
	at com.rabbitmq.client.impl.ConsumerDispatcher$5.run(ConsumerDispatcher.java:149)
	at com.rabbitmq.client.impl.ConsumerWorkService$WorkPoolRunnable.run(ConsumerWorkService.java:111)
	at java.base/java.util.concurrent.ThreadPoolExecutor.runWorker(ThreadPoolExecutor.java:1136)
	at java.base/java.util.concurrent.ThreadPoolExecutor$Worker.run(ThreadPoolExecutor.java:635)
	at java.base/java.lang.Thread.run(Thread.java:842)
Caused by: java.net.ConnectException: null
	at java.net.http/jdk.internal.net.http.common.Utils.toConnectException(Utils.java:1055)
	at java.net.http/jdk.internal.net.http.PlainHttpConnection.connectAsync(PlainHttpConnection.java:198)
	at java.net.http/jdk.internal.net.http.PlainHttpConnection.checkRetryConnect(PlainHttpConnection.java:230)
	at java.net.http/jdk.internal.net.http.PlainHttpConnection.lambda$connectAsync$1(PlainHttpConnection.java:206)
	at java.base/java.util.concurrent.CompletableFuture.uniHandle(CompletableFuture.java:934)
	at java.base/java.util.concurrent.CompletableFuture$UniHandle.tryFire(CompletableFuture.java:911)
	at java.base/java.util.concurrent.CompletableFuture.postComplete(CompletableFuture.java:510)
	at java.base/java.util.concurrent.CompletableFuture$AsyncSupply.run(CompletableFuture.java:1773)
	... 3 common frames omitted
Caused by: java.nio.channels.ClosedChannelException: null
	at java.base/sun.nio.ch.SocketChannelImpl.ensureOpen(SocketChannelImpl.java:195)
	at java.base/sun.nio.ch.SocketChannelImpl.beginConnect(SocketChannelImpl.java:760)
	at java.base/sun.nio.ch.SocketChannelImpl.connect(SocketChannelImpl.java:848)
	at java.net.http/jdk.internal.net.http.PlainHttpConnection.lambda$connectAsync$0(PlainHttpConnection.java:183)
	at java.base/java.security.AccessController.doPrivileged(AccessController.java:569)
	at java.net.http/jdk.internal.net.http.PlainHttpConnection.connectAsync(PlainHttpConnection.java:185)
	... 9 common frames omitted
2026-06-23 09:50:46.945 [pool-1-thread-38] ERROR com.mp3.desktop.Programme3 - Erreur API - Tentative 2/2 pour ?MITONIA - REKO (Official lyrics video)
java.net.ConnectException: null
	at java.net.http/jdk.internal.net.http.HttpClientImpl.send(HttpClientImpl.java:573)
	at java.net.http/jdk.internal.net.http.HttpClientFacade.send(HttpClientFacade.java:123)
	at com.mp3.desktop.Programme3.verifierSiExiste(Programme3.java:132)
	at com.mp3.desktop.Programme3.traiterMetadata(Programme3.java:102)
	at com.mp3.desktop.Programme3.lambda$run$0(Programme3.java:64)
	at com.rabbitmq.client.impl.recovery.AutorecoveringChannel$2.handleDelivery(AutorecoveringChannel.java:588)
	at com.rabbitmq.client.impl.ConsumerDispatcher$5.run(ConsumerDispatcher.java:149)
	at com.rabbitmq.client.impl.ConsumerWorkService$WorkPoolRunnable.run(ConsumerWorkService.java:111)
	at java.base/java.util.concurrent.ThreadPoolExecutor.runWorker(ThreadPoolExecutor.java:1136)
	at java.base/java.util.concurrent.ThreadPoolExecutor$Worker.run(ThreadPoolExecutor.java:635)
	at java.base/java.lang.Thread.run(Thread.java:842)
Caused by: java.net.ConnectException: null
	at java.net.http/jdk.internal.net.http.common.Utils.toConnectException(Utils.java:1055)
	at java.net.http/jdk.internal.net.http.PlainHttpConnection.connectAsync(PlainHttpConnection.java:198)
	at java.net.http/jdk.internal.net.http.PlainHttpConnection.checkRetryConnect(PlainHttpConnection.java:230)
	at java.net.http/jdk.internal.net.http.PlainHttpConnection.lambda$connectAsync$1(PlainHttpConnection.java:206)
	at java.base/java.util.concurrent.CompletableFuture.uniHandle(CompletableFuture.java:934)
	at java.base/java.util.concurrent.CompletableFuture$UniHandle.tryFire(CompletableFuture.java:911)
	at java.base/java.util.concurrent.CompletableFuture.postComplete(CompletableFuture.java:510)
	at java.base/java.util.concurrent.CompletableFuture$AsyncSupply.run(CompletableFuture.java:1773)
	... 3 common frames omitted
Caused by: java.nio.channels.ClosedChannelException: null
	at java.base/sun.nio.ch.SocketChannelImpl.ensureOpen(SocketChannelImpl.java:195)
	at java.base/sun.nio.ch.SocketChannelImpl.beginConnect(SocketChannelImpl.java:760)
	at java.base/sun.nio.ch.SocketChannelImpl.connect(SocketChannelImpl.java:848)
	at java.net.http/jdk.internal.net.http.PlainHttpConnection.lambda$connectAsync$0(PlainHttpConnection.java:183)
	at java.base/java.security.AccessController.doPrivileged(AccessController.java:569)
	at java.net.http/jdk.internal.net.http.PlainHttpConnection.connectAsync(PlainHttpConnection.java:185)
	... 9 common frames omitted
2026-06-23 09:50:46.948 [pool-1-thread-38] ERROR com.mp3.desktop.Programme3 - ECHEC definitif pour l'envoi de : ?MITONIA - REKO (Official lyrics video). Le fichier NE SERA PAS supprime.
2026-06-23 09:50:46.950 [pool-1-thread-43] INFO  com.mp3.desktop.Programme3 - <- Metadata recu (P3) : ?Ny Anaranao
2026-06-23 09:50:46.952 [pool-1-thread-43] ERROR com.mp3.desktop.Programme3 - Erreur API - Tentative 1/2 pour ?Ny Anaranao
java.net.ConnectException: null
	at java.net.http/jdk.internal.net.http.HttpClientImpl.send(HttpClientImpl.java:573)
	at java.net.http/jdk.internal.net.http.HttpClientFacade.send(HttpClientFacade.java:123)
	at com.mp3.desktop.Programme3.verifierSiExiste(Programme3.java:132)
	at com.mp3.desktop.Programme3.traiterMetadata(Programme3.java:102)
	at com.mp3.desktop.Programme3.lambda$run$0(Programme3.java:64)
	at com.rabbitmq.client.impl.recovery.AutorecoveringChannel$2.handleDelivery(AutorecoveringChannel.java:588)
	at com.rabbitmq.client.impl.ConsumerDispatcher$5.run(ConsumerDispatcher.java:149)
	at com.rabbitmq.client.impl.ConsumerWorkService$WorkPoolRunnable.run(ConsumerWorkService.java:111)
	at java.base/java.util.concurrent.ThreadPoolExecutor.runWorker(ThreadPoolExecutor.java:1136)
	at java.base/java.util.concurrent.ThreadPoolExecutor$Worker.run(ThreadPoolExecutor.java:635)
	at java.base/java.lang.Thread.run(Thread.java:842)
Caused by: java.net.ConnectException: null
	at java.net.http/jdk.internal.net.http.common.Utils.toConnectException(Utils.java:1055)
	at java.net.http/jdk.internal.net.http.PlainHttpConnection.connectAsync(PlainHttpConnection.java:198)
	at java.net.http/jdk.internal.net.http.PlainHttpConnection.checkRetryConnect(PlainHttpConnection.java:230)
	at java.net.http/jdk.internal.net.http.PlainHttpConnection.lambda$connectAsync$1(PlainHttpConnection.java:206)
	at java.base/java.util.concurrent.CompletableFuture.uniHandle(CompletableFuture.java:934)
	at java.base/java.util.concurrent.CompletableFuture$UniHandle.tryFire(CompletableFuture.java:911)
	at java.base/java.util.concurrent.CompletableFuture.postComplete(CompletableFuture.java:510)
	at java.base/java.util.concurrent.CompletableFuture$AsyncSupply.run(CompletableFuture.java:1773)
	... 3 common frames omitted
Caused by: java.nio.channels.ClosedChannelException: null
	at java.base/sun.nio.ch.SocketChannelImpl.ensureOpen(SocketChannelImpl.java:195)
	at java.base/sun.nio.ch.SocketChannelImpl.beginConnect(SocketChannelImpl.java:760)
	at java.base/sun.nio.ch.SocketChannelImpl.connect(SocketChannelImpl.java:848)
	at java.net.http/jdk.internal.net.http.PlainHttpConnection.lambda$connectAsync$0(PlainHttpConnection.java:183)
	at java.base/java.security.AccessController.doPrivileged(AccessController.java:569)
	at java.net.http/jdk.internal.net.http.PlainHttpConnection.connectAsync(PlainHttpConnection.java:185)
	... 9 common frames omitted
2026-06-23 09:50:48.965 [pool-1-thread-43] ERROR com.mp3.desktop.Programme3 - Erreur API - Tentative 2/2 pour ?Ny Anaranao
java.net.ConnectException: null
	at java.net.http/jdk.internal.net.http.HttpClientImpl.send(HttpClientImpl.java:573)
	at java.net.http/jdk.internal.net.http.HttpClientFacade.send(HttpClientFacade.java:123)
	at com.mp3.desktop.Programme3.verifierSiExiste(Programme3.java:132)
	at com.mp3.desktop.Programme3.traiterMetadata(Programme3.java:102)
	at com.mp3.desktop.Programme3.lambda$run$0(Programme3.java:64)
	at com.rabbitmq.client.impl.recovery.AutorecoveringChannel$2.handleDelivery(AutorecoveringChannel.java:588)
	at com.rabbitmq.client.impl.ConsumerDispatcher$5.run(ConsumerDispatcher.java:149)
	at com.rabbitmq.client.impl.ConsumerWorkService$WorkPoolRunnable.run(ConsumerWorkService.java:111)
	at java.base/java.util.concurrent.ThreadPoolExecutor.runWorker(ThreadPoolExecutor.java:1136)
	at java.base/java.util.concurrent.ThreadPoolExecutor$Worker.run(ThreadPoolExecutor.java:635)
	at java.base/java.lang.Thread.run(Thread.java:842)
Caused by: java.net.ConnectException: null
	at java.net.http/jdk.internal.net.http.common.Utils.toConnectException(Utils.java:1055)
	at java.net.http/jdk.internal.net.http.PlainHttpConnection.connectAsync(PlainHttpConnection.java:198)
	at java.net.http/jdk.internal.net.http.PlainHttpConnection.checkRetryConnect(PlainHttpConnection.java:230)
	at java.net.http/jdk.internal.net.http.PlainHttpConnection.lambda$connectAsync$1(PlainHttpConnection.java:206)
	at java.base/java.util.concurrent.CompletableFuture.uniHandle(CompletableFuture.java:934)
	at java.base/java.util.concurrent.CompletableFuture$UniHandle.tryFire(CompletableFuture.java:911)
	at java.base/java.util.concurrent.CompletableFuture.postComplete(CompletableFuture.java:510)
	at java.base/java.util.concurrent.CompletableFuture$AsyncSupply.run(CompletableFuture.java:1773)
	... 3 common frames omitted
Caused by: java.nio.channels.ClosedChannelException: null
	at java.base/sun.nio.ch.SocketChannelImpl.ensureOpen(SocketChannelImpl.java:195)
	at java.base/sun.nio.ch.SocketChannelImpl.beginConnect(SocketChannelImpl.java:760)
	at java.base/sun.nio.ch.SocketChannelImpl.connect(SocketChannelImpl.java:848)
	at java.net.http/jdk.internal.net.http.PlainHttpConnection.lambda$connectAsync$0(PlainHttpConnection.java:183)
	at java.base/java.security.AccessController.doPrivileged(AccessController.java:569)
	at java.net.http/jdk.internal.net.http.PlainHttpConnection.connectAsync(PlainHttpConnection.java:185)
	... 9 common frames omitted
2026-06-23 09:50:48.968 [pool-1-thread-43] ERROR com.mp3.desktop.Programme3 - ECHEC definitif pour l'envoi de : ?Ny Anaranao. Le fichier NE SERA PAS supprime.
2026-06-23 09:50:48.968 [pool-1-thread-44] INFO  com.mp3.desktop.Programme3 - <- Metadata recu (P3) : ?Rotoroto
2026-06-23 09:50:48.968 [pool-1-thread-44] ERROR com.mp3.desktop.Programme3 - Erreur API - Tentative 1/2 pour ?Rotoroto
java.net.ConnectException: null
	at java.net.http/jdk.internal.net.http.HttpClientImpl.send(HttpClientImpl.java:573)
	at java.net.http/jdk.internal.net.http.HttpClientFacade.send(HttpClientFacade.java:123)
	at com.mp3.desktop.Programme3.verifierSiExiste(Programme3.java:132)
	at com.mp3.desktop.Programme3.traiterMetadata(Programme3.java:102)
	at com.mp3.desktop.Programme3.lambda$run$0(Programme3.java:64)
	at com.rabbitmq.client.impl.recovery.AutorecoveringChannel$2.handleDelivery(AutorecoveringChannel.java:588)
	at com.rabbitmq.client.impl.ConsumerDispatcher$5.run(ConsumerDispatcher.java:149)
	at com.rabbitmq.client.impl.ConsumerWorkService$WorkPoolRunnable.run(ConsumerWorkService.java:111)
	at java.base/java.util.concurrent.ThreadPoolExecutor.runWorker(ThreadPoolExecutor.java:1136)
	at java.base/java.util.concurrent.ThreadPoolExecutor$Worker.run(ThreadPoolExecutor.java:635)
	at java.base/java.lang.Thread.run(Thread.java:842)
Caused by: java.net.ConnectException: null
	at java.net.http/jdk.internal.net.http.common.Utils.toConnectException(Utils.java:1055)
	at java.net.http/jdk.internal.net.http.PlainHttpConnection.connectAsync(PlainHttpConnection.java:198)
	at java.net.http/jdk.internal.net.http.PlainHttpConnection.checkRetryConnect(PlainHttpConnection.java:230)
	at java.net.http/jdk.internal.net.http.PlainHttpConnection.lambda$connectAsync$1(PlainHttpConnection.java:206)
	at java.base/java.util.concurrent.CompletableFuture.uniHandle(CompletableFuture.java:934)
	at java.base/java.util.concurrent.CompletableFuture$UniHandle.tryFire(CompletableFuture.java:911)
	at java.base/java.util.concurrent.CompletableFuture.postComplete(CompletableFuture.java:510)
	at java.base/java.util.concurrent.CompletableFuture$AsyncSupply.run(CompletableFuture.java:1773)
	... 3 common frames omitted
Caused by: java.nio.channels.ClosedChannelException: null
	at java.base/sun.nio.ch.SocketChannelImpl.ensureOpen(SocketChannelImpl.java:195)
	at java.base/sun.nio.ch.SocketChannelImpl.beginConnect(SocketChannelImpl.java:760)
	at java.base/sun.nio.ch.SocketChannelImpl.connect(SocketChannelImpl.java:848)
	at java.net.http/jdk.internal.net.http.PlainHttpConnection.lambda$connectAsync$0(PlainHttpConnection.java:183)
	at java.base/java.security.AccessController.doPrivileged(AccessController.java:569)
	at java.net.http/jdk.internal.net.http.PlainHttpConnection.connectAsync(PlainHttpConnection.java:185)
	... 9 common frames omitted
2026-06-23 09:50:50.983 [pool-1-thread-44] ERROR com.mp3.desktop.Programme3 - Erreur API - Tentative 2/2 pour ?Rotoroto
java.net.ConnectException: null
	at java.net.http/jdk.internal.net.http.HttpClientImpl.send(HttpClientImpl.java:573)
	at java.net.http/jdk.internal.net.http.HttpClientFacade.send(HttpClientFacade.java:123)
	at com.mp3.desktop.Programme3.verifierSiExiste(Programme3.java:132)
	at com.mp3.desktop.Programme3.traiterMetadata(Programme3.java:102)
	at com.mp3.desktop.Programme3.lambda$run$0(Programme3.java:64)
	at com.rabbitmq.client.impl.recovery.AutorecoveringChannel$2.handleDelivery(AutorecoveringChannel.java:588)
	at com.rabbitmq.client.impl.ConsumerDispatcher$5.run(ConsumerDispatcher.java:149)
	at com.rabbitmq.client.impl.ConsumerWorkService$WorkPoolRunnable.run(ConsumerWorkService.java:111)
	at java.base/java.util.concurrent.ThreadPoolExecutor.runWorker(ThreadPoolExecutor.java:1136)
	at java.base/java.util.concurrent.ThreadPoolExecutor$Worker.run(ThreadPoolExecutor.java:635)
	at java.base/java.lang.Thread.run(Thread.java:842)
Caused by: java.net.ConnectException: null
	at java.net.http/jdk.internal.net.http.common.Utils.toConnectException(Utils.java:1055)
	at java.net.http/jdk.internal.net.http.PlainHttpConnection.connectAsync(PlainHttpConnection.java:198)
	at java.net.http/jdk.internal.net.http.PlainHttpConnection.checkRetryConnect(PlainHttpConnection.java:230)
	at java.net.http/jdk.internal.net.http.PlainHttpConnection.lambda$connectAsync$1(PlainHttpConnection.java:206)
	at java.base/java.util.concurrent.CompletableFuture.uniHandle(CompletableFuture.java:934)
	at java.base/java.util.concurrent.CompletableFuture$UniHandle.tryFire(CompletableFuture.java:911)
	at java.base/java.util.concurrent.CompletableFuture.postComplete(CompletableFuture.java:510)
	at java.base/java.util.concurrent.CompletableFuture$AsyncSupply.run(CompletableFuture.java:1773)
	... 3 common frames omitted
Caused by: java.nio.channels.ClosedChannelException: null
	at java.base/sun.nio.ch.SocketChannelImpl.ensureOpen(SocketChannelImpl.java:195)
	at java.base/sun.nio.ch.SocketChannelImpl.beginConnect(SocketChannelImpl.java:760)
	at java.base/sun.nio.ch.SocketChannelImpl.connect(SocketChannelImpl.java:848)
	at java.net.http/jdk.internal.net.http.PlainHttpConnection.lambda$connectAsync$0(PlainHttpConnection.java:183)
	at java.base/java.security.AccessController.doPrivileged(AccessController.java:569)
	at java.net.http/jdk.internal.net.http.PlainHttpConnection.connectAsync(PlainHttpConnection.java:185)
	... 9 common frames omitted
2026-06-23 09:50:50.987 [pool-1-thread-44] ERROR com.mp3.desktop.Programme3 - ECHEC definitif pour l'envoi de : ?Rotoroto. Le fichier NE SERA PAS supprime.
2026-06-23 09:50:50.987 [pool-1-thread-14] INFO  com.mp3.desktop.Programme3 - <- Metadata recu (P3) : ?Tongasoa
2026-06-23 09:50:50.994 [pool-1-thread-14] ERROR com.mp3.desktop.Programme3 - Erreur API - Tentative 1/2 pour ?Tongasoa
java.net.ConnectException: null
	at java.net.http/jdk.internal.net.http.HttpClientImpl.send(HttpClientImpl.java:573)
	at java.net.http/jdk.internal.net.http.HttpClientFacade.send(HttpClientFacade.java:123)
	at com.mp3.desktop.Programme3.verifierSiExiste(Programme3.java:132)
	at com.mp3.desktop.Programme3.traiterMetadata(Programme3.java:102)
	at com.mp3.desktop.Programme3.lambda$run$0(Programme3.java:64)
	at com.rabbitmq.client.impl.recovery.AutorecoveringChannel$2.handleDelivery(AutorecoveringChannel.java:588)
	at com.rabbitmq.client.impl.ConsumerDispatcher$5.run(ConsumerDispatcher.java:149)
	at com.rabbitmq.client.impl.ConsumerWorkService$WorkPoolRunnable.run(ConsumerWorkService.java:111)
	at java.base/java.util.concurrent.ThreadPoolExecutor.runWorker(ThreadPoolExecutor.java:1136)
	at java.base/java.util.concurrent.ThreadPoolExecutor$Worker.run(ThreadPoolExecutor.java:635)
	at java.base/java.lang.Thread.run(Thread.java:842)
Caused by: java.net.ConnectException: null
	at java.net.http/jdk.internal.net.http.common.Utils.toConnectException(Utils.java:1055)
	at java.net.http/jdk.internal.net.http.PlainHttpConnection.connectAsync(PlainHttpConnection.java:198)
	at java.net.http/jdk.internal.net.http.PlainHttpConnection.checkRetryConnect(PlainHttpConnection.java:230)
	at java.net.http/jdk.internal.net.http.PlainHttpConnection.lambda$connectAsync$1(PlainHttpConnection.java:206)
	at java.base/java.util.concurrent.CompletableFuture.uniHandle(CompletableFuture.java:934)
	at java.base/java.util.concurrent.CompletableFuture$UniHandle.tryFire(CompletableFuture.java:911)
	at java.base/java.util.concurrent.CompletableFuture.postComplete(CompletableFuture.java:510)
	at java.base/java.util.concurrent.CompletableFuture$AsyncSupply.run(CompletableFuture.java:1773)
	... 3 common frames omitted
Caused by: java.nio.channels.ClosedChannelException: null
	at java.base/sun.nio.ch.SocketChannelImpl.ensureOpen(SocketChannelImpl.java:195)
	at java.base/sun.nio.ch.SocketChannelImpl.beginConnect(SocketChannelImpl.java:760)
	at java.base/sun.nio.ch.SocketChannelImpl.connect(SocketChannelImpl.java:848)
	at java.net.http/jdk.internal.net.http.PlainHttpConnection.lambda$connectAsync$0(PlainHttpConnection.java:183)
	at java.base/java.security.AccessController.doPrivileged(AccessController.java:569)
	at java.net.http/jdk.internal.net.http.PlainHttpConnection.connectAsync(PlainHttpConnection.java:185)
	... 9 common frames omitted
2026-06-23 09:50:53.016 [pool-1-thread-14] ERROR com.mp3.desktop.Programme3 - Erreur API - Tentative 2/2 pour ?Tongasoa
java.net.ConnectException: null
	at java.net.http/jdk.internal.net.http.HttpClientImpl.send(HttpClientImpl.java:573)
	at java.net.http/jdk.internal.net.http.HttpClientFacade.send(HttpClientFacade.java:123)
	at com.mp3.desktop.Programme3.verifierSiExiste(Programme3.java:132)
	at com.mp3.desktop.Programme3.traiterMetadata(Programme3.java:102)
	at com.mp3.desktop.Programme3.lambda$run$0(Programme3.java:64)
	at com.rabbitmq.client.impl.recovery.AutorecoveringChannel$2.handleDelivery(AutorecoveringChannel.java:588)
	at com.rabbitmq.client.impl.ConsumerDispatcher$5.run(ConsumerDispatcher.java:149)
	at com.rabbitmq.client.impl.ConsumerWorkService$WorkPoolRunnable.run(ConsumerWorkService.java:111)
	at java.base/java.util.concurrent.ThreadPoolExecutor.runWorker(ThreadPoolExecutor.java:1136)
	at java.base/java.util.concurrent.ThreadPoolExecutor$Worker.run(ThreadPoolExecutor.java:635)
	at java.base/java.lang.Thread.run(Thread.java:842)
Caused by: java.net.ConnectException: null
	at java.net.http/jdk.internal.net.http.common.Utils.toConnectException(Utils.java:1055)
	at java.net.http/jdk.internal.net.http.PlainHttpConnection.connectAsync(PlainHttpConnection.java:198)
	at java.net.http/jdk.internal.net.http.PlainHttpConnection.checkRetryConnect(PlainHttpConnection.java:230)
	at java.net.http/jdk.internal.net.http.PlainHttpConnection.lambda$connectAsync$1(PlainHttpConnection.java:206)
	at java.base/java.util.concurrent.CompletableFuture.uniHandle(CompletableFuture.java:934)
	at java.base/java.util.concurrent.CompletableFuture$UniHandle.tryFire(CompletableFuture.java:911)
	at java.base/java.util.concurrent.CompletableFuture.postComplete(CompletableFuture.java:510)
	at java.base/java.util.concurrent.CompletableFuture$AsyncSupply.run(CompletableFuture.java:1773)
	... 3 common frames omitted
Caused by: java.nio.channels.ClosedChannelException: null
	at java.base/sun.nio.ch.SocketChannelImpl.ensureOpen(SocketChannelImpl.java:195)
	at java.base/sun.nio.ch.SocketChannelImpl.beginConnect(SocketChannelImpl.java:760)
	at java.base/sun.nio.ch.SocketChannelImpl.connect(SocketChannelImpl.java:848)
	at java.net.http/jdk.internal.net.http.PlainHttpConnection.lambda$connectAsync$0(PlainHttpConnection.java:183)
	at java.base/java.security.AccessController.doPrivileged(AccessController.java:569)
	at java.net.http/jdk.internal.net.http.PlainHttpConnection.connectAsync(PlainHttpConnection.java:185)
	... 9 common frames omitted
2026-06-23 09:50:53.016 [pool-1-thread-14] ERROR com.mp3.desktop.Programme3 - ECHEC definitif pour l'envoi de : ?Tongasoa. Le fichier NE SERA PAS supprime.
2026-06-23 09:50:53.019 [pool-1-thread-29] INFO  com.mp3.desktop.Programme3 - <- Metadata recu (P3) : ?Happier Than Ever
2026-06-23 09:50:53.019 [pool-1-thread-29] ERROR com.mp3.desktop.Programme3 - Erreur API - Tentative 1/2 pour ?Happier Than Ever
java.net.ConnectException: null
	at java.net.http/jdk.internal.net.http.HttpClientImpl.send(HttpClientImpl.java:573)
	at java.net.http/jdk.internal.net.http.HttpClientFacade.send(HttpClientFacade.java:123)
	at com.mp3.desktop.Programme3.verifierSiExiste(Programme3.java:132)
	at com.mp3.desktop.Programme3.traiterMetadata(Programme3.java:102)
	at com.mp3.desktop.Programme3.lambda$run$0(Programme3.java:64)
	at com.rabbitmq.client.impl.recovery.AutorecoveringChannel$2.handleDelivery(AutorecoveringChannel.java:588)
	at com.rabbitmq.client.impl.ConsumerDispatcher$5.run(ConsumerDispatcher.java:149)
	at com.rabbitmq.client.impl.ConsumerWorkService$WorkPoolRunnable.run(ConsumerWorkService.java:111)
	at java.base/java.util.concurrent.ThreadPoolExecutor.runWorker(ThreadPoolExecutor.java:1136)
	at java.base/java.util.concurrent.ThreadPoolExecutor$Worker.run(ThreadPoolExecutor.java:635)
	at java.base/java.lang.Thread.run(Thread.java:842)
Caused by: java.net.ConnectException: null
	at java.net.http/jdk.internal.net.http.common.Utils.toConnectException(Utils.java:1055)
	at java.net.http/jdk.internal.net.http.PlainHttpConnection.connectAsync(PlainHttpConnection.java:198)
	at java.net.http/jdk.internal.net.http.PlainHttpConnection.checkRetryConnect(PlainHttpConnection.java:230)
	at java.net.http/jdk.internal.net.http.PlainHttpConnection.lambda$connectAsync$1(PlainHttpConnection.java:206)
	at java.base/java.util.concurrent.CompletableFuture.uniHandle(CompletableFuture.java:934)
	at java.base/java.util.concurrent.CompletableFuture$UniHandle.tryFire(CompletableFuture.java:911)
	at java.base/java.util.concurrent.CompletableFuture.postComplete(CompletableFuture.java:510)
	at java.base/java.util.concurrent.CompletableFuture$AsyncSupply.run(CompletableFuture.java:1773)
	... 3 common frames omitted
Caused by: java.nio.channels.ClosedChannelException: null
	at java.base/sun.nio.ch.SocketChannelImpl.ensureOpen(SocketChannelImpl.java:195)
	at java.base/sun.nio.ch.SocketChannelImpl.beginConnect(SocketChannelImpl.java:760)
	at java.base/sun.nio.ch.SocketChannelImpl.connect(SocketChannelImpl.java:848)
	at java.net.http/jdk.internal.net.http.PlainHttpConnection.lambda$connectAsync$0(PlainHttpConnection.java:183)
	at java.base/java.security.AccessController.doPrivileged(AccessController.java:569)
	at java.net.http/jdk.internal.net.http.PlainHttpConnection.connectAsync(PlainHttpConnection.java:185)
	... 9 common frames omitted
2026-06-23 09:50:55.032 [pool-1-thread-29] ERROR com.mp3.desktop.Programme3 - Erreur API - Tentative 2/2 pour ?Happier Than Ever
java.net.ConnectException: null
	at java.net.http/jdk.internal.net.http.HttpClientImpl.send(HttpClientImpl.java:573)
	at java.net.http/jdk.internal.net.http.HttpClientFacade.send(HttpClientFacade.java:123)
	at com.mp3.desktop.Programme3.verifierSiExiste(Programme3.java:132)
	at com.mp3.desktop.Programme3.traiterMetadata(Programme3.java:102)
	at com.mp3.desktop.Programme3.lambda$run$0(Programme3.java:64)
	at com.rabbitmq.client.impl.recovery.AutorecoveringChannel$2.handleDelivery(AutorecoveringChannel.java:588)
	at com.rabbitmq.client.impl.ConsumerDispatcher$5.run(ConsumerDispatcher.java:149)
	at com.rabbitmq.client.impl.ConsumerWorkService$WorkPoolRunnable.run(ConsumerWorkService.java:111)
	at java.base/java.util.concurrent.ThreadPoolExecutor.runWorker(ThreadPoolExecutor.java:1136)
	at java.base/java.util.concurrent.ThreadPoolExecutor$Worker.run(ThreadPoolExecutor.java:635)
	at java.base/java.lang.Thread.run(Thread.java:842)
Caused by: java.net.ConnectException: null
	at java.net.http/jdk.internal.net.http.common.Utils.toConnectException(Utils.java:1055)
	at java.net.http/jdk.internal.net.http.PlainHttpConnection.connectAsync(PlainHttpConnection.java:198)
	at java.net.http/jdk.internal.net.http.PlainHttpConnection.checkRetryConnect(PlainHttpConnection.java:230)
	at java.net.http/jdk.internal.net.http.PlainHttpConnection.lambda$connectAsync$1(PlainHttpConnection.java:206)
	at java.base/java.util.concurrent.CompletableFuture.uniHandle(CompletableFuture.java:934)
	at java.base/java.util.concurrent.CompletableFuture$UniHandle.tryFire(CompletableFuture.java:911)
	at java.base/java.util.concurrent.CompletableFuture.postComplete(CompletableFuture.java:510)
	at java.base/java.util.concurrent.CompletableFuture$AsyncSupply.run(CompletableFuture.java:1773)
	... 3 common frames omitted
Caused by: java.nio.channels.ClosedChannelException: null
	at java.base/sun.nio.ch.SocketChannelImpl.ensureOpen(SocketChannelImpl.java:195)
	at java.base/sun.nio.ch.SocketChannelImpl.beginConnect(SocketChannelImpl.java:760)
	at java.base/sun.nio.ch.SocketChannelImpl.connect(SocketChannelImpl.java:848)
	at java.net.http/jdk.internal.net.http.PlainHttpConnection.lambda$connectAsync$0(PlainHttpConnection.java:183)
	at java.base/java.security.AccessController.doPrivileged(AccessController.java:569)
	at java.net.http/jdk.internal.net.http.PlainHttpConnection.connectAsync(PlainHttpConnection.java:185)
	... 9 common frames omitted
2026-06-23 09:50:55.032 [pool-1-thread-29] ERROR com.mp3.desktop.Programme3 - ECHEC definitif pour l'envoi de : ?Happier Than Ever. Le fichier NE SERA PAS supprime.
2026-06-23 09:50:55.032 [pool-1-thread-35] INFO  com.mp3.desktop.Programme3 - <- Metadata recu (P3) : ?HATRAIZA / AZA AVELA - REKO
2026-06-23 09:50:55.036 [pool-1-thread-35] ERROR com.mp3.desktop.Programme3 - Erreur API - Tentative 1/2 pour ?HATRAIZA / AZA AVELA - REKO
java.net.ConnectException: null
	at java.net.http/jdk.internal.net.http.HttpClientImpl.send(HttpClientImpl.java:573)
	at java.net.http/jdk.internal.net.http.HttpClientFacade.send(HttpClientFacade.java:123)
	at com.mp3.desktop.Programme3.verifierSiExiste(Programme3.java:132)
	at com.mp3.desktop.Programme3.traiterMetadata(Programme3.java:102)
	at com.mp3.desktop.Programme3.lambda$run$0(Programme3.java:64)
	at com.rabbitmq.client.impl.recovery.AutorecoveringChannel$2.handleDelivery(AutorecoveringChannel.java:588)
	at com.rabbitmq.client.impl.ConsumerDispatcher$5.run(ConsumerDispatcher.java:149)
	at com.rabbitmq.client.impl.ConsumerWorkService$WorkPoolRunnable.run(ConsumerWorkService.java:111)
	at java.base/java.util.concurrent.ThreadPoolExecutor.runWorker(ThreadPoolExecutor.java:1136)
	at java.base/java.util.concurrent.ThreadPoolExecutor$Worker.run(ThreadPoolExecutor.java:635)
	at java.base/java.lang.Thread.run(Thread.java:842)
Caused by: java.net.ConnectException: null
	at java.net.http/jdk.internal.net.http.common.Utils.toConnectException(Utils.java:1055)
	at java.net.http/jdk.internal.net.http.PlainHttpConnection.connectAsync(PlainHttpConnection.java:198)
	at java.net.http/jdk.internal.net.http.PlainHttpConnection.checkRetryConnect(PlainHttpConnection.java:230)
	at java.net.http/jdk.internal.net.http.PlainHttpConnection.lambda$connectAsync$1(PlainHttpConnection.java:206)
	at java.base/java.util.concurrent.CompletableFuture.uniHandle(CompletableFuture.java:934)
	at java.base/java.util.concurrent.CompletableFuture$UniHandle.tryFire(CompletableFuture.java:911)
	at java.base/java.util.concurrent.CompletableFuture.postComplete(CompletableFuture.java:510)
	at java.base/java.util.concurrent.CompletableFuture$AsyncSupply.run(CompletableFuture.java:1773)
	... 3 common frames omitted
Caused by: java.nio.channels.ClosedChannelException: null
	at java.base/sun.nio.ch.SocketChannelImpl.ensureOpen(SocketChannelImpl.java:195)
	at java.base/sun.nio.ch.SocketChannelImpl.beginConnect(SocketChannelImpl.java:760)
	at java.base/sun.nio.ch.SocketChannelImpl.connect(SocketChannelImpl.java:848)
	at java.net.http/jdk.internal.net.http.PlainHttpConnection.lambda$connectAsync$0(PlainHttpConnection.java:183)
	at java.base/java.security.AccessController.doPrivileged(AccessController.java:569)
	at java.net.http/jdk.internal.net.http.PlainHttpConnection.connectAsync(PlainHttpConnection.java:185)
	... 9 common frames omitted
2026-06-23 09:50:57.047 [pool-1-thread-35] ERROR com.mp3.desktop.Programme3 - Erreur API - Tentative 2/2 pour ?HATRAIZA / AZA AVELA - REKO
java.net.ConnectException: null
	at java.net.http/jdk.internal.net.http.HttpClientImpl.send(HttpClientImpl.java:573)
	at java.net.http/jdk.internal.net.http.HttpClientFacade.send(HttpClientFacade.java:123)
	at com.mp3.desktop.Programme3.verifierSiExiste(Programme3.java:132)
	at com.mp3.desktop.Programme3.traiterMetadata(Programme3.java:102)
	at com.mp3.desktop.Programme3.lambda$run$0(Programme3.java:64)
	at com.rabbitmq.client.impl.recovery.AutorecoveringChannel$2.handleDelivery(AutorecoveringChannel.java:588)
	at com.rabbitmq.client.impl.ConsumerDispatcher$5.run(ConsumerDispatcher.java:149)
	at com.rabbitmq.client.impl.ConsumerWorkService$WorkPoolRunnable.run(ConsumerWorkService.java:111)
	at java.base/java.util.concurrent.ThreadPoolExecutor.runWorker(ThreadPoolExecutor.java:1136)
	at java.base/java.util.concurrent.ThreadPoolExecutor$Worker.run(ThreadPoolExecutor.java:635)
	at java.base/java.lang.Thread.run(Thread.java:842)
Caused by: java.net.ConnectException: null
	at java.net.http/jdk.internal.net.http.common.Utils.toConnectException(Utils.java:1055)
	at java.net.http/jdk.internal.net.http.PlainHttpConnection.connectAsync(PlainHttpConnection.java:198)
	at java.net.http/jdk.internal.net.http.PlainHttpConnection.checkRetryConnect(PlainHttpConnection.java:230)
	at java.net.http/jdk.internal.net.http.PlainHttpConnection.lambda$connectAsync$1(PlainHttpConnection.java:206)
	at java.base/java.util.concurrent.CompletableFuture.uniHandle(CompletableFuture.java:934)
	at java.base/java.util.concurrent.CompletableFuture$UniHandle.tryFire(CompletableFuture.java:911)
	at java.base/java.util.concurrent.CompletableFuture.postComplete(CompletableFuture.java:510)
	at java.base/java.util.concurrent.CompletableFuture$AsyncSupply.run(CompletableFuture.java:1773)
	... 3 common frames omitted
Caused by: java.nio.channels.ClosedChannelException: null
	at java.base/sun.nio.ch.SocketChannelImpl.ensureOpen(SocketChannelImpl.java:195)
	at java.base/sun.nio.ch.SocketChannelImpl.beginConnect(SocketChannelImpl.java:760)
	at java.base/sun.nio.ch.SocketChannelImpl.connect(SocketChannelImpl.java:848)
	at java.net.http/jdk.internal.net.http.PlainHttpConnection.lambda$connectAsync$0(PlainHttpConnection.java:183)
	at java.base/java.security.AccessController.doPrivileged(AccessController.java:569)
	at java.net.http/jdk.internal.net.http.PlainHttpConnection.connectAsync(PlainHttpConnection.java:185)
	... 9 common frames omitted
2026-06-23 09:50:57.047 [pool-1-thread-35] ERROR com.mp3.desktop.Programme3 - ECHEC definitif pour l'envoi de : ?HATRAIZA / AZA AVELA - REKO. Le fichier NE SERA PAS supprime.
2026-06-23 09:50:57.055 [pool-1-thread-36] INFO  com.mp3.desktop.Programme3 - <- Metadata recu (P3) : ?Louane - Maman (2015) Official Music Video
2026-06-23 09:50:57.061 [pool-1-thread-36] ERROR com.mp3.desktop.Programme3 - Erreur API - Tentative 1/2 pour ?Louane - Maman (2015) Official Music Video
java.net.ConnectException: null
	at java.net.http/jdk.internal.net.http.HttpClientImpl.send(HttpClientImpl.java:573)
	at java.net.http/jdk.internal.net.http.HttpClientFacade.send(HttpClientFacade.java:123)
	at com.mp3.desktop.Programme3.verifierSiExiste(Programme3.java:132)
	at com.mp3.desktop.Programme3.traiterMetadata(Programme3.java:102)
	at com.mp3.desktop.Programme3.lambda$run$0(Programme3.java:64)
	at com.rabbitmq.client.impl.recovery.AutorecoveringChannel$2.handleDelivery(AutorecoveringChannel.java:588)
	at com.rabbitmq.client.impl.ConsumerDispatcher$5.run(ConsumerDispatcher.java:149)
	at com.rabbitmq.client.impl.ConsumerWorkService$WorkPoolRunnable.run(ConsumerWorkService.java:111)
	at java.base/java.util.concurrent.ThreadPoolExecutor.runWorker(ThreadPoolExecutor.java:1136)
	at java.base/java.util.concurrent.ThreadPoolExecutor$Worker.run(ThreadPoolExecutor.java:635)
	at java.base/java.lang.Thread.run(Thread.java:842)
Caused by: java.net.ConnectException: null
	at java.net.http/jdk.internal.net.http.common.Utils.toConnectException(Utils.java:1055)
	at java.net.http/jdk.internal.net.http.PlainHttpConnection.connectAsync(PlainHttpConnection.java:198)
	at java.net.http/jdk.internal.net.http.PlainHttpConnection.checkRetryConnect(PlainHttpConnection.java:230)
	at java.net.http/jdk.internal.net.http.PlainHttpConnection.lambda$connectAsync$1(PlainHttpConnection.java:206)
	at java.base/java.util.concurrent.CompletableFuture.uniHandle(CompletableFuture.java:934)
	at java.base/java.util.concurrent.CompletableFuture$UniHandle.tryFire(CompletableFuture.java:911)
	at java.base/java.util.concurrent.CompletableFuture.postComplete(CompletableFuture.java:510)
	at java.base/java.util.concurrent.CompletableFuture$AsyncSupply.run(CompletableFuture.java:1773)
	... 3 common frames omitted
Caused by: java.nio.channels.ClosedChannelException: null
	at java.base/sun.nio.ch.SocketChannelImpl.ensureOpen(SocketChannelImpl.java:195)
	at java.base/sun.nio.ch.SocketChannelImpl.beginConnect(SocketChannelImpl.java:760)
	at java.base/sun.nio.ch.SocketChannelImpl.connect(SocketChannelImpl.java:848)
	at java.net.http/jdk.internal.net.http.PlainHttpConnection.lambda$connectAsync$0(PlainHttpConnection.java:183)
	at java.base/java.security.AccessController.doPrivileged(AccessController.java:569)
	at java.net.http/jdk.internal.net.http.PlainHttpConnection.connectAsync(PlainHttpConnection.java:185)
	... 9 common frames omitted
2026-06-23 09:50:59.083 [pool-1-thread-36] ERROR com.mp3.desktop.Programme3 - Erreur API - Tentative 2/2 pour ?Louane - Maman (2015) Official Music Video
java.net.ConnectException: null
	at java.net.http/jdk.internal.net.http.HttpClientImpl.send(HttpClientImpl.java:573)
	at java.net.http/jdk.internal.net.http.HttpClientFacade.send(HttpClientFacade.java:123)
	at com.mp3.desktop.Programme3.verifierSiExiste(Programme3.java:132)
	at com.mp3.desktop.Programme3.traiterMetadata(Programme3.java:102)
	at com.mp3.desktop.Programme3.lambda$run$0(Programme3.java:64)
	at com.rabbitmq.client.impl.recovery.AutorecoveringChannel$2.handleDelivery(AutorecoveringChannel.java:588)
	at com.rabbitmq.client.impl.ConsumerDispatcher$5.run(ConsumerDispatcher.java:149)
	at com.rabbitmq.client.impl.ConsumerWorkService$WorkPoolRunnable.run(ConsumerWorkService.java:111)
	at java.base/java.util.concurrent.ThreadPoolExecutor.runWorker(ThreadPoolExecutor.java:1136)
	at java.base/java.util.concurrent.ThreadPoolExecutor$Worker.run(ThreadPoolExecutor.java:635)
	at java.base/java.lang.Thread.run(Thread.java:842)
Caused by: java.net.ConnectException: null
	at java.net.http/jdk.internal.net.http.common.Utils.toConnectException(Utils.java:1055)
	at java.net.http/jdk.internal.net.http.PlainHttpConnection.connectAsync(PlainHttpConnection.java:198)
	at java.net.http/jdk.internal.net.http.PlainHttpConnection.checkRetryConnect(PlainHttpConnection.java:230)
	at java.net.http/jdk.internal.net.http.PlainHttpConnection.lambda$connectAsync$1(PlainHttpConnection.java:206)
	at java.base/java.util.concurrent.CompletableFuture.uniHandle(CompletableFuture.java:934)
	at java.base/java.util.concurrent.CompletableFuture.uniHandleStage(CompletableFuture.java:950)
	at java.base/java.util.concurrent.CompletableFuture.handle(CompletableFuture.java:2340)
	at java.net.http/jdk.internal.net.http.PlainHttpConnection.connectAsync(PlainHttpConnection.java:206)
	at java.net.http/jdk.internal.net.http.Http1Exchange.sendHeadersAsync(Http1Exchange.java:239)
	at java.net.http/jdk.internal.net.http.Exchange.lambda$responseAsyncImpl0$9(Exchange.java:472)
	at java.net.http/jdk.internal.net.http.Exchange.checkFor407(Exchange.java:404)
	at java.net.http/jdk.internal.net.http.Exchange.lambda$responseAsyncImpl0$10(Exchange.java:476)
	at java.base/java.util.concurrent.CompletableFuture.uniHandle(CompletableFuture.java:934)
	at java.base/java.util.concurrent.CompletableFuture.uniHandleStage(CompletableFuture.java:950)
	at java.base/java.util.concurrent.CompletableFuture.handle(CompletableFuture.java:2340)
	at java.net.http/jdk.internal.net.http.Exchange.responseAsyncImpl0(Exchange.java:476)
	at java.net.http/jdk.internal.net.http.Exchange.responseAsyncImpl(Exchange.java:380)
	at java.net.http/jdk.internal.net.http.Exchange.responseAsync(Exchange.java:372)
	at java.net.http/jdk.internal.net.http.MultiExchange.responseAsyncImpl(MultiExchange.java:408)
	at java.net.http/jdk.internal.net.http.MultiExchange.lambda$responseAsyncImpl$7(MultiExchange.java:449)
	at java.base/java.util.concurrent.CompletableFuture.uniHandle(CompletableFuture.java:934)
	at java.base/java.util.concurrent.CompletableFuture.uniHandleStage(CompletableFuture.java:950)
	at java.base/java.util.concurrent.CompletableFuture.handle(CompletableFuture.java:2340)
	at java.net.http/jdk.internal.net.http.MultiExchange.responseAsyncImpl(MultiExchange.java:439)
	at java.net.http/jdk.internal.net.http.MultiExchange.lambda$responseAsync0$2(MultiExchange.java:341)
	at java.base/java.util.concurrent.CompletableFuture$UniCompose.tryFire(CompletableFuture.java:1150)
	at java.base/java.util.concurrent.CompletableFuture.postComplete(CompletableFuture.java:510)
	at java.base/java.util.concurrent.CompletableFuture$AsyncSupply.run(CompletableFuture.java:1773)
	at java.net.http/jdk.internal.net.http.HttpClientImpl$DelegatingExecutor.execute(HttpClientImpl.java:157)
	at java.base/java.util.concurrent.CompletableFuture.completeAsync(CompletableFuture.java:2673)
	at java.net.http/jdk.internal.net.http.MultiExchange.responseAsync(MultiExchange.java:294)
	at java.net.http/jdk.internal.net.http.HttpClientImpl.sendAsync(HttpClientImpl.java:654)
	at java.net.http/jdk.internal.net.http.HttpClientImpl.send(HttpClientImpl.java:552)
	... 10 common frames omitted
Caused by: java.nio.channels.ClosedChannelException: null
	at java.base/sun.nio.ch.SocketChannelImpl.ensureOpen(SocketChannelImpl.java:195)
	at java.base/sun.nio.ch.SocketChannelImpl.beginConnect(SocketChannelImpl.java:760)
	at java.base/sun.nio.ch.SocketChannelImpl.connect(SocketChannelImpl.java:848)
	at java.net.http/jdk.internal.net.http.PlainHttpConnection.lambda$connectAsync$0(PlainHttpConnection.java:183)
	at java.base/java.security.AccessController.doPrivileged(AccessController.java:569)
	at java.net.http/jdk.internal.net.http.PlainHttpConnection.connectAsync(PlainHttpConnection.java:185)
	... 41 common frames omitted
2026-06-23 09:50:59.091 [pool-1-thread-36] ERROR com.mp3.desktop.Programme3 - ECHEC definitif pour l'envoi de : ?Louane - Maman (2015) Official Music Video. Le fichier NE SERA PAS supprime.
2026-06-23 09:50:59.098 [pool-1-thread-37] INFO  com.mp3.desktop.Programme3 - <- Metadata recu (P3) : Matsiro kosa ny nanaovan_i Fy Rasolofoniaina ny hiran_ny tarika _Zay teto.(480P_SD)
2026-06-23 09:50:59.103 [pool-1-thread-37] ERROR com.mp3.desktop.Programme3 - Erreur API - Tentative 1/2 pour Matsiro kosa ny nanaovan_i Fy Rasolofoniaina ny hiran_ny tarika _Zay teto.(480P_SD)
java.net.ConnectException: null
	at java.net.http/jdk.internal.net.http.HttpClientImpl.send(HttpClientImpl.java:573)
	at java.net.http/jdk.internal.net.http.HttpClientFacade.send(HttpClientFacade.java:123)
	at com.mp3.desktop.Programme3.verifierSiExiste(Programme3.java:132)
	at com.mp3.desktop.Programme3.traiterMetadata(Programme3.java:102)
	at com.mp3.desktop.Programme3.lambda$run$0(Programme3.java:64)
	at com.rabbitmq.client.impl.recovery.AutorecoveringChannel$2.handleDelivery(AutorecoveringChannel.java:588)
	at com.rabbitmq.client.impl.ConsumerDispatcher$5.run(ConsumerDispatcher.java:149)
	at com.rabbitmq.client.impl.ConsumerWorkService$WorkPoolRunnable.run(ConsumerWorkService.java:111)
	at java.base/java.util.concurrent.ThreadPoolExecutor.runWorker(ThreadPoolExecutor.java:1136)
	at java.base/java.util.concurrent.ThreadPoolExecutor$Worker.run(ThreadPoolExecutor.java:635)
	at java.base/java.lang.Thread.run(Thread.java:842)
Caused by: java.net.ConnectException: null
	at java.net.http/jdk.internal.net.http.common.Utils.toConnectException(Utils.java:1055)
	at java.net.http/jdk.internal.net.http.PlainHttpConnection.connectAsync(PlainHttpConnection.java:198)
	at java.net.http/jdk.internal.net.http.PlainHttpConnection.checkRetryConnect(PlainHttpConnection.java:230)
	at java.net.http/jdk.internal.net.http.PlainHttpConnection.lambda$connectAsync$1(PlainHttpConnection.java:206)
	at java.base/java.util.concurrent.CompletableFuture.uniHandle(CompletableFuture.java:934)
	at java.base/java.util.concurrent.CompletableFuture$UniHandle.tryFire(CompletableFuture.java:911)
	at java.base/java.util.concurrent.CompletableFuture.postComplete(CompletableFuture.java:510)
	at java.base/java.util.concurrent.CompletableFuture$AsyncSupply.run(CompletableFuture.java:1773)
	... 3 common frames omitted
Caused by: java.nio.channels.ClosedChannelException: null
	at java.base/sun.nio.ch.SocketChannelImpl.ensureOpen(SocketChannelImpl.java:195)
	at java.base/sun.nio.ch.SocketChannelImpl.beginConnect(SocketChannelImpl.java:760)
	at java.base/sun.nio.ch.SocketChannelImpl.connect(SocketChannelImpl.java:848)
	at java.net.http/jdk.internal.net.http.PlainHttpConnection.lambda$connectAsync$0(PlainHttpConnection.java:183)
	at java.base/java.security.AccessController.doPrivileged(AccessController.java:569)
	at java.net.http/jdk.internal.net.http.PlainHttpConnection.connectAsync(PlainHttpConnection.java:185)
	... 9 common frames omitted
2026-06-23 09:51:01.108 [pool-1-thread-37] ERROR com.mp3.desktop.Programme3 - Erreur API - Tentative 2/2 pour Matsiro kosa ny nanaovan_i Fy Rasolofoniaina ny hiran_ny tarika _Zay teto.(480P_SD)
java.net.ConnectException: null
	at java.net.http/jdk.internal.net.http.HttpClientImpl.send(HttpClientImpl.java:573)
	at java.net.http/jdk.internal.net.http.HttpClientFacade.send(HttpClientFacade.java:123)
	at com.mp3.desktop.Programme3.verifierSiExiste(Programme3.java:132)
	at com.mp3.desktop.Programme3.traiterMetadata(Programme3.java:102)
	at com.mp3.desktop.Programme3.lambda$run$0(Programme3.java:64)
	at com.rabbitmq.client.impl.recovery.AutorecoveringChannel$2.handleDelivery(AutorecoveringChannel.java:588)
	at com.rabbitmq.client.impl.ConsumerDispatcher$5.run(ConsumerDispatcher.java:149)
	at com.rabbitmq.client.impl.ConsumerWorkService$WorkPoolRunnable.run(ConsumerWorkService.java:111)
	at java.base/java.util.concurrent.ThreadPoolExecutor.runWorker(ThreadPoolExecutor.java:1136)
	at java.base/java.util.concurrent.ThreadPoolExecutor$Worker.run(ThreadPoolExecutor.java:635)
	at java.base/java.lang.Thread.run(Thread.java:842)
Caused by: java.net.ConnectException: null
	at java.net.http/jdk.internal.net.http.common.Utils.toConnectException(Utils.java:1055)
	at java.net.http/jdk.internal.net.http.PlainHttpConnection.connectAsync(PlainHttpConnection.java:198)
	at java.net.http/jdk.internal.net.http.PlainHttpConnection.checkRetryConnect(PlainHttpConnection.java:230)
	at java.net.http/jdk.internal.net.http.PlainHttpConnection.lambda$connectAsync$1(PlainHttpConnection.java:206)
	at java.base/java.util.concurrent.CompletableFuture.uniHandle(CompletableFuture.java:934)
	at java.base/java.util.concurrent.CompletableFuture$UniHandle.tryFire(CompletableFuture.java:911)
	at java.base/java.util.concurrent.CompletableFuture.postComplete(CompletableFuture.java:510)
	at java.base/java.util.concurrent.CompletableFuture$AsyncSupply.run(CompletableFuture.java:1773)
	... 3 common frames omitted
Caused by: java.nio.channels.ClosedChannelException: null
	at java.base/sun.nio.ch.SocketChannelImpl.ensureOpen(SocketChannelImpl.java:195)
	at java.base/sun.nio.ch.SocketChannelImpl.beginConnect(SocketChannelImpl.java:760)
	at java.base/sun.nio.ch.SocketChannelImpl.connect(SocketChannelImpl.java:848)
	at java.net.http/jdk.internal.net.http.PlainHttpConnection.lambda$connectAsync$0(PlainHttpConnection.java:183)
	at java.base/java.security.AccessController.doPrivileged(AccessController.java:569)
	at java.net.http/jdk.internal.net.http.PlainHttpConnection.connectAsync(PlainHttpConnection.java:185)
	... 9 common frames omitted
2026-06-23 09:51:01.108 [pool-1-thread-37] ERROR com.mp3.desktop.Programme3 - ECHEC definitif pour l'envoi de : Matsiro kosa ny nanaovan_i Fy Rasolofoniaina ny hiran_ny tarika _Zay teto.(480P_SD). Le fichier NE SERA PAS supprime.
2026-06-23 09:51:01.109 [pool-1-thread-38] INFO  com.mp3.desktop.Programme3 - <- Metadata recu (P3) : ?Misia
2026-06-23 09:51:01.109 [pool-1-thread-38] ERROR com.mp3.desktop.Programme3 - Erreur API - Tentative 1/2 pour ?Misia
java.net.ConnectException: null
	at java.net.http/jdk.internal.net.http.HttpClientImpl.send(HttpClientImpl.java:573)
	at java.net.http/jdk.internal.net.http.HttpClientFacade.send(HttpClientFacade.java:123)
	at com.mp3.desktop.Programme3.verifierSiExiste(Programme3.java:132)
	at com.mp3.desktop.Programme3.traiterMetadata(Programme3.java:102)
	at com.mp3.desktop.Programme3.lambda$run$0(Programme3.java:64)
	at com.rabbitmq.client.impl.recovery.AutorecoveringChannel$2.handleDelivery(AutorecoveringChannel.java:588)
	at com.rabbitmq.client.impl.ConsumerDispatcher$5.run(ConsumerDispatcher.java:149)
	at com.rabbitmq.client.impl.ConsumerWorkService$WorkPoolRunnable.run(ConsumerWorkService.java:111)
	at java.base/java.util.concurrent.ThreadPoolExecutor.runWorker(ThreadPoolExecutor.java:1136)
	at java.base/java.util.concurrent.ThreadPoolExecutor$Worker.run(ThreadPoolExecutor.java:635)
	at java.base/java.lang.Thread.run(Thread.java:842)
Caused by: java.net.ConnectException: null
	at java.net.http/jdk.internal.net.http.common.Utils.toConnectException(Utils.java:1055)
	at java.net.http/jdk.internal.net.http.PlainHttpConnection.connectAsync(PlainHttpConnection.java:198)
	at java.net.http/jdk.internal.net.http.PlainHttpConnection.checkRetryConnect(PlainHttpConnection.java:230)
	at java.net.http/jdk.internal.net.http.PlainHttpConnection.lambda$connectAsync$1(PlainHttpConnection.java:206)
	at java.base/java.util.concurrent.CompletableFuture.uniHandle(CompletableFuture.java:934)
	at java.base/java.util.concurrent.CompletableFuture$UniHandle.tryFire(CompletableFuture.java:911)
	at java.base/java.util.concurrent.CompletableFuture.postComplete(CompletableFuture.java:510)
	at java.base/java.util.concurrent.CompletableFuture$AsyncSupply.run(CompletableFuture.java:1773)
	... 3 common frames omitted
Caused by: java.nio.channels.ClosedChannelException: null
	at java.base/sun.nio.ch.SocketChannelImpl.ensureOpen(SocketChannelImpl.java:195)
	at java.base/sun.nio.ch.SocketChannelImpl.beginConnect(SocketChannelImpl.java:760)
	at java.base/sun.nio.ch.SocketChannelImpl.connect(SocketChannelImpl.java:848)
	at java.net.http/jdk.internal.net.http.PlainHttpConnection.lambda$connectAsync$0(PlainHttpConnection.java:183)
	at java.base/java.security.AccessController.doPrivileged(AccessController.java:569)
	at java.net.http/jdk.internal.net.http.PlainHttpConnection.connectAsync(PlainHttpConnection.java:185)
	... 9 common frames omitted
2026-06-23 09:51:03.120 [pool-1-thread-38] ERROR com.mp3.desktop.Programme3 - Erreur API - Tentative 2/2 pour ?Misia
java.net.ConnectException: null
	at java.net.http/jdk.internal.net.http.HttpClientImpl.send(HttpClientImpl.java:573)
	at java.net.http/jdk.internal.net.http.HttpClientFacade.send(HttpClientFacade.java:123)
	at com.mp3.desktop.Programme3.verifierSiExiste(Programme3.java:132)
	at com.mp3.desktop.Programme3.traiterMetadata(Programme3.java:102)
	at com.mp3.desktop.Programme3.lambda$run$0(Programme3.java:64)
	at com.rabbitmq.client.impl.recovery.AutorecoveringChannel$2.handleDelivery(AutorecoveringChannel.java:588)
	at com.rabbitmq.client.impl.ConsumerDispatcher$5.run(ConsumerDispatcher.java:149)
	at com.rabbitmq.client.impl.ConsumerWorkService$WorkPoolRunnable.run(ConsumerWorkService.java:111)
	at java.base/java.util.concurrent.ThreadPoolExecutor.runWorker(ThreadPoolExecutor.java:1136)
	at java.base/java.util.concurrent.ThreadPoolExecutor$Worker.run(ThreadPoolExecutor.java:635)
	at java.base/java.lang.Thread.run(Thread.java:842)
Caused by: java.net.ConnectException: null
	at java.net.http/jdk.internal.net.http.common.Utils.toConnectException(Utils.java:1055)
	at java.net.http/jdk.internal.net.http.PlainHttpConnection.connectAsync(PlainHttpConnection.java:198)
	at java.net.http/jdk.internal.net.http.PlainHttpConnection.checkRetryConnect(PlainHttpConnection.java:230)
	at java.net.http/jdk.internal.net.http.PlainHttpConnection.lambda$connectAsync$1(PlainHttpConnection.java:206)
	at java.base/java.util.concurrent.CompletableFuture.uniHandle(CompletableFuture.java:934)
	at java.base/java.util.concurrent.CompletableFuture$UniHandle.tryFire(CompletableFuture.java:911)
	at java.base/java.util.concurrent.CompletableFuture.postComplete(CompletableFuture.java:510)
	at java.base/java.util.concurrent.CompletableFuture$AsyncSupply.run(CompletableFuture.java:1773)
	... 3 common frames omitted
Caused by: java.nio.channels.ClosedChannelException: null
	at java.base/sun.nio.ch.SocketChannelImpl.ensureOpen(SocketChannelImpl.java:195)
	at java.base/sun.nio.ch.SocketChannelImpl.beginConnect(SocketChannelImpl.java:760)
	at java.base/sun.nio.ch.SocketChannelImpl.connect(SocketChannelImpl.java:848)
	at java.net.http/jdk.internal.net.http.PlainHttpConnection.lambda$connectAsync$0(PlainHttpConnection.java:183)
	at java.base/java.security.AccessController.doPrivileged(AccessController.java:569)
	at java.net.http/jdk.internal.net.http.PlainHttpConnection.connectAsync(PlainHttpConnection.java:185)
	... 9 common frames omitted
2026-06-23 09:51:03.120 [pool-1-thread-38] ERROR com.mp3.desktop.Programme3 - ECHEC definitif pour l'envoi de : ?Misia. Le fichier NE SERA PAS supprime.
2026-06-23 09:51:03.120 [pool-1-thread-43] INFO  com.mp3.desktop.Programme3 - <- Metadata recu (P3) : ?MITONIA - REKO (Official lyrics video)
2026-06-23 09:51:03.133 [pool-1-thread-43] ERROR com.mp3.desktop.Programme3 - Erreur API - Tentative 1/2 pour ?MITONIA - REKO (Official lyrics video)
java.net.ConnectException: null
	at java.net.http/jdk.internal.net.http.HttpClientImpl.send(HttpClientImpl.java:573)
	at java.net.http/jdk.internal.net.http.HttpClientFacade.send(HttpClientFacade.java:123)
	at com.mp3.desktop.Programme3.verifierSiExiste(Programme3.java:132)
	at com.mp3.desktop.Programme3.traiterMetadata(Programme3.java:102)
	at com.mp3.desktop.Programme3.lambda$run$0(Programme3.java:64)
	at com.rabbitmq.client.impl.recovery.AutorecoveringChannel$2.handleDelivery(AutorecoveringChannel.java:588)
	at com.rabbitmq.client.impl.ConsumerDispatcher$5.run(ConsumerDispatcher.java:149)
	at com.rabbitmq.client.impl.ConsumerWorkService$WorkPoolRunnable.run(ConsumerWorkService.java:111)
	at java.base/java.util.concurrent.ThreadPoolExecutor.runWorker(ThreadPoolExecutor.java:1136)
	at java.base/java.util.concurrent.ThreadPoolExecutor$Worker.run(ThreadPoolExecutor.java:635)
	at java.base/java.lang.Thread.run(Thread.java:842)
Caused by: java.net.ConnectException: null
	at java.net.http/jdk.internal.net.http.common.Utils.toConnectException(Utils.java:1055)
	at java.net.http/jdk.internal.net.http.PlainHttpConnection.connectAsync(PlainHttpConnection.java:198)
	at java.net.http/jdk.internal.net.http.PlainHttpConnection.checkRetryConnect(PlainHttpConnection.java:230)
	at java.net.http/jdk.internal.net.http.PlainHttpConnection.lambda$connectAsync$1(PlainHttpConnection.java:206)
	at java.base/java.util.concurrent.CompletableFuture.uniHandle(CompletableFuture.java:934)
	at java.base/java.util.concurrent.CompletableFuture$UniHandle.tryFire(CompletableFuture.java:911)
	at java.base/java.util.concurrent.CompletableFuture.postComplete(CompletableFuture.java:510)
	at java.base/java.util.concurrent.CompletableFuture$AsyncSupply.run(CompletableFuture.java:1773)
	... 3 common frames omitted
Caused by: java.nio.channels.ClosedChannelException: null
	at java.base/sun.nio.ch.SocketChannelImpl.ensureOpen(SocketChannelImpl.java:195)
	at java.base/sun.nio.ch.SocketChannelImpl.beginConnect(SocketChannelImpl.java:760)
	at java.base/sun.nio.ch.SocketChannelImpl.connect(SocketChannelImpl.java:848)
	at java.net.http/jdk.internal.net.http.PlainHttpConnection.lambda$connectAsync$0(PlainHttpConnection.java:183)
	at java.base/java.security.AccessController.doPrivileged(AccessController.java:569)
	at java.net.http/jdk.internal.net.http.PlainHttpConnection.connectAsync(PlainHttpConnection.java:185)
	... 9 common frames omitted
2026-06-23 09:51:05.152 [pool-1-thread-43] ERROR com.mp3.desktop.Programme3 - Erreur API - Tentative 2/2 pour ?MITONIA - REKO (Official lyrics video)
java.net.ConnectException: null
	at java.net.http/jdk.internal.net.http.HttpClientImpl.send(HttpClientImpl.java:573)
	at java.net.http/jdk.internal.net.http.HttpClientFacade.send(HttpClientFacade.java:123)
	at com.mp3.desktop.Programme3.verifierSiExiste(Programme3.java:132)
	at com.mp3.desktop.Programme3.traiterMetadata(Programme3.java:102)
	at com.mp3.desktop.Programme3.lambda$run$0(Programme3.java:64)
	at com.rabbitmq.client.impl.recovery.AutorecoveringChannel$2.handleDelivery(AutorecoveringChannel.java:588)
	at com.rabbitmq.client.impl.ConsumerDispatcher$5.run(ConsumerDispatcher.java:149)
	at com.rabbitmq.client.impl.ConsumerWorkService$WorkPoolRunnable.run(ConsumerWorkService.java:111)
	at java.base/java.util.concurrent.ThreadPoolExecutor.runWorker(ThreadPoolExecutor.java:1136)
	at java.base/java.util.concurrent.ThreadPoolExecutor$Worker.run(ThreadPoolExecutor.java:635)
	at java.base/java.lang.Thread.run(Thread.java:842)
Caused by: java.net.ConnectException: null
	at java.net.http/jdk.internal.net.http.common.Utils.toConnectException(Utils.java:1055)
	at java.net.http/jdk.internal.net.http.PlainHttpConnection.connectAsync(PlainHttpConnection.java:198)
	at java.net.http/jdk.internal.net.http.PlainHttpConnection.checkRetryConnect(PlainHttpConnection.java:230)
	at java.net.http/jdk.internal.net.http.PlainHttpConnection.lambda$connectAsync$1(PlainHttpConnection.java:206)
	at java.base/java.util.concurrent.CompletableFuture.uniHandle(CompletableFuture.java:934)
	at java.base/java.util.concurrent.CompletableFuture$UniHandle.tryFire(CompletableFuture.java:911)
	at java.base/java.util.concurrent.CompletableFuture.postComplete(CompletableFuture.java:510)
	at java.base/java.util.concurrent.CompletableFuture$AsyncSupply.run(CompletableFuture.java:1773)
	... 3 common frames omitted
Caused by: java.nio.channels.ClosedChannelException: null
	at java.base/sun.nio.ch.SocketChannelImpl.ensureOpen(SocketChannelImpl.java:195)
	at java.base/sun.nio.ch.SocketChannelImpl.beginConnect(SocketChannelImpl.java:760)
	at java.base/sun.nio.ch.SocketChannelImpl.connect(SocketChannelImpl.java:848)
	at java.net.http/jdk.internal.net.http.PlainHttpConnection.lambda$connectAsync$0(PlainHttpConnection.java:183)
	at java.base/java.security.AccessController.doPrivileged(AccessController.java:569)
	at java.net.http/jdk.internal.net.http.PlainHttpConnection.connectAsync(PlainHttpConnection.java:185)
	... 9 common frames omitted
2026-06-23 09:51:05.154 [pool-1-thread-43] ERROR com.mp3.desktop.Programme3 - ECHEC definitif pour l'envoi de : ?MITONIA - REKO (Official lyrics video). Le fichier NE SERA PAS supprime.
2026-06-23 09:51:05.157 [pool-1-thread-44] INFO  com.mp3.desktop.Programme3 - <- Metadata recu (P3) : ?Ny Anaranao
2026-06-23 09:51:05.160 [pool-1-thread-44] ERROR com.mp3.desktop.Programme3 - Erreur API - Tentative 1/2 pour ?Ny Anaranao
java.net.ConnectException: null
	at java.net.http/jdk.internal.net.http.HttpClientImpl.send(HttpClientImpl.java:573)
	at java.net.http/jdk.internal.net.http.HttpClientFacade.send(HttpClientFacade.java:123)
	at com.mp3.desktop.Programme3.verifierSiExiste(Programme3.java:132)
	at com.mp3.desktop.Programme3.traiterMetadata(Programme3.java:102)
	at com.mp3.desktop.Programme3.lambda$run$0(Programme3.java:64)
	at com.rabbitmq.client.impl.recovery.AutorecoveringChannel$2.handleDelivery(AutorecoveringChannel.java:588)
	at com.rabbitmq.client.impl.ConsumerDispatcher$5.run(ConsumerDispatcher.java:149)
	at com.rabbitmq.client.impl.ConsumerWorkService$WorkPoolRunnable.run(ConsumerWorkService.java:111)
	at java.base/java.util.concurrent.ThreadPoolExecutor.runWorker(ThreadPoolExecutor.java:1136)
	at java.base/java.util.concurrent.ThreadPoolExecutor$Worker.run(ThreadPoolExecutor.java:635)
	at java.base/java.lang.Thread.run(Thread.java:842)
Caused by: java.net.ConnectException: null
	at java.net.http/jdk.internal.net.http.common.Utils.toConnectException(Utils.java:1055)
	at java.net.http/jdk.internal.net.http.PlainHttpConnection.connectAsync(PlainHttpConnection.java:198)
	at java.net.http/jdk.internal.net.http.PlainHttpConnection.checkRetryConnect(PlainHttpConnection.java:230)
	at java.net.http/jdk.internal.net.http.PlainHttpConnection.lambda$connectAsync$1(PlainHttpConnection.java:206)
	at java.base/java.util.concurrent.CompletableFuture.uniHandle(CompletableFuture.java:934)
	at java.base/java.util.concurrent.CompletableFuture$UniHandle.tryFire(CompletableFuture.java:911)
	at java.base/java.util.concurrent.CompletableFuture.postComplete(CompletableFuture.java:510)
	at java.base/java.util.concurrent.CompletableFuture$AsyncSupply.run(CompletableFuture.java:1773)
	... 3 common frames omitted
Caused by: java.nio.channels.ClosedChannelException: null
	at java.base/sun.nio.ch.SocketChannelImpl.ensureOpen(SocketChannelImpl.java:195)
	at java.base/sun.nio.ch.SocketChannelImpl.beginConnect(SocketChannelImpl.java:760)
	at java.base/sun.nio.ch.SocketChannelImpl.connect(SocketChannelImpl.java:848)
	at java.net.http/jdk.internal.net.http.PlainHttpConnection.lambda$connectAsync$0(PlainHttpConnection.java:183)
	at java.base/java.security.AccessController.doPrivileged(AccessController.java:569)
	at java.net.http/jdk.internal.net.http.PlainHttpConnection.connectAsync(PlainHttpConnection.java:185)
	... 9 common frames omitted
2026-06-23 09:51:07.169 [pool-1-thread-44] ERROR com.mp3.desktop.Programme3 - Erreur API - Tentative 2/2 pour ?Ny Anaranao
java.net.ConnectException: null
	at java.net.http/jdk.internal.net.http.HttpClientImpl.send(HttpClientImpl.java:573)
	at java.net.http/jdk.internal.net.http.HttpClientFacade.send(HttpClientFacade.java:123)
	at com.mp3.desktop.Programme3.verifierSiExiste(Programme3.java:132)
	at com.mp3.desktop.Programme3.traiterMetadata(Programme3.java:102)
	at com.mp3.desktop.Programme3.lambda$run$0(Programme3.java:64)
	at com.rabbitmq.client.impl.recovery.AutorecoveringChannel$2.handleDelivery(AutorecoveringChannel.java:588)
	at com.rabbitmq.client.impl.ConsumerDispatcher$5.run(ConsumerDispatcher.java:149)
	at com.rabbitmq.client.impl.ConsumerWorkService$WorkPoolRunnable.run(ConsumerWorkService.java:111)
	at java.base/java.util.concurrent.ThreadPoolExecutor.runWorker(ThreadPoolExecutor.java:1136)
	at java.base/java.util.concurrent.ThreadPoolExecutor$Worker.run(ThreadPoolExecutor.java:635)
	at java.base/java.lang.Thread.run(Thread.java:842)
Caused by: java.net.ConnectException: null
	at java.net.http/jdk.internal.net.http.common.Utils.toConnectException(Utils.java:1055)
	at java.net.http/jdk.internal.net.http.PlainHttpConnection.connectAsync(PlainHttpConnection.java:198)
	at java.net.http/jdk.internal.net.http.PlainHttpConnection.checkRetryConnect(PlainHttpConnection.java:230)
	at java.net.http/jdk.internal.net.http.PlainHttpConnection.lambda$connectAsync$1(PlainHttpConnection.java:206)
	at java.base/java.util.concurrent.CompletableFuture.uniHandle(CompletableFuture.java:934)
	at java.base/java.util.concurrent.CompletableFuture$UniHandle.tryFire(CompletableFuture.java:911)
	at java.base/java.util.concurrent.CompletableFuture.postComplete(CompletableFuture.java:510)
	at java.base/java.util.concurrent.CompletableFuture$AsyncSupply.run(CompletableFuture.java:1773)
	... 3 common frames omitted
Caused by: java.nio.channels.ClosedChannelException: null
	at java.base/sun.nio.ch.SocketChannelImpl.ensureOpen(SocketChannelImpl.java:195)
	at java.base/sun.nio.ch.SocketChannelImpl.beginConnect(SocketChannelImpl.java:760)
	at java.base/sun.nio.ch.SocketChannelImpl.connect(SocketChannelImpl.java:848)
	at java.net.http/jdk.internal.net.http.PlainHttpConnection.lambda$connectAsync$0(PlainHttpConnection.java:183)
	at java.base/java.security.AccessController.doPrivileged(AccessController.java:569)
	at java.net.http/jdk.internal.net.http.PlainHttpConnection.connectAsync(PlainHttpConnection.java:185)
	... 9 common frames omitted
2026-06-23 09:51:07.169 [pool-1-thread-44] ERROR com.mp3.desktop.Programme3 - ECHEC definitif pour l'envoi de : ?Ny Anaranao. Le fichier NE SERA PAS supprime.
2026-06-23 09:51:07.169 [pool-1-thread-14] INFO  com.mp3.desktop.Programme3 - <- Metadata recu (P3) : ?Rotoroto
2026-06-23 09:51:07.169 [pool-1-thread-14] ERROR com.mp3.desktop.Programme3 - Erreur API - Tentative 1/2 pour ?Rotoroto
java.net.ConnectException: null
	at java.net.http/jdk.internal.net.http.HttpClientImpl.send(HttpClientImpl.java:573)
	at java.net.http/jdk.internal.net.http.HttpClientFacade.send(HttpClientFacade.java:123)
	at com.mp3.desktop.Programme3.verifierSiExiste(Programme3.java:132)
	at com.mp3.desktop.Programme3.traiterMetadata(Programme3.java:102)
	at com.mp3.desktop.Programme3.lambda$run$0(Programme3.java:64)
	at com.rabbitmq.client.impl.recovery.AutorecoveringChannel$2.handleDelivery(AutorecoveringChannel.java:588)
	at com.rabbitmq.client.impl.ConsumerDispatcher$5.run(ConsumerDispatcher.java:149)
	at com.rabbitmq.client.impl.ConsumerWorkService$WorkPoolRunnable.run(ConsumerWorkService.java:111)
	at java.base/java.util.concurrent.ThreadPoolExecutor.runWorker(ThreadPoolExecutor.java:1136)
	at java.base/java.util.concurrent.ThreadPoolExecutor$Worker.run(ThreadPoolExecutor.java:635)
	at java.base/java.lang.Thread.run(Thread.java:842)
Caused by: java.net.ConnectException: null
	at java.net.http/jdk.internal.net.http.common.Utils.toConnectException(Utils.java:1055)
	at java.net.http/jdk.internal.net.http.PlainHttpConnection.connectAsync(PlainHttpConnection.java:198)
	at java.net.http/jdk.internal.net.http.PlainHttpConnection.checkRetryConnect(PlainHttpConnection.java:230)
	at java.net.http/jdk.internal.net.http.PlainHttpConnection.lambda$connectAsync$1(PlainHttpConnection.java:206)
	at java.base/java.util.concurrent.CompletableFuture.uniHandle(CompletableFuture.java:934)
	at java.base/java.util.concurrent.CompletableFuture$UniHandle.tryFire(CompletableFuture.java:911)
	at java.base/java.util.concurrent.CompletableFuture.postComplete(CompletableFuture.java:510)
	at java.base/java.util.concurrent.CompletableFuture$AsyncSupply.run(CompletableFuture.java:1773)
	... 3 common frames omitted
Caused by: java.nio.channels.ClosedChannelException: null
	at java.base/sun.nio.ch.SocketChannelImpl.ensureOpen(SocketChannelImpl.java:195)
	at java.base/sun.nio.ch.SocketChannelImpl.beginConnect(SocketChannelImpl.java:760)
	at java.base/sun.nio.ch.SocketChannelImpl.connect(SocketChannelImpl.java:848)
	at java.net.http/jdk.internal.net.http.PlainHttpConnection.lambda$connectAsync$0(PlainHttpConnection.java:183)
	at java.base/java.security.AccessController.doPrivileged(AccessController.java:569)
	at java.net.http/jdk.internal.net.http.PlainHttpConnection.connectAsync(PlainHttpConnection.java:185)
	... 9 common frames omitted
2026-06-23 09:51:09.191 [pool-1-thread-14] ERROR com.mp3.desktop.Programme3 - Erreur API - Tentative 2/2 pour ?Rotoroto
java.net.ConnectException: null
	at java.net.http/jdk.internal.net.http.HttpClientImpl.send(HttpClientImpl.java:573)
	at java.net.http/jdk.internal.net.http.HttpClientFacade.send(HttpClientFacade.java:123)
	at com.mp3.desktop.Programme3.verifierSiExiste(Programme3.java:132)
	at com.mp3.desktop.Programme3.traiterMetadata(Programme3.java:102)
	at com.mp3.desktop.Programme3.lambda$run$0(Programme3.java:64)
	at com.rabbitmq.client.impl.recovery.AutorecoveringChannel$2.handleDelivery(AutorecoveringChannel.java:588)
	at com.rabbitmq.client.impl.ConsumerDispatcher$5.run(ConsumerDispatcher.java:149)
	at com.rabbitmq.client.impl.ConsumerWorkService$WorkPoolRunnable.run(ConsumerWorkService.java:111)
	at java.base/java.util.concurrent.ThreadPoolExecutor.runWorker(ThreadPoolExecutor.java:1136)
	at java.base/java.util.concurrent.ThreadPoolExecutor$Worker.run(ThreadPoolExecutor.java:635)
	at java.base/java.lang.Thread.run(Thread.java:842)
Caused by: java.net.ConnectException: null
	at java.net.http/jdk.internal.net.http.common.Utils.toConnectException(Utils.java:1055)
	at java.net.http/jdk.internal.net.http.PlainHttpConnection.connectAsync(PlainHttpConnection.java:198)
	at java.net.http/jdk.internal.net.http.PlainHttpConnection.checkRetryConnect(PlainHttpConnection.java:230)
	at java.net.http/jdk.internal.net.http.PlainHttpConnection.lambda$connectAsync$1(PlainHttpConnection.java:206)
	at java.base/java.util.concurrent.CompletableFuture.uniHandle(CompletableFuture.java:934)
	at java.base/java.util.concurrent.CompletableFuture$UniHandle.tryFire(CompletableFuture.java:911)
	at java.base/java.util.concurrent.CompletableFuture.postComplete(CompletableFuture.java:510)
	at java.base/java.util.concurrent.CompletableFuture$AsyncSupply.run(CompletableFuture.java:1773)
	... 3 common frames omitted
Caused by: java.nio.channels.ClosedChannelException: null
	at java.base/sun.nio.ch.SocketChannelImpl.ensureOpen(SocketChannelImpl.java:195)
	at java.base/sun.nio.ch.SocketChannelImpl.beginConnect(SocketChannelImpl.java:760)
	at java.base/sun.nio.ch.SocketChannelImpl.connect(SocketChannelImpl.java:848)
	at java.net.http/jdk.internal.net.http.PlainHttpConnection.lambda$connectAsync$0(PlainHttpConnection.java:183)
	at java.base/java.security.AccessController.doPrivileged(AccessController.java:569)
	at java.net.http/jdk.internal.net.http.PlainHttpConnection.connectAsync(PlainHttpConnection.java:185)
	... 9 common frames omitted
2026-06-23 09:51:09.191 [pool-1-thread-14] ERROR com.mp3.desktop.Programme3 - ECHEC definitif pour l'envoi de : ?Rotoroto. Le fichier NE SERA PAS supprime.
2026-06-23 09:51:09.204 [pool-1-thread-29] INFO  com.mp3.desktop.Programme3 - <- Metadata recu (P3) : ?Tongasoa
2026-06-23 09:51:09.209 [pool-1-thread-29] ERROR com.mp3.desktop.Programme3 - Erreur API - Tentative 1/2 pour ?Tongasoa
java.net.ConnectException: null
	at java.net.http/jdk.internal.net.http.HttpClientImpl.send(HttpClientImpl.java:573)
	at java.net.http/jdk.internal.net.http.HttpClientFacade.send(HttpClientFacade.java:123)
	at com.mp3.desktop.Programme3.verifierSiExiste(Programme3.java:132)
	at com.mp3.desktop.Programme3.traiterMetadata(Programme3.java:102)
	at com.mp3.desktop.Programme3.lambda$run$0(Programme3.java:64)
	at com.rabbitmq.client.impl.recovery.AutorecoveringChannel$2.handleDelivery(AutorecoveringChannel.java:588)
	at com.rabbitmq.client.impl.ConsumerDispatcher$5.run(ConsumerDispatcher.java:149)
	at com.rabbitmq.client.impl.ConsumerWorkService$WorkPoolRunnable.run(ConsumerWorkService.java:111)
	at java.base/java.util.concurrent.ThreadPoolExecutor.runWorker(ThreadPoolExecutor.java:1136)
	at java.base/java.util.concurrent.ThreadPoolExecutor$Worker.run(ThreadPoolExecutor.java:635)
	at java.base/java.lang.Thread.run(Thread.java:842)
Caused by: java.net.ConnectException: null
	at java.net.http/jdk.internal.net.http.common.Utils.toConnectException(Utils.java:1055)
	at java.net.http/jdk.internal.net.http.PlainHttpConnection.connectAsync(PlainHttpConnection.java:198)
	at java.net.http/jdk.internal.net.http.PlainHttpConnection.checkRetryConnect(PlainHttpConnection.java:230)
	at java.net.http/jdk.internal.net.http.PlainHttpConnection.lambda$connectAsync$1(PlainHttpConnection.java:206)
	at java.base/java.util.concurrent.CompletableFuture.uniHandle(CompletableFuture.java:934)
	at java.base/java.util.concurrent.CompletableFuture$UniHandle.tryFire(CompletableFuture.java:911)
	at java.base/java.util.concurrent.CompletableFuture.postComplete(CompletableFuture.java:510)
	at java.base/java.util.concurrent.CompletableFuture$AsyncSupply.run(CompletableFuture.java:1773)
	... 3 common frames omitted
Caused by: java.nio.channels.ClosedChannelException: null
	at java.base/sun.nio.ch.SocketChannelImpl.ensureOpen(SocketChannelImpl.java:195)
	at java.base/sun.nio.ch.SocketChannelImpl.beginConnect(SocketChannelImpl.java:760)
	at java.base/sun.nio.ch.SocketChannelImpl.connect(SocketChannelImpl.java:848)
	at java.net.http/jdk.internal.net.http.PlainHttpConnection.lambda$connectAsync$0(PlainHttpConnection.java:183)
	at java.base/java.security.AccessController.doPrivileged(AccessController.java:569)
	at java.net.http/jdk.internal.net.http.PlainHttpConnection.connectAsync(PlainHttpConnection.java:185)
	... 9 common frames omitted
2026-06-23 09:51:11.221 [pool-1-thread-29] ERROR com.mp3.desktop.Programme3 - Erreur API - Tentative 2/2 pour ?Tongasoa
java.net.ConnectException: null
	at java.net.http/jdk.internal.net.http.HttpClientImpl.send(HttpClientImpl.java:573)
	at java.net.http/jdk.internal.net.http.HttpClientFacade.send(HttpClientFacade.java:123)
	at com.mp3.desktop.Programme3.verifierSiExiste(Programme3.java:132)
	at com.mp3.desktop.Programme3.traiterMetadata(Programme3.java:102)
	at com.mp3.desktop.Programme3.lambda$run$0(Programme3.java:64)
	at com.rabbitmq.client.impl.recovery.AutorecoveringChannel$2.handleDelivery(AutorecoveringChannel.java:588)
	at com.rabbitmq.client.impl.ConsumerDispatcher$5.run(ConsumerDispatcher.java:149)
	at com.rabbitmq.client.impl.ConsumerWorkService$WorkPoolRunnable.run(ConsumerWorkService.java:111)
	at java.base/java.util.concurrent.ThreadPoolExecutor.runWorker(ThreadPoolExecutor.java:1136)
	at java.base/java.util.concurrent.ThreadPoolExecutor$Worker.run(ThreadPoolExecutor.java:635)
	at java.base/java.lang.Thread.run(Thread.java:842)
Caused by: java.net.ConnectException: null
	at java.net.http/jdk.internal.net.http.common.Utils.toConnectException(Utils.java:1055)
	at java.net.http/jdk.internal.net.http.PlainHttpConnection.connectAsync(PlainHttpConnection.java:198)
	at java.net.http/jdk.internal.net.http.PlainHttpConnection.checkRetryConnect(PlainHttpConnection.java:230)
	at java.net.http/jdk.internal.net.http.PlainHttpConnection.lambda$connectAsync$1(PlainHttpConnection.java:206)
	at java.base/java.util.concurrent.CompletableFuture.uniHandle(CompletableFuture.java:934)
	at java.base/java.util.concurrent.CompletableFuture$UniHandle.tryFire(CompletableFuture.java:911)
	at java.base/java.util.concurrent.CompletableFuture.postComplete(CompletableFuture.java:510)
	at java.base/java.util.concurrent.CompletableFuture$AsyncSupply.run(CompletableFuture.java:1773)
	... 3 common frames omitted
Caused by: java.nio.channels.ClosedChannelException: null
	at java.base/sun.nio.ch.SocketChannelImpl.ensureOpen(SocketChannelImpl.java:195)
	at java.base/sun.nio.ch.SocketChannelImpl.beginConnect(SocketChannelImpl.java:760)
	at java.base/sun.nio.ch.SocketChannelImpl.connect(SocketChannelImpl.java:848)
	at java.net.http/jdk.internal.net.http.PlainHttpConnection.lambda$connectAsync$0(PlainHttpConnection.java:183)
	at java.base/java.security.AccessController.doPrivileged(AccessController.java:569)
	at java.net.http/jdk.internal.net.http.PlainHttpConnection.connectAsync(PlainHttpConnection.java:185)
	... 9 common frames omitted
2026-06-23 09:51:11.223 [pool-1-thread-29] ERROR com.mp3.desktop.Programme3 - ECHEC definitif pour l'envoi de : ?Tongasoa. Le fichier NE SERA PAS supprime.
2026-06-23 09:51:11.237 [pool-1-thread-35] INFO  com.mp3.desktop.Programme3 - <- Metadata recu (P3) : ?Happier Than Ever
2026-06-23 09:51:11.242 [pool-1-thread-35] ERROR com.mp3.desktop.Programme3 - Erreur API - Tentative 1/2 pour ?Happier Than Ever
java.net.ConnectException: null
	at java.net.http/jdk.internal.net.http.HttpClientImpl.send(HttpClientImpl.java:573)
	at java.net.http/jdk.internal.net.http.HttpClientFacade.send(HttpClientFacade.java:123)
	at com.mp3.desktop.Programme3.verifierSiExiste(Programme3.java:132)
	at com.mp3.desktop.Programme3.traiterMetadata(Programme3.java:102)
	at com.mp3.desktop.Programme3.lambda$run$0(Programme3.java:64)
	at com.rabbitmq.client.impl.recovery.AutorecoveringChannel$2.handleDelivery(AutorecoveringChannel.java:588)
	at com.rabbitmq.client.impl.ConsumerDispatcher$5.run(ConsumerDispatcher.java:149)
	at com.rabbitmq.client.impl.ConsumerWorkService$WorkPoolRunnable.run(ConsumerWorkService.java:111)
	at java.base/java.util.concurrent.ThreadPoolExecutor.runWorker(ThreadPoolExecutor.java:1136)
	at java.base/java.util.concurrent.ThreadPoolExecutor$Worker.run(ThreadPoolExecutor.java:635)
	at java.base/java.lang.Thread.run(Thread.java:842)
Caused by: java.net.ConnectException: null
	at java.net.http/jdk.internal.net.http.common.Utils.toConnectException(Utils.java:1055)
	at java.net.http/jdk.internal.net.http.PlainHttpConnection.connectAsync(PlainHttpConnection.java:198)
	at java.net.http/jdk.internal.net.http.PlainHttpConnection.checkRetryConnect(PlainHttpConnection.java:230)
	at java.net.http/jdk.internal.net.http.PlainHttpConnection.lambda$connectAsync$1(PlainHttpConnection.java:206)
	at java.base/java.util.concurrent.CompletableFuture.uniHandle(CompletableFuture.java:934)
	at java.base/java.util.concurrent.CompletableFuture$UniHandle.tryFire(CompletableFuture.java:911)
	at java.base/java.util.concurrent.CompletableFuture.postComplete(CompletableFuture.java:510)
	at java.base/java.util.concurrent.CompletableFuture$AsyncSupply.run(CompletableFuture.java:1773)
	... 3 common frames omitted
Caused by: java.nio.channels.ClosedChannelException: null
	at java.base/sun.nio.ch.SocketChannelImpl.ensureOpen(SocketChannelImpl.java:195)
	at java.base/sun.nio.ch.SocketChannelImpl.beginConnect(SocketChannelImpl.java:760)
	at java.base/sun.nio.ch.SocketChannelImpl.connect(SocketChannelImpl.java:848)
	at java.net.http/jdk.internal.net.http.PlainHttpConnection.lambda$connectAsync$0(PlainHttpConnection.java:183)
	at java.base/java.security.AccessController.doPrivileged(AccessController.java:569)
	at java.net.http/jdk.internal.net.http.PlainHttpConnection.connectAsync(PlainHttpConnection.java:185)
	... 9 common frames omitted
2026-06-23 09:51:13.252 [pool-1-thread-35] ERROR com.mp3.desktop.Programme3 - Erreur API - Tentative 2/2 pour ?Happier Than Ever
java.net.ConnectException: null
	at java.net.http/jdk.internal.net.http.HttpClientImpl.send(HttpClientImpl.java:573)
	at java.net.http/jdk.internal.net.http.HttpClientFacade.send(HttpClientFacade.java:123)
	at com.mp3.desktop.Programme3.verifierSiExiste(Programme3.java:132)
	at com.mp3.desktop.Programme3.traiterMetadata(Programme3.java:102)
	at com.mp3.desktop.Programme3.lambda$run$0(Programme3.java:64)
	at com.rabbitmq.client.impl.recovery.AutorecoveringChannel$2.handleDelivery(AutorecoveringChannel.java:588)
	at com.rabbitmq.client.impl.ConsumerDispatcher$5.run(ConsumerDispatcher.java:149)
	at com.rabbitmq.client.impl.ConsumerWorkService$WorkPoolRunnable.run(ConsumerWorkService.java:111)
	at java.base/java.util.concurrent.ThreadPoolExecutor.runWorker(ThreadPoolExecutor.java:1136)
	at java.base/java.util.concurrent.ThreadPoolExecutor$Worker.run(ThreadPoolExecutor.java:635)
	at java.base/java.lang.Thread.run(Thread.java:842)
Caused by: java.net.ConnectException: null
	at java.net.http/jdk.internal.net.http.common.Utils.toConnectException(Utils.java:1055)
	at java.net.http/jdk.internal.net.http.PlainHttpConnection.connectAsync(PlainHttpConnection.java:198)
	at java.net.http/jdk.internal.net.http.PlainHttpConnection.checkRetryConnect(PlainHttpConnection.java:230)
	at java.net.http/jdk.internal.net.http.PlainHttpConnection.lambda$connectAsync$1(PlainHttpConnection.java:206)
	at java.base/java.util.concurrent.CompletableFuture.uniHandle(CompletableFuture.java:934)
	at java.base/java.util.concurrent.CompletableFuture$UniHandle.tryFire(CompletableFuture.java:911)
	at java.base/java.util.concurrent.CompletableFuture.postComplete(CompletableFuture.java:510)
	at java.base/java.util.concurrent.CompletableFuture$AsyncSupply.run(CompletableFuture.java:1773)
	... 3 common frames omitted
Caused by: java.nio.channels.ClosedChannelException: null
	at java.base/sun.nio.ch.SocketChannelImpl.ensureOpen(SocketChannelImpl.java:195)
	at java.base/sun.nio.ch.SocketChannelImpl.beginConnect(SocketChannelImpl.java:760)
	at java.base/sun.nio.ch.SocketChannelImpl.connect(SocketChannelImpl.java:848)
	at java.net.http/jdk.internal.net.http.PlainHttpConnection.lambda$connectAsync$0(PlainHttpConnection.java:183)
	at java.base/java.security.AccessController.doPrivileged(AccessController.java:569)
	at java.net.http/jdk.internal.net.http.PlainHttpConnection.connectAsync(PlainHttpConnection.java:185)
	... 9 common frames omitted
2026-06-23 09:51:13.252 [pool-1-thread-35] ERROR com.mp3.desktop.Programme3 - ECHEC definitif pour l'envoi de : ?Happier Than Ever. Le fichier NE SERA PAS supprime.
2026-06-23 09:51:13.259 [pool-1-thread-36] INFO  com.mp3.desktop.Programme3 - <- Metadata recu (P3) : ?HATRAIZA / AZA AVELA - REKO
2026-06-23 09:51:13.260 [pool-1-thread-36] ERROR com.mp3.desktop.Programme3 - Erreur API - Tentative 1/2 pour ?HATRAIZA / AZA AVELA - REKO
java.net.ConnectException: null
	at java.net.http/jdk.internal.net.http.HttpClientImpl.send(HttpClientImpl.java:573)
	at java.net.http/jdk.internal.net.http.HttpClientFacade.send(HttpClientFacade.java:123)
	at com.mp3.desktop.Programme3.verifierSiExiste(Programme3.java:132)
	at com.mp3.desktop.Programme3.traiterMetadata(Programme3.java:102)
	at com.mp3.desktop.Programme3.lambda$run$0(Programme3.java:64)
	at com.rabbitmq.client.impl.recovery.AutorecoveringChannel$2.handleDelivery(AutorecoveringChannel.java:588)
	at com.rabbitmq.client.impl.ConsumerDispatcher$5.run(ConsumerDispatcher.java:149)
	at com.rabbitmq.client.impl.ConsumerWorkService$WorkPoolRunnable.run(ConsumerWorkService.java:111)
	at java.base/java.util.concurrent.ThreadPoolExecutor.runWorker(ThreadPoolExecutor.java:1136)
	at java.base/java.util.concurrent.ThreadPoolExecutor$Worker.run(ThreadPoolExecutor.java:635)
	at java.base/java.lang.Thread.run(Thread.java:842)
Caused by: java.net.ConnectException: null
	at java.net.http/jdk.internal.net.http.common.Utils.toConnectException(Utils.java:1055)
	at java.net.http/jdk.internal.net.http.PlainHttpConnection.connectAsync(PlainHttpConnection.java:198)
	at java.net.http/jdk.internal.net.http.PlainHttpConnection.checkRetryConnect(PlainHttpConnection.java:230)
	at java.net.http/jdk.internal.net.http.PlainHttpConnection.lambda$connectAsync$1(PlainHttpConnection.java:206)
	at java.base/java.util.concurrent.CompletableFuture.uniHandle(CompletableFuture.java:934)
	at java.base/java.util.concurrent.CompletableFuture$UniHandle.tryFire(CompletableFuture.java:911)
	at java.base/java.util.concurrent.CompletableFuture.postComplete(CompletableFuture.java:510)
	at java.base/java.util.concurrent.CompletableFuture$AsyncSupply.run(CompletableFuture.java:1773)
	... 3 common frames omitted
Caused by: java.nio.channels.ClosedChannelException: null
	at java.base/sun.nio.ch.SocketChannelImpl.ensureOpen(SocketChannelImpl.java:195)
	at java.base/sun.nio.ch.SocketChannelImpl.beginConnect(SocketChannelImpl.java:760)
	at java.base/sun.nio.ch.SocketChannelImpl.connect(SocketChannelImpl.java:848)
	at java.net.http/jdk.internal.net.http.PlainHttpConnection.lambda$connectAsync$0(PlainHttpConnection.java:183)
	at java.base/java.security.AccessController.doPrivileged(AccessController.java:569)
	at java.net.http/jdk.internal.net.http.PlainHttpConnection.connectAsync(PlainHttpConnection.java:185)
	... 9 common frames omitted
2026-06-23 09:51:15.276 [pool-1-thread-36] ERROR com.mp3.desktop.Programme3 - Erreur API - Tentative 2/2 pour ?HATRAIZA / AZA AVELA - REKO
java.net.ConnectException: null
	at java.net.http/jdk.internal.net.http.HttpClientImpl.send(HttpClientImpl.java:573)
	at java.net.http/jdk.internal.net.http.HttpClientFacade.send(HttpClientFacade.java:123)
	at com.mp3.desktop.Programme3.verifierSiExiste(Programme3.java:132)
	at com.mp3.desktop.Programme3.traiterMetadata(Programme3.java:102)
	at com.mp3.desktop.Programme3.lambda$run$0(Programme3.java:64)
	at com.rabbitmq.client.impl.recovery.AutorecoveringChannel$2.handleDelivery(AutorecoveringChannel.java:588)
	at com.rabbitmq.client.impl.ConsumerDispatcher$5.run(ConsumerDispatcher.java:149)
	at com.rabbitmq.client.impl.ConsumerWorkService$WorkPoolRunnable.run(ConsumerWorkService.java:111)
	at java.base/java.util.concurrent.ThreadPoolExecutor.runWorker(ThreadPoolExecutor.java:1136)
	at java.base/java.util.concurrent.ThreadPoolExecutor$Worker.run(ThreadPoolExecutor.java:635)
	at java.base/java.lang.Thread.run(Thread.java:842)
Caused by: java.net.ConnectException: null
	at java.net.http/jdk.internal.net.http.common.Utils.toConnectException(Utils.java:1055)
	at java.net.http/jdk.internal.net.http.PlainHttpConnection.connectAsync(PlainHttpConnection.java:198)
	at java.net.http/jdk.internal.net.http.PlainHttpConnection.checkRetryConnect(PlainHttpConnection.java:230)
	at java.net.http/jdk.internal.net.http.PlainHttpConnection.lambda$connectAsync$1(PlainHttpConnection.java:206)
	at java.base/java.util.concurrent.CompletableFuture.uniHandle(CompletableFuture.java:934)
	at java.base/java.util.concurrent.CompletableFuture$UniHandle.tryFire(CompletableFuture.java:911)
	at java.base/java.util.concurrent.CompletableFuture.postComplete(CompletableFuture.java:510)
	at java.base/java.util.concurrent.CompletableFuture$AsyncSupply.run(CompletableFuture.java:1773)
	... 3 common frames omitted
Caused by: java.nio.channels.ClosedChannelException: null
	at java.base/sun.nio.ch.SocketChannelImpl.ensureOpen(SocketChannelImpl.java:195)
	at java.base/sun.nio.ch.SocketChannelImpl.beginConnect(SocketChannelImpl.java:760)
	at java.base/sun.nio.ch.SocketChannelImpl.connect(SocketChannelImpl.java:848)
	at java.net.http/jdk.internal.net.http.PlainHttpConnection.lambda$connectAsync$0(PlainHttpConnection.java:183)
	at java.base/java.security.AccessController.doPrivileged(AccessController.java:569)
	at java.net.http/jdk.internal.net.http.PlainHttpConnection.connectAsync(PlainHttpConnection.java:185)
	... 9 common frames omitted
2026-06-23 09:51:15.276 [pool-1-thread-36] ERROR com.mp3.desktop.Programme3 - ECHEC definitif pour l'envoi de : ?HATRAIZA / AZA AVELA - REKO. Le fichier NE SERA PAS supprime.
2026-06-23 09:51:15.276 [pool-1-thread-37] INFO  com.mp3.desktop.Programme3 - <- Metadata recu (P3) : ?Louane - Maman (2015) Official Music Video
2026-06-23 09:51:15.282 [pool-1-thread-37] ERROR com.mp3.desktop.Programme3 - Erreur API - Tentative 1/2 pour ?Louane - Maman (2015) Official Music Video
java.net.ConnectException: null
	at java.net.http/jdk.internal.net.http.HttpClientImpl.send(HttpClientImpl.java:573)
	at java.net.http/jdk.internal.net.http.HttpClientFacade.send(HttpClientFacade.java:123)
	at com.mp3.desktop.Programme3.verifierSiExiste(Programme3.java:132)
	at com.mp3.desktop.Programme3.traiterMetadata(Programme3.java:102)
	at com.mp3.desktop.Programme3.lambda$run$0(Programme3.java:64)
	at com.rabbitmq.client.impl.recovery.AutorecoveringChannel$2.handleDelivery(AutorecoveringChannel.java:588)
	at com.rabbitmq.client.impl.ConsumerDispatcher$5.run(ConsumerDispatcher.java:149)
	at com.rabbitmq.client.impl.ConsumerWorkService$WorkPoolRunnable.run(ConsumerWorkService.java:111)
	at java.base/java.util.concurrent.ThreadPoolExecutor.runWorker(ThreadPoolExecutor.java:1136)
	at java.base/java.util.concurrent.ThreadPoolExecutor$Worker.run(ThreadPoolExecutor.java:635)
	at java.base/java.lang.Thread.run(Thread.java:842)
Caused by: java.net.ConnectException: null
	at java.net.http/jdk.internal.net.http.common.Utils.toConnectException(Utils.java:1055)
	at java.net.http/jdk.internal.net.http.PlainHttpConnection.connectAsync(PlainHttpConnection.java:198)
	at java.net.http/jdk.internal.net.http.PlainHttpConnection.checkRetryConnect(PlainHttpConnection.java:230)
	at java.net.http/jdk.internal.net.http.PlainHttpConnection.lambda$connectAsync$1(PlainHttpConnection.java:206)
	at java.base/java.util.concurrent.CompletableFuture.uniHandle(CompletableFuture.java:934)
	at java.base/java.util.concurrent.CompletableFuture$UniHandle.tryFire(CompletableFuture.java:911)
	at java.base/java.util.concurrent.CompletableFuture.postComplete(CompletableFuture.java:510)
	at java.base/java.util.concurrent.CompletableFuture$AsyncSupply.run(CompletableFuture.java:1773)
	... 3 common frames omitted
Caused by: java.nio.channels.ClosedChannelException: null
	at java.base/sun.nio.ch.SocketChannelImpl.ensureOpen(SocketChannelImpl.java:195)
	at java.base/sun.nio.ch.SocketChannelImpl.beginConnect(SocketChannelImpl.java:760)
	at java.base/sun.nio.ch.SocketChannelImpl.connect(SocketChannelImpl.java:848)
	at java.net.http/jdk.internal.net.http.PlainHttpConnection.lambda$connectAsync$0(PlainHttpConnection.java:183)
	at java.base/java.security.AccessController.doPrivileged(AccessController.java:569)
	at java.net.http/jdk.internal.net.http.PlainHttpConnection.connectAsync(PlainHttpConnection.java:185)
	... 9 common frames omitted
2026-06-23 09:51:17.286 [pool-1-thread-37] ERROR com.mp3.desktop.Programme3 - Erreur API - Tentative 2/2 pour ?Louane - Maman (2015) Official Music Video
java.net.ConnectException: null
	at java.net.http/jdk.internal.net.http.HttpClientImpl.send(HttpClientImpl.java:573)
	at java.net.http/jdk.internal.net.http.HttpClientFacade.send(HttpClientFacade.java:123)
	at com.mp3.desktop.Programme3.verifierSiExiste(Programme3.java:132)
	at com.mp3.desktop.Programme3.traiterMetadata(Programme3.java:102)
	at com.mp3.desktop.Programme3.lambda$run$0(Programme3.java:64)
	at com.rabbitmq.client.impl.recovery.AutorecoveringChannel$2.handleDelivery(AutorecoveringChannel.java:588)
	at com.rabbitmq.client.impl.ConsumerDispatcher$5.run(ConsumerDispatcher.java:149)
	at com.rabbitmq.client.impl.ConsumerWorkService$WorkPoolRunnable.run(ConsumerWorkService.java:111)
	at java.base/java.util.concurrent.ThreadPoolExecutor.runWorker(ThreadPoolExecutor.java:1136)
	at java.base/java.util.concurrent.ThreadPoolExecutor$Worker.run(ThreadPoolExecutor.java:635)
	at java.base/java.lang.Thread.run(Thread.java:842)
Caused by: java.net.ConnectException: null
	at java.net.http/jdk.internal.net.http.common.Utils.toConnectException(Utils.java:1055)
	at java.net.http/jdk.internal.net.http.PlainHttpConnection.connectAsync(PlainHttpConnection.java:198)
	at java.net.http/jdk.internal.net.http.PlainHttpConnection.checkRetryConnect(PlainHttpConnection.java:230)
	at java.net.http/jdk.internal.net.http.PlainHttpConnection.lambda$connectAsync$1(PlainHttpConnection.java:206)
	at java.base/java.util.concurrent.CompletableFuture.uniHandle(CompletableFuture.java:934)
	at java.base/java.util.concurrent.CompletableFuture$UniHandle.tryFire(CompletableFuture.java:911)
	at java.base/java.util.concurrent.CompletableFuture.postComplete(CompletableFuture.java:510)
	at java.base/java.util.concurrent.CompletableFuture$AsyncSupply.run(CompletableFuture.java:1773)
	... 3 common frames omitted
Caused by: java.nio.channels.ClosedChannelException: null
	at java.base/sun.nio.ch.SocketChannelImpl.ensureOpen(SocketChannelImpl.java:195)
	at java.base/sun.nio.ch.SocketChannelImpl.beginConnect(SocketChannelImpl.java:760)
	at java.base/sun.nio.ch.SocketChannelImpl.connect(SocketChannelImpl.java:848)
	at java.net.http/jdk.internal.net.http.PlainHttpConnection.lambda$connectAsync$0(PlainHttpConnection.java:183)
	at java.base/java.security.AccessController.doPrivileged(AccessController.java:569)
	at java.net.http/jdk.internal.net.http.PlainHttpConnection.connectAsync(PlainHttpConnection.java:185)
	... 9 common frames omitted
2026-06-23 09:51:17.288 [pool-1-thread-37] ERROR com.mp3.desktop.Programme3 - ECHEC definitif pour l'envoi de : ?Louane - Maman (2015) Official Music Video. Le fichier NE SERA PAS supprime.
2026-06-23 09:51:17.289 [pool-1-thread-38] INFO  com.mp3.desktop.Programme3 - <- Metadata recu (P3) : Matsiro kosa ny nanaovan_i Fy Rasolofoniaina ny hiran_ny tarika _Zay teto.(480P_SD)
2026-06-23 09:51:17.292 [pool-1-thread-38] ERROR com.mp3.desktop.Programme3 - Erreur API - Tentative 1/2 pour Matsiro kosa ny nanaovan_i Fy Rasolofoniaina ny hiran_ny tarika _Zay teto.(480P_SD)
java.net.ConnectException: null
	at java.net.http/jdk.internal.net.http.HttpClientImpl.send(HttpClientImpl.java:573)
	at java.net.http/jdk.internal.net.http.HttpClientFacade.send(HttpClientFacade.java:123)
	at com.mp3.desktop.Programme3.verifierSiExiste(Programme3.java:132)
	at com.mp3.desktop.Programme3.traiterMetadata(Programme3.java:102)
	at com.mp3.desktop.Programme3.lambda$run$0(Programme3.java:64)
	at com.rabbitmq.client.impl.recovery.AutorecoveringChannel$2.handleDelivery(AutorecoveringChannel.java:588)
	at com.rabbitmq.client.impl.ConsumerDispatcher$5.run(ConsumerDispatcher.java:149)
	at com.rabbitmq.client.impl.ConsumerWorkService$WorkPoolRunnable.run(ConsumerWorkService.java:111)
	at java.base/java.util.concurrent.ThreadPoolExecutor.runWorker(ThreadPoolExecutor.java:1136)
	at java.base/java.util.concurrent.ThreadPoolExecutor$Worker.run(ThreadPoolExecutor.java:635)
	at java.base/java.lang.Thread.run(Thread.java:842)
Caused by: java.net.ConnectException: null
	at java.net.http/jdk.internal.net.http.common.Utils.toConnectException(Utils.java:1055)
	at java.net.http/jdk.internal.net.http.PlainHttpConnection.connectAsync(PlainHttpConnection.java:198)
	at java.net.http/jdk.internal.net.http.PlainHttpConnection.checkRetryConnect(PlainHttpConnection.java:230)
	at java.net.http/jdk.internal.net.http.PlainHttpConnection.lambda$connectAsync$1(PlainHttpConnection.java:206)
	at java.base/java.util.concurrent.CompletableFuture.uniHandle(CompletableFuture.java:934)
	at java.base/java.util.concurrent.CompletableFuture$UniHandle.tryFire(CompletableFuture.java:911)
	at java.base/java.util.concurrent.CompletableFuture.postComplete(CompletableFuture.java:510)
	at java.base/java.util.concurrent.CompletableFuture$AsyncSupply.run(CompletableFuture.java:1773)
	... 3 common frames omitted
Caused by: java.nio.channels.ClosedChannelException: null
	at java.base/sun.nio.ch.SocketChannelImpl.ensureOpen(SocketChannelImpl.java:195)
	at java.base/sun.nio.ch.SocketChannelImpl.beginConnect(SocketChannelImpl.java:760)
	at java.base/sun.nio.ch.SocketChannelImpl.connect(SocketChannelImpl.java:848)
	at java.net.http/jdk.internal.net.http.PlainHttpConnection.lambda$connectAsync$0(PlainHttpConnection.java:183)
	at java.base/java.security.AccessController.doPrivileged(AccessController.java:569)
	at java.net.http/jdk.internal.net.http.PlainHttpConnection.connectAsync(PlainHttpConnection.java:185)
	... 9 common frames omitted
2026-06-23 09:51:19.294 [pool-1-thread-38] ERROR com.mp3.desktop.Programme3 - Erreur API - Tentative 2/2 pour Matsiro kosa ny nanaovan_i Fy Rasolofoniaina ny hiran_ny tarika _Zay teto.(480P_SD)
java.net.ConnectException: null
	at java.net.http/jdk.internal.net.http.HttpClientImpl.send(HttpClientImpl.java:573)
	at java.net.http/jdk.internal.net.http.HttpClientFacade.send(HttpClientFacade.java:123)
	at com.mp3.desktop.Programme3.verifierSiExiste(Programme3.java:132)
	at com.mp3.desktop.Programme3.traiterMetadata(Programme3.java:102)
	at com.mp3.desktop.Programme3.lambda$run$0(Programme3.java:64)
	at com.rabbitmq.client.impl.recovery.AutorecoveringChannel$2.handleDelivery(AutorecoveringChannel.java:588)
	at com.rabbitmq.client.impl.ConsumerDispatcher$5.run(ConsumerDispatcher.java:149)
	at com.rabbitmq.client.impl.ConsumerWorkService$WorkPoolRunnable.run(ConsumerWorkService.java:111)
	at java.base/java.util.concurrent.ThreadPoolExecutor.runWorker(ThreadPoolExecutor.java:1136)
	at java.base/java.util.concurrent.ThreadPoolExecutor$Worker.run(ThreadPoolExecutor.java:635)
	at java.base/java.lang.Thread.run(Thread.java:842)
Caused by: java.net.ConnectException: null
	at java.net.http/jdk.internal.net.http.common.Utils.toConnectException(Utils.java:1055)
	at java.net.http/jdk.internal.net.http.PlainHttpConnection.connectAsync(PlainHttpConnection.java:198)
	at java.net.http/jdk.internal.net.http.PlainHttpConnection.checkRetryConnect(PlainHttpConnection.java:230)
	at java.net.http/jdk.internal.net.http.PlainHttpConnection.lambda$connectAsync$1(PlainHttpConnection.java:206)
	at java.base/java.util.concurrent.CompletableFuture.uniHandle(CompletableFuture.java:934)
	at java.base/java.util.concurrent.CompletableFuture$UniHandle.tryFire(CompletableFuture.java:911)
	at java.base/java.util.concurrent.CompletableFuture.postComplete(CompletableFuture.java:510)
	at java.base/java.util.concurrent.CompletableFuture$AsyncSupply.run(CompletableFuture.java:1773)
	... 3 common frames omitted
Caused by: java.nio.channels.ClosedChannelException: null
	at java.base/sun.nio.ch.SocketChannelImpl.ensureOpen(SocketChannelImpl.java:195)
	at java.base/sun.nio.ch.SocketChannelImpl.beginConnect(SocketChannelImpl.java:760)
	at java.base/sun.nio.ch.SocketChannelImpl.connect(SocketChannelImpl.java:848)
	at java.net.http/jdk.internal.net.http.PlainHttpConnection.lambda$connectAsync$0(PlainHttpConnection.java:183)
	at java.base/java.security.AccessController.doPrivileged(AccessController.java:569)
	at java.net.http/jdk.internal.net.http.PlainHttpConnection.connectAsync(PlainHttpConnection.java:185)
	... 9 common frames omitted
2026-06-23 09:51:19.294 [pool-1-thread-38] ERROR com.mp3.desktop.Programme3 - ECHEC definitif pour l'envoi de : Matsiro kosa ny nanaovan_i Fy Rasolofoniaina ny hiran_ny tarika _Zay teto.(480P_SD). Le fichier NE SERA PAS supprime.
2026-06-23 09:51:19.294 [pool-1-thread-43] INFO  com.mp3.desktop.Programme3 - <- Metadata recu (P3) : ?Misia
2026-06-23 09:51:19.294 [pool-1-thread-43] ERROR com.mp3.desktop.Programme3 - Erreur API - Tentative 1/2 pour ?Misia
java.net.ConnectException: null
	at java.net.http/jdk.internal.net.http.HttpClientImpl.send(HttpClientImpl.java:573)
	at java.net.http/jdk.internal.net.http.HttpClientFacade.send(HttpClientFacade.java:123)
	at com.mp3.desktop.Programme3.verifierSiExiste(Programme3.java:132)
	at com.mp3.desktop.Programme3.traiterMetadata(Programme3.java:102)
	at com.mp3.desktop.Programme3.lambda$run$0(Programme3.java:64)
	at com.rabbitmq.client.impl.recovery.AutorecoveringChannel$2.handleDelivery(AutorecoveringChannel.java:588)
	at com.rabbitmq.client.impl.ConsumerDispatcher$5.run(ConsumerDispatcher.java:149)
	at com.rabbitmq.client.impl.ConsumerWorkService$WorkPoolRunnable.run(ConsumerWorkService.java:111)
	at java.base/java.util.concurrent.ThreadPoolExecutor.runWorker(ThreadPoolExecutor.java:1136)
	at java.base/java.util.concurrent.ThreadPoolExecutor$Worker.run(ThreadPoolExecutor.java:635)
	at java.base/java.lang.Thread.run(Thread.java:842)
Caused by: java.net.ConnectException: null
	at java.net.http/jdk.internal.net.http.common.Utils.toConnectException(Utils.java:1055)
	at java.net.http/jdk.internal.net.http.PlainHttpConnection.connectAsync(PlainHttpConnection.java:198)
	at java.net.http/jdk.internal.net.http.PlainHttpConnection.checkRetryConnect(PlainHttpConnection.java:230)
	at java.net.http/jdk.internal.net.http.PlainHttpConnection.lambda$connectAsync$1(PlainHttpConnection.java:206)
	at java.base/java.util.concurrent.CompletableFuture.uniHandle(CompletableFuture.java:934)
	at java.base/java.util.concurrent.CompletableFuture$UniHandle.tryFire(CompletableFuture.java:911)
	at java.base/java.util.concurrent.CompletableFuture.postComplete(CompletableFuture.java:510)
	at java.base/java.util.concurrent.CompletableFuture$AsyncSupply.run(CompletableFuture.java:1773)
	... 3 common frames omitted
Caused by: java.nio.channels.ClosedChannelException: null
	at java.base/sun.nio.ch.SocketChannelImpl.ensureOpen(SocketChannelImpl.java:195)
	at java.base/sun.nio.ch.SocketChannelImpl.beginConnect(SocketChannelImpl.java:760)
	at java.base/sun.nio.ch.SocketChannelImpl.connect(SocketChannelImpl.java:848)
	at java.net.http/jdk.internal.net.http.PlainHttpConnection.lambda$connectAsync$0(PlainHttpConnection.java:183)
	at java.base/java.security.AccessController.doPrivileged(AccessController.java:569)
	at java.net.http/jdk.internal.net.http.PlainHttpConnection.connectAsync(PlainHttpConnection.java:185)
	... 9 common frames omitted
2026-06-23 09:51:21.309 [pool-1-thread-43] ERROR com.mp3.desktop.Programme3 - Erreur API - Tentative 2/2 pour ?Misia
java.net.ConnectException: null
	at java.net.http/jdk.internal.net.http.HttpClientImpl.send(HttpClientImpl.java:573)
	at java.net.http/jdk.internal.net.http.HttpClientFacade.send(HttpClientFacade.java:123)
	at com.mp3.desktop.Programme3.verifierSiExiste(Programme3.java:132)
	at com.mp3.desktop.Programme3.traiterMetadata(Programme3.java:102)
	at com.mp3.desktop.Programme3.lambda$run$0(Programme3.java:64)
	at com.rabbitmq.client.impl.recovery.AutorecoveringChannel$2.handleDelivery(AutorecoveringChannel.java:588)
	at com.rabbitmq.client.impl.ConsumerDispatcher$5.run(ConsumerDispatcher.java:149)
	at com.rabbitmq.client.impl.ConsumerWorkService$WorkPoolRunnable.run(ConsumerWorkService.java:111)
	at java.base/java.util.concurrent.ThreadPoolExecutor.runWorker(ThreadPoolExecutor.java:1136)
	at java.base/java.util.concurrent.ThreadPoolExecutor$Worker.run(ThreadPoolExecutor.java:635)
	at java.base/java.lang.Thread.run(Thread.java:842)
Caused by: java.net.ConnectException: null
	at java.net.http/jdk.internal.net.http.common.Utils.toConnectException(Utils.java:1055)
	at java.net.http/jdk.internal.net.http.PlainHttpConnection.connectAsync(PlainHttpConnection.java:198)
	at java.net.http/jdk.internal.net.http.PlainHttpConnection.checkRetryConnect(PlainHttpConnection.java:230)
	at java.net.http/jdk.internal.net.http.PlainHttpConnection.lambda$connectAsync$1(PlainHttpConnection.java:206)
	at java.base/java.util.concurrent.CompletableFuture.uniHandle(CompletableFuture.java:934)
	at java.base/java.util.concurrent.CompletableFuture$UniHandle.tryFire(CompletableFuture.java:911)
	at java.base/java.util.concurrent.CompletableFuture.postComplete(CompletableFuture.java:510)
	at java.base/java.util.concurrent.CompletableFuture$AsyncSupply.run(CompletableFuture.java:1773)
	... 3 common frames omitted
Caused by: java.nio.channels.ClosedChannelException: null
	at java.base/sun.nio.ch.SocketChannelImpl.ensureOpen(SocketChannelImpl.java:195)
	at java.base/sun.nio.ch.SocketChannelImpl.beginConnect(SocketChannelImpl.java:760)
	at java.base/sun.nio.ch.SocketChannelImpl.connect(SocketChannelImpl.java:848)
	at java.net.http/jdk.internal.net.http.PlainHttpConnection.lambda$connectAsync$0(PlainHttpConnection.java:183)
	at java.base/java.security.AccessController.doPrivileged(AccessController.java:569)
	at java.net.http/jdk.internal.net.http.PlainHttpConnection.connectAsync(PlainHttpConnection.java:185)
	... 9 common frames omitted
2026-06-23 09:51:21.311 [pool-1-thread-43] ERROR com.mp3.desktop.Programme3 - ECHEC definitif pour l'envoi de : ?Misia. Le fichier NE SERA PAS supprime.
2026-06-23 09:51:21.313 [pool-1-thread-44] INFO  com.mp3.desktop.Programme3 - <- Metadata recu (P3) : ?MITONIA - REKO (Official lyrics video)
2026-06-23 09:51:21.315 [pool-1-thread-44] ERROR com.mp3.desktop.Programme3 - Erreur API - Tentative 1/2 pour ?MITONIA - REKO (Official lyrics video)
java.net.ConnectException: null
	at java.net.http/jdk.internal.net.http.HttpClientImpl.send(HttpClientImpl.java:573)
	at java.net.http/jdk.internal.net.http.HttpClientFacade.send(HttpClientFacade.java:123)
	at com.mp3.desktop.Programme3.verifierSiExiste(Programme3.java:132)
	at com.mp3.desktop.Programme3.traiterMetadata(Programme3.java:102)
	at com.mp3.desktop.Programme3.lambda$run$0(Programme3.java:64)
	at com.rabbitmq.client.impl.recovery.AutorecoveringChannel$2.handleDelivery(AutorecoveringChannel.java:588)
	at com.rabbitmq.client.impl.ConsumerDispatcher$5.run(ConsumerDispatcher.java:149)
	at com.rabbitmq.client.impl.ConsumerWorkService$WorkPoolRunnable.run(ConsumerWorkService.java:111)
	at java.base/java.util.concurrent.ThreadPoolExecutor.runWorker(ThreadPoolExecutor.java:1136)
	at java.base/java.util.concurrent.ThreadPoolExecutor$Worker.run(ThreadPoolExecutor.java:635)
	at java.base/java.lang.Thread.run(Thread.java:842)
Caused by: java.net.ConnectException: null
	at java.net.http/jdk.internal.net.http.common.Utils.toConnectException(Utils.java:1055)
	at java.net.http/jdk.internal.net.http.PlainHttpConnection.connectAsync(PlainHttpConnection.java:198)
	at java.net.http/jdk.internal.net.http.PlainHttpConnection.checkRetryConnect(PlainHttpConnection.java:230)
	at java.net.http/jdk.internal.net.http.PlainHttpConnection.lambda$connectAsync$1(PlainHttpConnection.java:206)
	at java.base/java.util.concurrent.CompletableFuture.uniHandle(CompletableFuture.java:934)
	at java.base/java.util.concurrent.CompletableFuture$UniHandle.tryFire(CompletableFuture.java:911)
	at java.base/java.util.concurrent.CompletableFuture.postComplete(CompletableFuture.java:510)
	at java.base/java.util.concurrent.CompletableFuture$AsyncSupply.run(CompletableFuture.java:1773)
	... 3 common frames omitted
Caused by: java.nio.channels.ClosedChannelException: null
	at java.base/sun.nio.ch.SocketChannelImpl.ensureOpen(SocketChannelImpl.java:195)
	at java.base/sun.nio.ch.SocketChannelImpl.beginConnect(SocketChannelImpl.java:760)
	at java.base/sun.nio.ch.SocketChannelImpl.connect(SocketChannelImpl.java:848)
	at java.net.http/jdk.internal.net.http.PlainHttpConnection.lambda$connectAsync$0(PlainHttpConnection.java:183)
	at java.base/java.security.AccessController.doPrivileged(AccessController.java:569)
	at java.net.http/jdk.internal.net.http.PlainHttpConnection.connectAsync(PlainHttpConnection.java:185)
	... 9 common frames omitted
2026-06-23 09:51:23.324 [pool-1-thread-44] ERROR com.mp3.desktop.Programme3 - Erreur API - Tentative 2/2 pour ?MITONIA - REKO (Official lyrics video)
java.net.ConnectException: null
	at java.net.http/jdk.internal.net.http.HttpClientImpl.send(HttpClientImpl.java:573)
	at java.net.http/jdk.internal.net.http.HttpClientFacade.send(HttpClientFacade.java:123)
	at com.mp3.desktop.Programme3.verifierSiExiste(Programme3.java:132)
	at com.mp3.desktop.Programme3.traiterMetadata(Programme3.java:102)
	at com.mp3.desktop.Programme3.lambda$run$0(Programme3.java:64)
	at com.rabbitmq.client.impl.recovery.AutorecoveringChannel$2.handleDelivery(AutorecoveringChannel.java:588)
	at com.rabbitmq.client.impl.ConsumerDispatcher$5.run(ConsumerDispatcher.java:149)
	at com.rabbitmq.client.impl.ConsumerWorkService$WorkPoolRunnable.run(ConsumerWorkService.java:111)
	at java.base/java.util.concurrent.ThreadPoolExecutor.runWorker(ThreadPoolExecutor.java:1136)
	at java.base/java.util.concurrent.ThreadPoolExecutor$Worker.run(ThreadPoolExecutor.java:635)
	at java.base/java.lang.Thread.run(Thread.java:842)
Caused by: java.net.ConnectException: null
	at java.net.http/jdk.internal.net.http.common.Utils.toConnectException(Utils.java:1055)
	at java.net.http/jdk.internal.net.http.PlainHttpConnection.connectAsync(PlainHttpConnection.java:198)
	at java.net.http/jdk.internal.net.http.PlainHttpConnection.checkRetryConnect(PlainHttpConnection.java:230)
	at java.net.http/jdk.internal.net.http.PlainHttpConnection.lambda$connectAsync$1(PlainHttpConnection.java:206)
	at java.base/java.util.concurrent.CompletableFuture.uniHandle(CompletableFuture.java:934)
	at java.base/java.util.concurrent.CompletableFuture$UniHandle.tryFire(CompletableFuture.java:911)
	at java.base/java.util.concurrent.CompletableFuture.postComplete(CompletableFuture.java:510)
	at java.base/java.util.concurrent.CompletableFuture$AsyncSupply.run(CompletableFuture.java:1773)
	... 3 common frames omitted
Caused by: java.nio.channels.ClosedChannelException: null
	at java.base/sun.nio.ch.SocketChannelImpl.ensureOpen(SocketChannelImpl.java:195)
	at java.base/sun.nio.ch.SocketChannelImpl.beginConnect(SocketChannelImpl.java:760)
	at java.base/sun.nio.ch.SocketChannelImpl.connect(SocketChannelImpl.java:848)
	at java.net.http/jdk.internal.net.http.PlainHttpConnection.lambda$connectAsync$0(PlainHttpConnection.java:183)
	at java.base/java.security.AccessController.doPrivileged(AccessController.java:569)
	at java.net.http/jdk.internal.net.http.PlainHttpConnection.connectAsync(PlainHttpConnection.java:185)
	... 9 common frames omitted
2026-06-23 09:51:23.324 [pool-1-thread-44] ERROR com.mp3.desktop.Programme3 - ECHEC definitif pour l'envoi de : ?MITONIA - REKO (Official lyrics video). Le fichier NE SERA PAS supprime.
2026-06-23 09:51:23.324 [pool-1-thread-14] INFO  com.mp3.desktop.Programme3 - <- Metadata recu (P3) : ?Ny Anaranao
2026-06-23 09:51:23.336 [pool-1-thread-14] ERROR com.mp3.desktop.Programme3 - Erreur API - Tentative 1/2 pour ?Ny Anaranao
java.net.ConnectException: null
	at java.net.http/jdk.internal.net.http.HttpClientImpl.send(HttpClientImpl.java:573)
	at java.net.http/jdk.internal.net.http.HttpClientFacade.send(HttpClientFacade.java:123)
	at com.mp3.desktop.Programme3.verifierSiExiste(Programme3.java:132)
	at com.mp3.desktop.Programme3.traiterMetadata(Programme3.java:102)
	at com.mp3.desktop.Programme3.lambda$run$0(Programme3.java:64)
	at com.rabbitmq.client.impl.recovery.AutorecoveringChannel$2.handleDelivery(AutorecoveringChannel.java:588)
	at com.rabbitmq.client.impl.ConsumerDispatcher$5.run(ConsumerDispatcher.java:149)
	at com.rabbitmq.client.impl.ConsumerWorkService$WorkPoolRunnable.run(ConsumerWorkService.java:111)
	at java.base/java.util.concurrent.ThreadPoolExecutor.runWorker(ThreadPoolExecutor.java:1136)
	at java.base/java.util.concurrent.ThreadPoolExecutor$Worker.run(ThreadPoolExecutor.java:635)
	at java.base/java.lang.Thread.run(Thread.java:842)
Caused by: java.net.ConnectException: null
	at java.net.http/jdk.internal.net.http.common.Utils.toConnectException(Utils.java:1055)
	at java.net.http/jdk.internal.net.http.PlainHttpConnection.connectAsync(PlainHttpConnection.java:198)
	at java.net.http/jdk.internal.net.http.PlainHttpConnection.checkRetryConnect(PlainHttpConnection.java:230)
	at java.net.http/jdk.internal.net.http.PlainHttpConnection.lambda$connectAsync$1(PlainHttpConnection.java:206)
	at java.base/java.util.concurrent.CompletableFuture.uniHandle(CompletableFuture.java:934)
	at java.base/java.util.concurrent.CompletableFuture$UniHandle.tryFire(CompletableFuture.java:911)
	at java.base/java.util.concurrent.CompletableFuture.postComplete(CompletableFuture.java:510)
	at java.base/java.util.concurrent.CompletableFuture$AsyncSupply.run(CompletableFuture.java:1773)
	... 3 common frames omitted
Caused by: java.nio.channels.ClosedChannelException: null
	at java.base/sun.nio.ch.SocketChannelImpl.ensureOpen(SocketChannelImpl.java:195)
	at java.base/sun.nio.ch.SocketChannelImpl.beginConnect(SocketChannelImpl.java:760)
	at java.base/sun.nio.ch.SocketChannelImpl.connect(SocketChannelImpl.java:848)
	at java.net.http/jdk.internal.net.http.PlainHttpConnection.lambda$connectAsync$0(PlainHttpConnection.java:183)
	at java.base/java.security.AccessController.doPrivileged(AccessController.java:569)
	at java.net.http/jdk.internal.net.http.PlainHttpConnection.connectAsync(PlainHttpConnection.java:185)
	... 9 common frames omitted
2026-06-23 09:51:25.347 [pool-1-thread-14] ERROR com.mp3.desktop.Programme3 - Erreur API - Tentative 2/2 pour ?Ny Anaranao
java.net.ConnectException: null
	at java.net.http/jdk.internal.net.http.HttpClientImpl.send(HttpClientImpl.java:573)
	at java.net.http/jdk.internal.net.http.HttpClientFacade.send(HttpClientFacade.java:123)
	at com.mp3.desktop.Programme3.verifierSiExiste(Programme3.java:132)
	at com.mp3.desktop.Programme3.traiterMetadata(Programme3.java:102)
	at com.mp3.desktop.Programme3.lambda$run$0(Programme3.java:64)
	at com.rabbitmq.client.impl.recovery.AutorecoveringChannel$2.handleDelivery(AutorecoveringChannel.java:588)
	at com.rabbitmq.client.impl.ConsumerDispatcher$5.run(ConsumerDispatcher.java:149)
	at com.rabbitmq.client.impl.ConsumerWorkService$WorkPoolRunnable.run(ConsumerWorkService.java:111)
	at java.base/java.util.concurrent.ThreadPoolExecutor.runWorker(ThreadPoolExecutor.java:1136)
	at java.base/java.util.concurrent.ThreadPoolExecutor$Worker.run(ThreadPoolExecutor.java:635)
	at java.base/java.lang.Thread.run(Thread.java:842)
Caused by: java.net.ConnectException: null
	at java.net.http/jdk.internal.net.http.common.Utils.toConnectException(Utils.java:1055)
	at java.net.http/jdk.internal.net.http.PlainHttpConnection.connectAsync(PlainHttpConnection.java:198)
	at java.net.http/jdk.internal.net.http.PlainHttpConnection.checkRetryConnect(PlainHttpConnection.java:230)
	at java.net.http/jdk.internal.net.http.PlainHttpConnection.lambda$connectAsync$1(PlainHttpConnection.java:206)
	at java.base/java.util.concurrent.CompletableFuture.uniHandle(CompletableFuture.java:934)
	at java.base/java.util.concurrent.CompletableFuture$UniHandle.tryFire(CompletableFuture.java:911)
	at java.base/java.util.concurrent.CompletableFuture.postComplete(CompletableFuture.java:510)
	at java.base/java.util.concurrent.CompletableFuture$AsyncSupply.run(CompletableFuture.java:1773)
	... 3 common frames omitted
Caused by: java.nio.channels.ClosedChannelException: null
	at java.base/sun.nio.ch.SocketChannelImpl.ensureOpen(SocketChannelImpl.java:195)
	at java.base/sun.nio.ch.SocketChannelImpl.beginConnect(SocketChannelImpl.java:760)
	at java.base/sun.nio.ch.SocketChannelImpl.connect(SocketChannelImpl.java:848)
	at java.net.http/jdk.internal.net.http.PlainHttpConnection.lambda$connectAsync$0(PlainHttpConnection.java:183)
	at java.base/java.security.AccessController.doPrivileged(AccessController.java:569)
	at java.net.http/jdk.internal.net.http.PlainHttpConnection.connectAsync(PlainHttpConnection.java:185)
	... 9 common frames omitted
2026-06-23 09:51:25.347 [pool-1-thread-14] ERROR com.mp3.desktop.Programme3 - ECHEC definitif pour l'envoi de : ?Ny Anaranao. Le fichier NE SERA PAS supprime.
2026-06-23 09:51:25.352 [pool-1-thread-29] INFO  com.mp3.desktop.Programme3 - <- Metadata recu (P3) : ?Rotoroto
2026-06-23 09:51:25.352 [pool-1-thread-29] ERROR com.mp3.desktop.Programme3 - Erreur API - Tentative 1/2 pour ?Rotoroto
java.net.ConnectException: null
	at java.net.http/jdk.internal.net.http.HttpClientImpl.send(HttpClientImpl.java:573)
	at java.net.http/jdk.internal.net.http.HttpClientFacade.send(HttpClientFacade.java:123)
	at com.mp3.desktop.Programme3.verifierSiExiste(Programme3.java:132)
	at com.mp3.desktop.Programme3.traiterMetadata(Programme3.java:102)
	at com.mp3.desktop.Programme3.lambda$run$0(Programme3.java:64)
	at com.rabbitmq.client.impl.recovery.AutorecoveringChannel$2.handleDelivery(AutorecoveringChannel.java:588)
	at com.rabbitmq.client.impl.ConsumerDispatcher$5.run(ConsumerDispatcher.java:149)
	at com.rabbitmq.client.impl.ConsumerWorkService$WorkPoolRunnable.run(ConsumerWorkService.java:111)
	at java.base/java.util.concurrent.ThreadPoolExecutor.runWorker(ThreadPoolExecutor.java:1136)
	at java.base/java.util.concurrent.ThreadPoolExecutor$Worker.run(ThreadPoolExecutor.java:635)
	at java.base/java.lang.Thread.run(Thread.java:842)
Caused by: java.net.ConnectException: null
	at java.net.http/jdk.internal.net.http.common.Utils.toConnectException(Utils.java:1055)
	at java.net.http/jdk.internal.net.http.PlainHttpConnection.connectAsync(PlainHttpConnection.java:198)
	at java.net.http/jdk.internal.net.http.PlainHttpConnection.checkRetryConnect(PlainHttpConnection.java:230)
	at java.net.http/jdk.internal.net.http.PlainHttpConnection.lambda$connectAsync$1(PlainHttpConnection.java:206)
	at java.base/java.util.concurrent.CompletableFuture.uniHandle(CompletableFuture.java:934)
	at java.base/java.util.concurrent.CompletableFuture$UniHandle.tryFire(CompletableFuture.java:911)
	at java.base/java.util.concurrent.CompletableFuture.postComplete(CompletableFuture.java:510)
	at java.base/java.util.concurrent.CompletableFuture$AsyncSupply.run(CompletableFuture.java:1773)
	... 3 common frames omitted
Caused by: java.nio.channels.ClosedChannelException: null
	at java.base/sun.nio.ch.SocketChannelImpl.ensureOpen(SocketChannelImpl.java:195)
	at java.base/sun.nio.ch.SocketChannelImpl.beginConnect(SocketChannelImpl.java:760)
	at java.base/sun.nio.ch.SocketChannelImpl.connect(SocketChannelImpl.java:848)
	at java.net.http/jdk.internal.net.http.PlainHttpConnection.lambda$connectAsync$0(PlainHttpConnection.java:183)
	at java.base/java.security.AccessController.doPrivileged(AccessController.java:569)
	at java.net.http/jdk.internal.net.http.PlainHttpConnection.connectAsync(PlainHttpConnection.java:185)
	... 9 common frames omitted
2026-06-23 09:51:27.362 [pool-1-thread-29] ERROR com.mp3.desktop.Programme3 - Erreur API - Tentative 2/2 pour ?Rotoroto
java.net.ConnectException: null
	at java.net.http/jdk.internal.net.http.HttpClientImpl.send(HttpClientImpl.java:573)
	at java.net.http/jdk.internal.net.http.HttpClientFacade.send(HttpClientFacade.java:123)
	at com.mp3.desktop.Programme3.verifierSiExiste(Programme3.java:132)
	at com.mp3.desktop.Programme3.traiterMetadata(Programme3.java:102)
	at com.mp3.desktop.Programme3.lambda$run$0(Programme3.java:64)
	at com.rabbitmq.client.impl.recovery.AutorecoveringChannel$2.handleDelivery(AutorecoveringChannel.java:588)
	at com.rabbitmq.client.impl.ConsumerDispatcher$5.run(ConsumerDispatcher.java:149)
	at com.rabbitmq.client.impl.ConsumerWorkService$WorkPoolRunnable.run(ConsumerWorkService.java:111)
	at java.base/java.util.concurrent.ThreadPoolExecutor.runWorker(ThreadPoolExecutor.java:1136)
	at java.base/java.util.concurrent.ThreadPoolExecutor$Worker.run(ThreadPoolExecutor.java:635)
	at java.base/java.lang.Thread.run(Thread.java:842)
Caused by: java.net.ConnectException: null
	at java.net.http/jdk.internal.net.http.common.Utils.toConnectException(Utils.java:1055)
	at java.net.http/jdk.internal.net.http.PlainHttpConnection.connectAsync(PlainHttpConnection.java:198)
	at java.net.http/jdk.internal.net.http.PlainHttpConnection.checkRetryConnect(PlainHttpConnection.java:230)
	at java.net.http/jdk.internal.net.http.PlainHttpConnection.lambda$connectAsync$1(PlainHttpConnection.java:206)
	at java.base/java.util.concurrent.CompletableFuture.uniHandle(CompletableFuture.java:934)
	at java.base/java.util.concurrent.CompletableFuture$UniHandle.tryFire(CompletableFuture.java:911)
	at java.base/java.util.concurrent.CompletableFuture.postComplete(CompletableFuture.java:510)
	at java.base/java.util.concurrent.CompletableFuture$AsyncSupply.run(CompletableFuture.java:1773)
	... 3 common frames omitted
Caused by: java.nio.channels.ClosedChannelException: null
	at java.base/sun.nio.ch.SocketChannelImpl.ensureOpen(SocketChannelImpl.java:195)
	at java.base/sun.nio.ch.SocketChannelImpl.beginConnect(SocketChannelImpl.java:760)
	at java.base/sun.nio.ch.SocketChannelImpl.connect(SocketChannelImpl.java:848)
	at java.net.http/jdk.internal.net.http.PlainHttpConnection.lambda$connectAsync$0(PlainHttpConnection.java:183)
	at java.base/java.security.AccessController.doPrivileged(AccessController.java:569)
	at java.net.http/jdk.internal.net.http.PlainHttpConnection.connectAsync(PlainHttpConnection.java:185)
	... 9 common frames omitted
2026-06-23 09:51:27.366 [pool-1-thread-29] ERROR com.mp3.desktop.Programme3 - ECHEC definitif pour l'envoi de : ?Rotoroto. Le fichier NE SERA PAS supprime.
2026-06-23 09:51:27.366 [pool-1-thread-35] INFO  com.mp3.desktop.Programme3 - <- Metadata recu (P3) : ?Tongasoa
2026-06-23 09:51:27.369 [pool-1-thread-35] ERROR com.mp3.desktop.Programme3 - Erreur API - Tentative 1/2 pour ?Tongasoa
java.net.ConnectException: null
	at java.net.http/jdk.internal.net.http.HttpClientImpl.send(HttpClientImpl.java:573)
	at java.net.http/jdk.internal.net.http.HttpClientFacade.send(HttpClientFacade.java:123)
	at com.mp3.desktop.Programme3.verifierSiExiste(Programme3.java:132)
	at com.mp3.desktop.Programme3.traiterMetadata(Programme3.java:102)
	at com.mp3.desktop.Programme3.lambda$run$0(Programme3.java:64)
	at com.rabbitmq.client.impl.recovery.AutorecoveringChannel$2.handleDelivery(AutorecoveringChannel.java:588)
	at com.rabbitmq.client.impl.ConsumerDispatcher$5.run(ConsumerDispatcher.java:149)
	at com.rabbitmq.client.impl.ConsumerWorkService$WorkPoolRunnable.run(ConsumerWorkService.java:111)
	at java.base/java.util.concurrent.ThreadPoolExecutor.runWorker(ThreadPoolExecutor.java:1136)
	at java.base/java.util.concurrent.ThreadPoolExecutor$Worker.run(ThreadPoolExecutor.java:635)
	at java.base/java.lang.Thread.run(Thread.java:842)
Caused by: java.net.ConnectException: null
	at java.net.http/jdk.internal.net.http.common.Utils.toConnectException(Utils.java:1055)
	at java.net.http/jdk.internal.net.http.PlainHttpConnection.connectAsync(PlainHttpConnection.java:198)
	at java.net.http/jdk.internal.net.http.PlainHttpConnection.checkRetryConnect(PlainHttpConnection.java:230)
	at java.net.http/jdk.internal.net.http.PlainHttpConnection.lambda$connectAsync$1(PlainHttpConnection.java:206)
	at java.base/java.util.concurrent.CompletableFuture.uniHandle(CompletableFuture.java:934)
	at java.base/java.util.concurrent.CompletableFuture$UniHandle.tryFire(CompletableFuture.java:911)
	at java.base/java.util.concurrent.CompletableFuture.postComplete(CompletableFuture.java:510)
	at java.base/java.util.concurrent.CompletableFuture$AsyncSupply.run(CompletableFuture.java:1773)
	... 3 common frames omitted
Caused by: java.nio.channels.ClosedChannelException: null
	at java.base/sun.nio.ch.SocketChannelImpl.ensureOpen(SocketChannelImpl.java:195)
	at java.base/sun.nio.ch.SocketChannelImpl.beginConnect(SocketChannelImpl.java:760)
	at java.base/sun.nio.ch.SocketChannelImpl.connect(SocketChannelImpl.java:848)
	at java.net.http/jdk.internal.net.http.PlainHttpConnection.lambda$connectAsync$0(PlainHttpConnection.java:183)
	at java.base/java.security.AccessController.doPrivileged(AccessController.java:569)
	at java.net.http/jdk.internal.net.http.PlainHttpConnection.connectAsync(PlainHttpConnection.java:185)
	... 9 common frames omitted
2026-06-23 09:51:29.393 [pool-1-thread-35] ERROR com.mp3.desktop.Programme3 - Erreur API - Tentative 2/2 pour ?Tongasoa
java.net.ConnectException: null
	at java.net.http/jdk.internal.net.http.HttpClientImpl.send(HttpClientImpl.java:573)
	at java.net.http/jdk.internal.net.http.HttpClientFacade.send(HttpClientFacade.java:123)
	at com.mp3.desktop.Programme3.verifierSiExiste(Programme3.java:132)
	at com.mp3.desktop.Programme3.traiterMetadata(Programme3.java:102)
	at com.mp3.desktop.Programme3.lambda$run$0(Programme3.java:64)
	at com.rabbitmq.client.impl.recovery.AutorecoveringChannel$2.handleDelivery(AutorecoveringChannel.java:588)
	at com.rabbitmq.client.impl.ConsumerDispatcher$5.run(ConsumerDispatcher.java:149)
	at com.rabbitmq.client.impl.ConsumerWorkService$WorkPoolRunnable.run(ConsumerWorkService.java:111)
	at java.base/java.util.concurrent.ThreadPoolExecutor.runWorker(ThreadPoolExecutor.java:1136)
	at java.base/java.util.concurrent.ThreadPoolExecutor$Worker.run(ThreadPoolExecutor.java:635)
	at java.base/java.lang.Thread.run(Thread.java:842)
Caused by: java.net.ConnectException: null
	at java.net.http/jdk.internal.net.http.common.Utils.toConnectException(Utils.java:1055)
	at java.net.http/jdk.internal.net.http.PlainHttpConnection.connectAsync(PlainHttpConnection.java:198)
	at java.net.http/jdk.internal.net.http.PlainHttpConnection.checkRetryConnect(PlainHttpConnection.java:230)
	at java.net.http/jdk.internal.net.http.PlainHttpConnection.lambda$connectAsync$1(PlainHttpConnection.java:206)
	at java.base/java.util.concurrent.CompletableFuture.uniHandle(CompletableFuture.java:934)
	at java.base/java.util.concurrent.CompletableFuture$UniHandle.tryFire(CompletableFuture.java:911)
	at java.base/java.util.concurrent.CompletableFuture.postComplete(CompletableFuture.java:510)
	at java.base/java.util.concurrent.CompletableFuture$AsyncSupply.run(CompletableFuture.java:1773)
	... 3 common frames omitted
Caused by: java.nio.channels.ClosedChannelException: null
	at java.base/sun.nio.ch.SocketChannelImpl.ensureOpen(SocketChannelImpl.java:195)
	at java.base/sun.nio.ch.SocketChannelImpl.beginConnect(SocketChannelImpl.java:760)
	at java.base/sun.nio.ch.SocketChannelImpl.connect(SocketChannelImpl.java:848)
	at java.net.http/jdk.internal.net.http.PlainHttpConnection.lambda$connectAsync$0(PlainHttpConnection.java:183)
	at java.base/java.security.AccessController.doPrivileged(AccessController.java:569)
	at java.net.http/jdk.internal.net.http.PlainHttpConnection.connectAsync(PlainHttpConnection.java:185)
	... 9 common frames omitted
2026-06-23 09:51:29.393 [pool-1-thread-35] ERROR com.mp3.desktop.Programme3 - ECHEC definitif pour l'envoi de : ?Tongasoa. Le fichier NE SERA PAS supprime.
2026-06-23 09:51:29.399 [pool-1-thread-36] INFO  com.mp3.desktop.Programme3 - <- Metadata recu (P3) : ?Happier Than Ever
2026-06-23 09:51:29.404 [pool-1-thread-36] ERROR com.mp3.desktop.Programme3 - Erreur API - Tentative 1/2 pour ?Happier Than Ever
java.net.ConnectException: null
	at java.net.http/jdk.internal.net.http.HttpClientImpl.send(HttpClientImpl.java:573)
	at java.net.http/jdk.internal.net.http.HttpClientFacade.send(HttpClientFacade.java:123)
	at com.mp3.desktop.Programme3.verifierSiExiste(Programme3.java:132)
	at com.mp3.desktop.Programme3.traiterMetadata(Programme3.java:102)
	at com.mp3.desktop.Programme3.lambda$run$0(Programme3.java:64)
	at com.rabbitmq.client.impl.recovery.AutorecoveringChannel$2.handleDelivery(AutorecoveringChannel.java:588)
	at com.rabbitmq.client.impl.ConsumerDispatcher$5.run(ConsumerDispatcher.java:149)
	at com.rabbitmq.client.impl.ConsumerWorkService$WorkPoolRunnable.run(ConsumerWorkService.java:111)
	at java.base/java.util.concurrent.ThreadPoolExecutor.runWorker(ThreadPoolExecutor.java:1136)
	at java.base/java.util.concurrent.ThreadPoolExecutor$Worker.run(ThreadPoolExecutor.java:635)
	at java.base/java.lang.Thread.run(Thread.java:842)
Caused by: java.net.ConnectException: null
	at java.net.http/jdk.internal.net.http.common.Utils.toConnectException(Utils.java:1055)
	at java.net.http/jdk.internal.net.http.PlainHttpConnection.connectAsync(PlainHttpConnection.java:198)
	at java.net.http/jdk.internal.net.http.PlainHttpConnection.checkRetryConnect(PlainHttpConnection.java:230)
	at java.net.http/jdk.internal.net.http.PlainHttpConnection.lambda$connectAsync$1(PlainHttpConnection.java:206)
	at java.base/java.util.concurrent.CompletableFuture.uniHandle(CompletableFuture.java:934)
	at java.base/java.util.concurrent.CompletableFuture$UniHandle.tryFire(CompletableFuture.java:911)
	at java.base/java.util.concurrent.CompletableFuture.postComplete(CompletableFuture.java:510)
	at java.base/java.util.concurrent.CompletableFuture$AsyncSupply.run(CompletableFuture.java:1773)
	... 3 common frames omitted
Caused by: java.nio.channels.ClosedChannelException: null
	at java.base/sun.nio.ch.SocketChannelImpl.ensureOpen(SocketChannelImpl.java:195)
	at java.base/sun.nio.ch.SocketChannelImpl.beginConnect(SocketChannelImpl.java:760)
	at java.base/sun.nio.ch.SocketChannelImpl.connect(SocketChannelImpl.java:848)
	at java.net.http/jdk.internal.net.http.PlainHttpConnection.lambda$connectAsync$0(PlainHttpConnection.java:183)
	at java.base/java.security.AccessController.doPrivileged(AccessController.java:569)
	at java.net.http/jdk.internal.net.http.PlainHttpConnection.connectAsync(PlainHttpConnection.java:185)
	... 9 common frames omitted
2026-06-23 09:51:31.410 [pool-1-thread-36] ERROR com.mp3.desktop.Programme3 - Erreur API - Tentative 2/2 pour ?Happier Than Ever
java.net.ConnectException: null
	at java.net.http/jdk.internal.net.http.HttpClientImpl.send(HttpClientImpl.java:573)
	at java.net.http/jdk.internal.net.http.HttpClientFacade.send(HttpClientFacade.java:123)
	at com.mp3.desktop.Programme3.verifierSiExiste(Programme3.java:132)
	at com.mp3.desktop.Programme3.traiterMetadata(Programme3.java:102)
	at com.mp3.desktop.Programme3.lambda$run$0(Programme3.java:64)
	at com.rabbitmq.client.impl.recovery.AutorecoveringChannel$2.handleDelivery(AutorecoveringChannel.java:588)
	at com.rabbitmq.client.impl.ConsumerDispatcher$5.run(ConsumerDispatcher.java:149)
	at com.rabbitmq.client.impl.ConsumerWorkService$WorkPoolRunnable.run(ConsumerWorkService.java:111)
	at java.base/java.util.concurrent.ThreadPoolExecutor.runWorker(ThreadPoolExecutor.java:1136)
	at java.base/java.util.concurrent.ThreadPoolExecutor$Worker.run(ThreadPoolExecutor.java:635)
	at java.base/java.lang.Thread.run(Thread.java:842)
Caused by: java.net.ConnectException: null
	at java.net.http/jdk.internal.net.http.common.Utils.toConnectException(Utils.java:1055)
	at java.net.http/jdk.internal.net.http.PlainHttpConnection.connectAsync(PlainHttpConnection.java:198)
	at java.net.http/jdk.internal.net.http.PlainHttpConnection.checkRetryConnect(PlainHttpConnection.java:230)
	at java.net.http/jdk.internal.net.http.PlainHttpConnection.lambda$connectAsync$1(PlainHttpConnection.java:206)
	at java.base/java.util.concurrent.CompletableFuture.uniHandle(CompletableFuture.java:934)
	at java.base/java.util.concurrent.CompletableFuture$UniHandle.tryFire(CompletableFuture.java:911)
	at java.base/java.util.concurrent.CompletableFuture.postComplete(CompletableFuture.java:510)
	at java.base/java.util.concurrent.CompletableFuture$AsyncSupply.run(CompletableFuture.java:1773)
	... 3 common frames omitted
Caused by: java.nio.channels.ClosedChannelException: null
	at java.base/sun.nio.ch.SocketChannelImpl.ensureOpen(SocketChannelImpl.java:195)
	at java.base/sun.nio.ch.SocketChannelImpl.beginConnect(SocketChannelImpl.java:760)
	at java.base/sun.nio.ch.SocketChannelImpl.connect(SocketChannelImpl.java:848)
	at java.net.http/jdk.internal.net.http.PlainHttpConnection.lambda$connectAsync$0(PlainHttpConnection.java:183)
	at java.base/java.security.AccessController.doPrivileged(AccessController.java:569)
	at java.net.http/jdk.internal.net.http.PlainHttpConnection.connectAsync(PlainHttpConnection.java:185)
	... 9 common frames omitted
2026-06-23 09:51:31.416 [pool-1-thread-36] ERROR com.mp3.desktop.Programme3 - ECHEC definitif pour l'envoi de : ?Happier Than Ever. Le fichier NE SERA PAS supprime.
2026-06-23 09:51:31.416 [pool-1-thread-37] INFO  com.mp3.desktop.Programme3 - <- Metadata recu (P3) : ?HATRAIZA / AZA AVELA - REKO
2026-06-23 09:51:31.423 [pool-1-thread-37] ERROR com.mp3.desktop.Programme3 - Erreur API - Tentative 1/2 pour ?HATRAIZA / AZA AVELA - REKO
java.net.ConnectException: null
	at java.net.http/jdk.internal.net.http.HttpClientImpl.send(HttpClientImpl.java:573)
	at java.net.http/jdk.internal.net.http.HttpClientFacade.send(HttpClientFacade.java:123)
	at com.mp3.desktop.Programme3.verifierSiExiste(Programme3.java:132)
	at com.mp3.desktop.Programme3.traiterMetadata(Programme3.java:102)
	at com.mp3.desktop.Programme3.lambda$run$0(Programme3.java:64)
	at com.rabbitmq.client.impl.recovery.AutorecoveringChannel$2.handleDelivery(AutorecoveringChannel.java:588)
	at com.rabbitmq.client.impl.ConsumerDispatcher$5.run(ConsumerDispatcher.java:149)
	at com.rabbitmq.client.impl.ConsumerWorkService$WorkPoolRunnable.run(ConsumerWorkService.java:111)
	at java.base/java.util.concurrent.ThreadPoolExecutor.runWorker(ThreadPoolExecutor.java:1136)
	at java.base/java.util.concurrent.ThreadPoolExecutor$Worker.run(ThreadPoolExecutor.java:635)
	at java.base/java.lang.Thread.run(Thread.java:842)
Caused by: java.net.ConnectException: null
	at java.net.http/jdk.internal.net.http.common.Utils.toConnectException(Utils.java:1055)
	at java.net.http/jdk.internal.net.http.PlainHttpConnection.connectAsync(PlainHttpConnection.java:198)
	at java.net.http/jdk.internal.net.http.PlainHttpConnection.checkRetryConnect(PlainHttpConnection.java:230)
	at java.net.http/jdk.internal.net.http.PlainHttpConnection.lambda$connectAsync$1(PlainHttpConnection.java:206)
	at java.base/java.util.concurrent.CompletableFuture.uniHandle(CompletableFuture.java:934)
	at java.base/java.util.concurrent.CompletableFuture$UniHandle.tryFire(CompletableFuture.java:911)
	at java.base/java.util.concurrent.CompletableFuture.postComplete(CompletableFuture.java:510)
	at java.base/java.util.concurrent.CompletableFuture$AsyncSupply.run(CompletableFuture.java:1773)
	... 3 common frames omitted
Caused by: java.nio.channels.ClosedChannelException: null
	at java.base/sun.nio.ch.SocketChannelImpl.ensureOpen(SocketChannelImpl.java:195)
	at java.base/sun.nio.ch.SocketChannelImpl.beginConnect(SocketChannelImpl.java:760)
	at java.base/sun.nio.ch.SocketChannelImpl.connect(SocketChannelImpl.java:848)
	at java.net.http/jdk.internal.net.http.PlainHttpConnection.lambda$connectAsync$0(PlainHttpConnection.java:183)
	at java.base/java.security.AccessController.doPrivileged(AccessController.java:569)
	at java.net.http/jdk.internal.net.http.PlainHttpConnection.connectAsync(PlainHttpConnection.java:185)
	... 9 common frames omitted
2026-06-23 09:51:33.442 [pool-1-thread-37] ERROR com.mp3.desktop.Programme3 - Erreur API - Tentative 2/2 pour ?HATRAIZA / AZA AVELA - REKO
java.net.ConnectException: null
	at java.net.http/jdk.internal.net.http.HttpClientImpl.send(HttpClientImpl.java:573)
	at java.net.http/jdk.internal.net.http.HttpClientFacade.send(HttpClientFacade.java:123)
	at com.mp3.desktop.Programme3.verifierSiExiste(Programme3.java:132)
	at com.mp3.desktop.Programme3.traiterMetadata(Programme3.java:102)
	at com.mp3.desktop.Programme3.lambda$run$0(Programme3.java:64)
	at com.rabbitmq.client.impl.recovery.AutorecoveringChannel$2.handleDelivery(AutorecoveringChannel.java:588)
	at com.rabbitmq.client.impl.ConsumerDispatcher$5.run(ConsumerDispatcher.java:149)
	at com.rabbitmq.client.impl.ConsumerWorkService$WorkPoolRunnable.run(ConsumerWorkService.java:111)
	at java.base/java.util.concurrent.ThreadPoolExecutor.runWorker(ThreadPoolExecutor.java:1136)
	at java.base/java.util.concurrent.ThreadPoolExecutor$Worker.run(ThreadPoolExecutor.java:635)
	at java.base/java.lang.Thread.run(Thread.java:842)
Caused by: java.net.ConnectException: null
	at java.net.http/jdk.internal.net.http.common.Utils.toConnectException(Utils.java:1055)
	at java.net.http/jdk.internal.net.http.PlainHttpConnection.connectAsync(PlainHttpConnection.java:198)
	at java.net.http/jdk.internal.net.http.PlainHttpConnection.checkRetryConnect(PlainHttpConnection.java:230)
	at java.net.http/jdk.internal.net.http.PlainHttpConnection.lambda$connectAsync$1(PlainHttpConnection.java:206)
	at java.base/java.util.concurrent.CompletableFuture.uniHandle(CompletableFuture.java:934)
	at java.base/java.util.concurrent.CompletableFuture$UniHandle.tryFire(CompletableFuture.java:911)
	at java.base/java.util.concurrent.CompletableFuture.postComplete(CompletableFuture.java:510)
	at java.base/java.util.concurrent.CompletableFuture$AsyncSupply.run(CompletableFuture.java:1773)
	... 3 common frames omitted
Caused by: java.nio.channels.ClosedChannelException: null
	at java.base/sun.nio.ch.SocketChannelImpl.ensureOpen(SocketChannelImpl.java:195)
	at java.base/sun.nio.ch.SocketChannelImpl.beginConnect(SocketChannelImpl.java:760)
	at java.base/sun.nio.ch.SocketChannelImpl.connect(SocketChannelImpl.java:848)
	at java.net.http/jdk.internal.net.http.PlainHttpConnection.lambda$connectAsync$0(PlainHttpConnection.java:183)
	at java.base/java.security.AccessController.doPrivileged(AccessController.java:569)
	at java.net.http/jdk.internal.net.http.PlainHttpConnection.connectAsync(PlainHttpConnection.java:185)
	... 9 common frames omitted
2026-06-23 09:51:33.442 [pool-1-thread-37] ERROR com.mp3.desktop.Programme3 - ECHEC definitif pour l'envoi de : ?HATRAIZA / AZA AVELA - REKO. Le fichier NE SERA PAS supprime.
2026-06-23 09:51:33.442 [pool-1-thread-38] INFO  com.mp3.desktop.Programme3 - <- Metadata recu (P3) : ?Louane - Maman (2015) Official Music Video
2026-06-23 09:51:33.452 [pool-1-thread-38] ERROR com.mp3.desktop.Programme3 - Erreur API - Tentative 1/2 pour ?Louane - Maman (2015) Official Music Video
java.net.ConnectException: null
	at java.net.http/jdk.internal.net.http.HttpClientImpl.send(HttpClientImpl.java:573)
	at java.net.http/jdk.internal.net.http.HttpClientFacade.send(HttpClientFacade.java:123)
	at com.mp3.desktop.Programme3.verifierSiExiste(Programme3.java:132)
	at com.mp3.desktop.Programme3.traiterMetadata(Programme3.java:102)
	at com.mp3.desktop.Programme3.lambda$run$0(Programme3.java:64)
	at com.rabbitmq.client.impl.recovery.AutorecoveringChannel$2.handleDelivery(AutorecoveringChannel.java:588)
	at com.rabbitmq.client.impl.ConsumerDispatcher$5.run(ConsumerDispatcher.java:149)
	at com.rabbitmq.client.impl.ConsumerWorkService$WorkPoolRunnable.run(ConsumerWorkService.java:111)
	at java.base/java.util.concurrent.ThreadPoolExecutor.runWorker(ThreadPoolExecutor.java:1136)
	at java.base/java.util.concurrent.ThreadPoolExecutor$Worker.run(ThreadPoolExecutor.java:635)
	at java.base/java.lang.Thread.run(Thread.java:842)
Caused by: java.net.ConnectException: null
	at java.net.http/jdk.internal.net.http.common.Utils.toConnectException(Utils.java:1055)
	at java.net.http/jdk.internal.net.http.PlainHttpConnection.connectAsync(PlainHttpConnection.java:198)
	at java.net.http/jdk.internal.net.http.PlainHttpConnection.checkRetryConnect(PlainHttpConnection.java:230)
	at java.net.http/jdk.internal.net.http.PlainHttpConnection.lambda$connectAsync$1(PlainHttpConnection.java:206)
	at java.base/java.util.concurrent.CompletableFuture.uniHandle(CompletableFuture.java:934)
	at java.base/java.util.concurrent.CompletableFuture$UniHandle.tryFire(CompletableFuture.java:911)
	at java.base/java.util.concurrent.CompletableFuture.postComplete(CompletableFuture.java:510)
	at java.base/java.util.concurrent.CompletableFuture$AsyncSupply.run(CompletableFuture.java:1773)
	... 3 common frames omitted
Caused by: java.nio.channels.ClosedChannelException: null
	at java.base/sun.nio.ch.SocketChannelImpl.ensureOpen(SocketChannelImpl.java:195)
	at java.base/sun.nio.ch.SocketChannelImpl.beginConnect(SocketChannelImpl.java:760)
	at java.base/sun.nio.ch.SocketChannelImpl.connect(SocketChannelImpl.java:848)
	at java.net.http/jdk.internal.net.http.PlainHttpConnection.lambda$connectAsync$0(PlainHttpConnection.java:183)
	at java.base/java.security.AccessController.doPrivileged(AccessController.java:569)
	at java.net.http/jdk.internal.net.http.PlainHttpConnection.connectAsync(PlainHttpConnection.java:185)
	... 9 common frames omitted
2026-06-23 09:51:35.469 [pool-1-thread-38] ERROR com.mp3.desktop.Programme3 - Erreur API - Tentative 2/2 pour ?Louane - Maman (2015) Official Music Video
java.net.ConnectException: null
	at java.net.http/jdk.internal.net.http.HttpClientImpl.send(HttpClientImpl.java:573)
	at java.net.http/jdk.internal.net.http.HttpClientFacade.send(HttpClientFacade.java:123)
	at com.mp3.desktop.Programme3.verifierSiExiste(Programme3.java:132)
	at com.mp3.desktop.Programme3.traiterMetadata(Programme3.java:102)
	at com.mp3.desktop.Programme3.lambda$run$0(Programme3.java:64)
	at com.rabbitmq.client.impl.recovery.AutorecoveringChannel$2.handleDelivery(AutorecoveringChannel.java:588)
	at com.rabbitmq.client.impl.ConsumerDispatcher$5.run(ConsumerDispatcher.java:149)
	at com.rabbitmq.client.impl.ConsumerWorkService$WorkPoolRunnable.run(ConsumerWorkService.java:111)
	at java.base/java.util.concurrent.ThreadPoolExecutor.runWorker(ThreadPoolExecutor.java:1136)
	at java.base/java.util.concurrent.ThreadPoolExecutor$Worker.run(ThreadPoolExecutor.java:635)
	at java.base/java.lang.Thread.run(Thread.java:842)
Caused by: java.net.ConnectException: null
	at java.net.http/jdk.internal.net.http.common.Utils.toConnectException(Utils.java:1055)
	at java.net.http/jdk.internal.net.http.PlainHttpConnection.connectAsync(PlainHttpConnection.java:198)
	at java.net.http/jdk.internal.net.http.PlainHttpConnection.checkRetryConnect(PlainHttpConnection.java:230)
	at java.net.http/jdk.internal.net.http.PlainHttpConnection.lambda$connectAsync$1(PlainHttpConnection.java:206)
	at java.base/java.util.concurrent.CompletableFuture.uniHandle(CompletableFuture.java:934)
	at java.base/java.util.concurrent.CompletableFuture$UniHandle.tryFire(CompletableFuture.java:911)
	at java.base/java.util.concurrent.CompletableFuture.postComplete(CompletableFuture.java:510)
	at java.base/java.util.concurrent.CompletableFuture$AsyncSupply.run(CompletableFuture.java:1773)
	... 3 common frames omitted
Caused by: java.nio.channels.ClosedChannelException: null
	at java.base/sun.nio.ch.SocketChannelImpl.ensureOpen(SocketChannelImpl.java:195)
	at java.base/sun.nio.ch.SocketChannelImpl.beginConnect(SocketChannelImpl.java:760)
	at java.base/sun.nio.ch.SocketChannelImpl.connect(SocketChannelImpl.java:848)
	at java.net.http/jdk.internal.net.http.PlainHttpConnection.lambda$connectAsync$0(PlainHttpConnection.java:183)
	at java.base/java.security.AccessController.doPrivileged(AccessController.java:569)
	at java.net.http/jdk.internal.net.http.PlainHttpConnection.connectAsync(PlainHttpConnection.java:185)
	... 9 common frames omitted
2026-06-23 09:51:35.469 [pool-1-thread-38] ERROR com.mp3.desktop.Programme3 - ECHEC definitif pour l'envoi de : ?Louane - Maman (2015) Official Music Video. Le fichier NE SERA PAS supprime.
2026-06-23 09:51:35.469 [pool-1-thread-43] INFO  com.mp3.desktop.Programme3 - <- Metadata recu (P3) : Matsiro kosa ny nanaovan_i Fy Rasolofoniaina ny hiran_ny tarika _Zay teto.(480P_SD)
2026-06-23 09:51:35.469 [pool-1-thread-43] ERROR com.mp3.desktop.Programme3 - Erreur API - Tentative 1/2 pour Matsiro kosa ny nanaovan_i Fy Rasolofoniaina ny hiran_ny tarika _Zay teto.(480P_SD)
java.net.ConnectException: null
	at java.net.http/jdk.internal.net.http.HttpClientImpl.send(HttpClientImpl.java:573)
	at java.net.http/jdk.internal.net.http.HttpClientFacade.send(HttpClientFacade.java:123)
	at com.mp3.desktop.Programme3.verifierSiExiste(Programme3.java:132)
	at com.mp3.desktop.Programme3.traiterMetadata(Programme3.java:102)
	at com.mp3.desktop.Programme3.lambda$run$0(Programme3.java:64)
	at com.rabbitmq.client.impl.recovery.AutorecoveringChannel$2.handleDelivery(AutorecoveringChannel.java:588)
	at com.rabbitmq.client.impl.ConsumerDispatcher$5.run(ConsumerDispatcher.java:149)
	at com.rabbitmq.client.impl.ConsumerWorkService$WorkPoolRunnable.run(ConsumerWorkService.java:111)
	at java.base/java.util.concurrent.ThreadPoolExecutor.runWorker(ThreadPoolExecutor.java:1136)
	at java.base/java.util.concurrent.ThreadPoolExecutor$Worker.run(ThreadPoolExecutor.java:635)
	at java.base/java.lang.Thread.run(Thread.java:842)
Caused by: java.net.ConnectException: null
	at java.net.http/jdk.internal.net.http.common.Utils.toConnectException(Utils.java:1055)
	at java.net.http/jdk.internal.net.http.PlainHttpConnection.connectAsync(PlainHttpConnection.java:198)
	at java.net.http/jdk.internal.net.http.PlainHttpConnection.checkRetryConnect(PlainHttpConnection.java:230)
	at java.net.http/jdk.internal.net.http.PlainHttpConnection.lambda$connectAsync$1(PlainHttpConnection.java:206)
	at java.base/java.util.concurrent.CompletableFuture.uniHandle(CompletableFuture.java:934)
	at java.base/java.util.concurrent.CompletableFuture$UniHandle.tryFire(CompletableFuture.java:911)
	at java.base/java.util.concurrent.CompletableFuture.postComplete(CompletableFuture.java:510)
	at java.base/java.util.concurrent.CompletableFuture$AsyncSupply.run(CompletableFuture.java:1773)
	... 3 common frames omitted
Caused by: java.nio.channels.ClosedChannelException: null
	at java.base/sun.nio.ch.SocketChannelImpl.ensureOpen(SocketChannelImpl.java:195)
	at java.base/sun.nio.ch.SocketChannelImpl.beginConnect(SocketChannelImpl.java:760)
	at java.base/sun.nio.ch.SocketChannelImpl.connect(SocketChannelImpl.java:848)
	at java.net.http/jdk.internal.net.http.PlainHttpConnection.lambda$connectAsync$0(PlainHttpConnection.java:183)
	at java.base/java.security.AccessController.doPrivileged(AccessController.java:569)
	at java.net.http/jdk.internal.net.http.PlainHttpConnection.connectAsync(PlainHttpConnection.java:185)
	... 9 common frames omitted
2026-06-23 09:51:37.480 [pool-1-thread-43] ERROR com.mp3.desktop.Programme3 - Erreur API - Tentative 2/2 pour Matsiro kosa ny nanaovan_i Fy Rasolofoniaina ny hiran_ny tarika _Zay teto.(480P_SD)
java.net.ConnectException: null
	at java.net.http/jdk.internal.net.http.HttpClientImpl.send(HttpClientImpl.java:573)
	at java.net.http/jdk.internal.net.http.HttpClientFacade.send(HttpClientFacade.java:123)
	at com.mp3.desktop.Programme3.verifierSiExiste(Programme3.java:132)
	at com.mp3.desktop.Programme3.traiterMetadata(Programme3.java:102)
	at com.mp3.desktop.Programme3.lambda$run$0(Programme3.java:64)
	at com.rabbitmq.client.impl.recovery.AutorecoveringChannel$2.handleDelivery(AutorecoveringChannel.java:588)
	at com.rabbitmq.client.impl.ConsumerDispatcher$5.run(ConsumerDispatcher.java:149)
	at com.rabbitmq.client.impl.ConsumerWorkService$WorkPoolRunnable.run(ConsumerWorkService.java:111)
	at java.base/java.util.concurrent.ThreadPoolExecutor.runWorker(ThreadPoolExecutor.java:1136)
	at java.base/java.util.concurrent.ThreadPoolExecutor$Worker.run(ThreadPoolExecutor.java:635)
	at java.base/java.lang.Thread.run(Thread.java:842)
Caused by: java.net.ConnectException: null
	at java.net.http/jdk.internal.net.http.common.Utils.toConnectException(Utils.java:1055)
	at java.net.http/jdk.internal.net.http.PlainHttpConnection.connectAsync(PlainHttpConnection.java:198)
	at java.net.http/jdk.internal.net.http.PlainHttpConnection.checkRetryConnect(PlainHttpConnection.java:230)
	at java.net.http/jdk.internal.net.http.PlainHttpConnection.lambda$connectAsync$1(PlainHttpConnection.java:206)
	at java.base/java.util.concurrent.CompletableFuture.uniHandle(CompletableFuture.java:934)
	at java.base/java.util.concurrent.CompletableFuture$UniHandle.tryFire(CompletableFuture.java:911)
	at java.base/java.util.concurrent.CompletableFuture.postComplete(CompletableFuture.java:510)
	at java.base/java.util.concurrent.CompletableFuture$AsyncSupply.run(CompletableFuture.java:1773)
	... 3 common frames omitted
Caused by: java.nio.channels.ClosedChannelException: null
	at java.base/sun.nio.ch.SocketChannelImpl.ensureOpen(SocketChannelImpl.java:195)
	at java.base/sun.nio.ch.SocketChannelImpl.beginConnect(SocketChannelImpl.java:760)
	at java.base/sun.nio.ch.SocketChannelImpl.connect(SocketChannelImpl.java:848)
	at java.net.http/jdk.internal.net.http.PlainHttpConnection.lambda$connectAsync$0(PlainHttpConnection.java:183)
	at java.base/java.security.AccessController.doPrivileged(AccessController.java:569)
	at java.net.http/jdk.internal.net.http.PlainHttpConnection.connectAsync(PlainHttpConnection.java:185)
	... 9 common frames omitted
2026-06-23 09:51:37.480 [pool-1-thread-43] ERROR com.mp3.desktop.Programme3 - ECHEC definitif pour l'envoi de : Matsiro kosa ny nanaovan_i Fy Rasolofoniaina ny hiran_ny tarika _Zay teto.(480P_SD). Le fichier NE SERA PAS supprime.
2026-06-23 09:51:37.482 [pool-1-thread-44] INFO  com.mp3.desktop.Programme3 - <- Metadata recu (P3) : ?Misia
2026-06-23 09:51:37.487 [pool-1-thread-44] ERROR com.mp3.desktop.Programme3 - Erreur API - Tentative 1/2 pour ?Misia
java.net.ConnectException: null
	at java.net.http/jdk.internal.net.http.HttpClientImpl.send(HttpClientImpl.java:573)
	at java.net.http/jdk.internal.net.http.HttpClientFacade.send(HttpClientFacade.java:123)
	at com.mp3.desktop.Programme3.verifierSiExiste(Programme3.java:132)
	at com.mp3.desktop.Programme3.traiterMetadata(Programme3.java:102)
	at com.mp3.desktop.Programme3.lambda$run$0(Programme3.java:64)
	at com.rabbitmq.client.impl.recovery.AutorecoveringChannel$2.handleDelivery(AutorecoveringChannel.java:588)
	at com.rabbitmq.client.impl.ConsumerDispatcher$5.run(ConsumerDispatcher.java:149)
	at com.rabbitmq.client.impl.ConsumerWorkService$WorkPoolRunnable.run(ConsumerWorkService.java:111)
	at java.base/java.util.concurrent.ThreadPoolExecutor.runWorker(ThreadPoolExecutor.java:1136)
	at java.base/java.util.concurrent.ThreadPoolExecutor$Worker.run(ThreadPoolExecutor.java:635)
	at java.base/java.lang.Thread.run(Thread.java:842)
Caused by: java.net.ConnectException: null
	at java.net.http/jdk.internal.net.http.common.Utils.toConnectException(Utils.java:1055)
	at java.net.http/jdk.internal.net.http.PlainHttpConnection.connectAsync(PlainHttpConnection.java:198)
	at java.net.http/jdk.internal.net.http.PlainHttpConnection.checkRetryConnect(PlainHttpConnection.java:230)
	at java.net.http/jdk.internal.net.http.PlainHttpConnection.lambda$connectAsync$1(PlainHttpConnection.java:206)
	at java.base/java.util.concurrent.CompletableFuture.uniHandle(CompletableFuture.java:934)
	at java.base/java.util.concurrent.CompletableFuture$UniHandle.tryFire(CompletableFuture.java:911)
	at java.base/java.util.concurrent.CompletableFuture.postComplete(CompletableFuture.java:510)
	at java.base/java.util.concurrent.CompletableFuture$AsyncSupply.run(CompletableFuture.java:1773)
	... 3 common frames omitted
Caused by: java.nio.channels.ClosedChannelException: null
	at java.base/sun.nio.ch.SocketChannelImpl.ensureOpen(SocketChannelImpl.java:195)
	at java.base/sun.nio.ch.SocketChannelImpl.beginConnect(SocketChannelImpl.java:760)
	at java.base/sun.nio.ch.SocketChannelImpl.connect(SocketChannelImpl.java:848)
	at java.net.http/jdk.internal.net.http.PlainHttpConnection.lambda$connectAsync$0(PlainHttpConnection.java:183)
	at java.base/java.security.AccessController.doPrivileged(AccessController.java:569)
	at java.net.http/jdk.internal.net.http.PlainHttpConnection.connectAsync(PlainHttpConnection.java:185)
	... 9 common frames omitted
2026-06-23 09:51:39.506 [pool-1-thread-44] ERROR com.mp3.desktop.Programme3 - Erreur API - Tentative 2/2 pour ?Misia
java.net.ConnectException: null
	at java.net.http/jdk.internal.net.http.HttpClientImpl.send(HttpClientImpl.java:573)
	at java.net.http/jdk.internal.net.http.HttpClientFacade.send(HttpClientFacade.java:123)
	at com.mp3.desktop.Programme3.verifierSiExiste(Programme3.java:132)
	at com.mp3.desktop.Programme3.traiterMetadata(Programme3.java:102)
	at com.mp3.desktop.Programme3.lambda$run$0(Programme3.java:64)
	at com.rabbitmq.client.impl.recovery.AutorecoveringChannel$2.handleDelivery(AutorecoveringChannel.java:588)
	at com.rabbitmq.client.impl.ConsumerDispatcher$5.run(ConsumerDispatcher.java:149)
	at com.rabbitmq.client.impl.ConsumerWorkService$WorkPoolRunnable.run(ConsumerWorkService.java:111)
	at java.base/java.util.concurrent.ThreadPoolExecutor.runWorker(ThreadPoolExecutor.java:1136)
	at java.base/java.util.concurrent.ThreadPoolExecutor$Worker.run(ThreadPoolExecutor.java:635)
	at java.base/java.lang.Thread.run(Thread.java:842)
Caused by: java.net.ConnectException: null
	at java.net.http/jdk.internal.net.http.common.Utils.toConnectException(Utils.java:1055)
	at java.net.http/jdk.internal.net.http.PlainHttpConnection.connectAsync(PlainHttpConnection.java:198)
	at java.net.http/jdk.internal.net.http.PlainHttpConnection.checkRetryConnect(PlainHttpConnection.java:230)
	at java.net.http/jdk.internal.net.http.PlainHttpConnection.lambda$connectAsync$1(PlainHttpConnection.java:206)
	at java.base/java.util.concurrent.CompletableFuture.uniHandle(CompletableFuture.java:934)
	at java.base/java.util.concurrent.CompletableFuture$UniHandle.tryFire(CompletableFuture.java:911)
	at java.base/java.util.concurrent.CompletableFuture.postComplete(CompletableFuture.java:510)
	at java.base/java.util.concurrent.CompletableFuture$AsyncSupply.run(CompletableFuture.java:1773)
	... 3 common frames omitted
Caused by: java.nio.channels.ClosedChannelException: null
	at java.base/sun.nio.ch.SocketChannelImpl.ensureOpen(SocketChannelImpl.java:195)
	at java.base/sun.nio.ch.SocketChannelImpl.beginConnect(SocketChannelImpl.java:760)
	at java.base/sun.nio.ch.SocketChannelImpl.connect(SocketChannelImpl.java:848)
	at java.net.http/jdk.internal.net.http.PlainHttpConnection.lambda$connectAsync$0(PlainHttpConnection.java:183)
	at java.base/java.security.AccessController.doPrivileged(AccessController.java:569)
	at java.net.http/jdk.internal.net.http.PlainHttpConnection.connectAsync(PlainHttpConnection.java:185)
	... 9 common frames omitted
2026-06-23 09:51:39.508 [pool-1-thread-44] ERROR com.mp3.desktop.Programme3 - ECHEC definitif pour l'envoi de : ?Misia. Le fichier NE SERA PAS supprime.
2026-06-23 09:51:39.509 [pool-1-thread-14] INFO  com.mp3.desktop.Programme3 - <- Metadata recu (P3) : ?MITONIA - REKO (Official lyrics video)
2026-06-23 09:51:39.516 [pool-1-thread-14] ERROR com.mp3.desktop.Programme3 - Erreur API - Tentative 1/2 pour ?MITONIA - REKO (Official lyrics video)
java.net.ConnectException: null
	at java.net.http/jdk.internal.net.http.HttpClientImpl.send(HttpClientImpl.java:573)
	at java.net.http/jdk.internal.net.http.HttpClientFacade.send(HttpClientFacade.java:123)
	at com.mp3.desktop.Programme3.verifierSiExiste(Programme3.java:132)
	at com.mp3.desktop.Programme3.traiterMetadata(Programme3.java:102)
	at com.mp3.desktop.Programme3.lambda$run$0(Programme3.java:64)
	at com.rabbitmq.client.impl.recovery.AutorecoveringChannel$2.handleDelivery(AutorecoveringChannel.java:588)
	at com.rabbitmq.client.impl.ConsumerDispatcher$5.run(ConsumerDispatcher.java:149)
	at com.rabbitmq.client.impl.ConsumerWorkService$WorkPoolRunnable.run(ConsumerWorkService.java:111)
	at java.base/java.util.concurrent.ThreadPoolExecutor.runWorker(ThreadPoolExecutor.java:1136)
	at java.base/java.util.concurrent.ThreadPoolExecutor$Worker.run(ThreadPoolExecutor.java:635)
	at java.base/java.lang.Thread.run(Thread.java:842)
Caused by: java.net.ConnectException: null
	at java.net.http/jdk.internal.net.http.common.Utils.toConnectException(Utils.java:1055)
	at java.net.http/jdk.internal.net.http.PlainHttpConnection.connectAsync(PlainHttpConnection.java:198)
	at java.net.http/jdk.internal.net.http.PlainHttpConnection.checkRetryConnect(PlainHttpConnection.java:230)
	at java.net.http/jdk.internal.net.http.PlainHttpConnection.lambda$connectAsync$1(PlainHttpConnection.java:206)
	at java.base/java.util.concurrent.CompletableFuture.uniHandle(CompletableFuture.java:934)
	at java.base/java.util.concurrent.CompletableFuture$UniHandle.tryFire(CompletableFuture.java:911)
	at java.base/java.util.concurrent.CompletableFuture.postComplete(CompletableFuture.java:510)
	at java.base/java.util.concurrent.CompletableFuture$AsyncSupply.run(CompletableFuture.java:1773)
	... 3 common frames omitted
Caused by: java.nio.channels.ClosedChannelException: null
	at java.base/sun.nio.ch.SocketChannelImpl.ensureOpen(SocketChannelImpl.java:195)
	at java.base/sun.nio.ch.SocketChannelImpl.beginConnect(SocketChannelImpl.java:760)
	at java.base/sun.nio.ch.SocketChannelImpl.connect(SocketChannelImpl.java:848)
	at java.net.http/jdk.internal.net.http.PlainHttpConnection.lambda$connectAsync$0(PlainHttpConnection.java:183)
	at java.base/java.security.AccessController.doPrivileged(AccessController.java:569)
	at java.net.http/jdk.internal.net.http.PlainHttpConnection.connectAsync(PlainHttpConnection.java:185)
	... 9 common frames omitted
2026-06-23 09:51:41.536 [pool-1-thread-14] ERROR com.mp3.desktop.Programme3 - Erreur API - Tentative 2/2 pour ?MITONIA - REKO (Official lyrics video)
java.net.ConnectException: null
	at java.net.http/jdk.internal.net.http.HttpClientImpl.send(HttpClientImpl.java:573)
	at java.net.http/jdk.internal.net.http.HttpClientFacade.send(HttpClientFacade.java:123)
	at com.mp3.desktop.Programme3.verifierSiExiste(Programme3.java:132)
	at com.mp3.desktop.Programme3.traiterMetadata(Programme3.java:102)
	at com.mp3.desktop.Programme3.lambda$run$0(Programme3.java:64)
	at com.rabbitmq.client.impl.recovery.AutorecoveringChannel$2.handleDelivery(AutorecoveringChannel.java:588)
	at com.rabbitmq.client.impl.ConsumerDispatcher$5.run(ConsumerDispatcher.java:149)
	at com.rabbitmq.client.impl.ConsumerWorkService$WorkPoolRunnable.run(ConsumerWorkService.java:111)
	at java.base/java.util.concurrent.ThreadPoolExecutor.runWorker(ThreadPoolExecutor.java:1136)
	at java.base/java.util.concurrent.ThreadPoolExecutor$Worker.run(ThreadPoolExecutor.java:635)
	at java.base/java.lang.Thread.run(Thread.java:842)
Caused by: java.net.ConnectException: null
	at java.net.http/jdk.internal.net.http.common.Utils.toConnectException(Utils.java:1055)
	at java.net.http/jdk.internal.net.http.PlainHttpConnection.connectAsync(PlainHttpConnection.java:198)
	at java.net.http/jdk.internal.net.http.PlainHttpConnection.checkRetryConnect(PlainHttpConnection.java:230)
	at java.net.http/jdk.internal.net.http.PlainHttpConnection.lambda$connectAsync$1(PlainHttpConnection.java:206)
	at java.base/java.util.concurrent.CompletableFuture.uniHandle(CompletableFuture.java:934)
	at java.base/java.util.concurrent.CompletableFuture$UniHandle.tryFire(CompletableFuture.java:911)
	at java.base/java.util.concurrent.CompletableFuture.postComplete(CompletableFuture.java:510)
	at java.base/java.util.concurrent.CompletableFuture$AsyncSupply.run(CompletableFuture.java:1773)
	... 3 common frames omitted
Caused by: java.nio.channels.ClosedChannelException: null
	at java.base/sun.nio.ch.SocketChannelImpl.ensureOpen(SocketChannelImpl.java:195)
	at java.base/sun.nio.ch.SocketChannelImpl.beginConnect(SocketChannelImpl.java:760)
	at java.base/sun.nio.ch.SocketChannelImpl.connect(SocketChannelImpl.java:848)
	at java.net.http/jdk.internal.net.http.PlainHttpConnection.lambda$connectAsync$0(PlainHttpConnection.java:183)
	at java.base/java.security.AccessController.doPrivileged(AccessController.java:569)
	at java.net.http/jdk.internal.net.http.PlainHttpConnection.connectAsync(PlainHttpConnection.java:185)
	... 9 common frames omitted
2026-06-23 09:51:41.541 [pool-1-thread-14] ERROR com.mp3.desktop.Programme3 - ECHEC definitif pour l'envoi de : ?MITONIA - REKO (Official lyrics video). Le fichier NE SERA PAS supprime.
2026-06-23 09:51:41.541 [pool-1-thread-29] INFO  com.mp3.desktop.Programme3 - <- Metadata recu (P3) : ?Ny Anaranao
2026-06-23 09:51:41.541 [pool-1-thread-29] ERROR com.mp3.desktop.Programme3 - Erreur API - Tentative 1/2 pour ?Ny Anaranao
java.net.ConnectException: null
	at java.net.http/jdk.internal.net.http.HttpClientImpl.send(HttpClientImpl.java:573)
	at java.net.http/jdk.internal.net.http.HttpClientFacade.send(HttpClientFacade.java:123)
	at com.mp3.desktop.Programme3.verifierSiExiste(Programme3.java:132)
	at com.mp3.desktop.Programme3.traiterMetadata(Programme3.java:102)
	at com.mp3.desktop.Programme3.lambda$run$0(Programme3.java:64)
	at com.rabbitmq.client.impl.recovery.AutorecoveringChannel$2.handleDelivery(AutorecoveringChannel.java:588)
	at com.rabbitmq.client.impl.ConsumerDispatcher$5.run(ConsumerDispatcher.java:149)
	at com.rabbitmq.client.impl.ConsumerWorkService$WorkPoolRunnable.run(ConsumerWorkService.java:111)
	at java.base/java.util.concurrent.ThreadPoolExecutor.runWorker(ThreadPoolExecutor.java:1136)
	at java.base/java.util.concurrent.ThreadPoolExecutor$Worker.run(ThreadPoolExecutor.java:635)
	at java.base/java.lang.Thread.run(Thread.java:842)
Caused by: java.net.ConnectException: null
	at java.net.http/jdk.internal.net.http.common.Utils.toConnectException(Utils.java:1055)
	at java.net.http/jdk.internal.net.http.PlainHttpConnection.connectAsync(PlainHttpConnection.java:198)
	at java.net.http/jdk.internal.net.http.PlainHttpConnection.checkRetryConnect(PlainHttpConnection.java:230)
	at java.net.http/jdk.internal.net.http.PlainHttpConnection.lambda$connectAsync$1(PlainHttpConnection.java:206)
	at java.base/java.util.concurrent.CompletableFuture.uniHandle(CompletableFuture.java:934)
	at java.base/java.util.concurrent.CompletableFuture$UniHandle.tryFire(CompletableFuture.java:911)
	at java.base/java.util.concurrent.CompletableFuture.postComplete(CompletableFuture.java:510)
	at java.base/java.util.concurrent.CompletableFuture$AsyncSupply.run(CompletableFuture.java:1773)
	... 3 common frames omitted
Caused by: java.nio.channels.ClosedChannelException: null
	at java.base/sun.nio.ch.SocketChannelImpl.ensureOpen(SocketChannelImpl.java:195)
	at java.base/sun.nio.ch.SocketChannelImpl.beginConnect(SocketChannelImpl.java:760)
	at java.base/sun.nio.ch.SocketChannelImpl.connect(SocketChannelImpl.java:848)
	at java.net.http/jdk.internal.net.http.PlainHttpConnection.lambda$connectAsync$0(PlainHttpConnection.java:183)
	at java.base/java.security.AccessController.doPrivileged(AccessController.java:569)
	at java.net.http/jdk.internal.net.http.PlainHttpConnection.connectAsync(PlainHttpConnection.java:185)
	... 9 common frames omitted
2026-06-23 09:51:43.569 [pool-1-thread-29] ERROR com.mp3.desktop.Programme3 - Erreur API - Tentative 2/2 pour ?Ny Anaranao
java.net.ConnectException: null
	at java.net.http/jdk.internal.net.http.HttpClientImpl.send(HttpClientImpl.java:573)
	at java.net.http/jdk.internal.net.http.HttpClientFacade.send(HttpClientFacade.java:123)
	at com.mp3.desktop.Programme3.verifierSiExiste(Programme3.java:132)
	at com.mp3.desktop.Programme3.traiterMetadata(Programme3.java:102)
	at com.mp3.desktop.Programme3.lambda$run$0(Programme3.java:64)
	at com.rabbitmq.client.impl.recovery.AutorecoveringChannel$2.handleDelivery(AutorecoveringChannel.java:588)
	at com.rabbitmq.client.impl.ConsumerDispatcher$5.run(ConsumerDispatcher.java:149)
	at com.rabbitmq.client.impl.ConsumerWorkService$WorkPoolRunnable.run(ConsumerWorkService.java:111)
	at java.base/java.util.concurrent.ThreadPoolExecutor.runWorker(ThreadPoolExecutor.java:1136)
	at java.base/java.util.concurrent.ThreadPoolExecutor$Worker.run(ThreadPoolExecutor.java:635)
	at java.base/java.lang.Thread.run(Thread.java:842)
Caused by: java.net.ConnectException: null
	at java.net.http/jdk.internal.net.http.common.Utils.toConnectException(Utils.java:1055)
	at java.net.http/jdk.internal.net.http.PlainHttpConnection.connectAsync(PlainHttpConnection.java:198)
	at java.net.http/jdk.internal.net.http.PlainHttpConnection.checkRetryConnect(PlainHttpConnection.java:230)
	at java.net.http/jdk.internal.net.http.PlainHttpConnection.lambda$connectAsync$1(PlainHttpConnection.java:206)
	at java.base/java.util.concurrent.CompletableFuture.uniHandle(CompletableFuture.java:934)
	at java.base/java.util.concurrent.CompletableFuture$UniHandle.tryFire(CompletableFuture.java:911)
	at java.base/java.util.concurrent.CompletableFuture.postComplete(CompletableFuture.java:510)
	at java.base/java.util.concurrent.CompletableFuture$AsyncSupply.run(CompletableFuture.java:1773)
	... 3 common frames omitted
Caused by: java.nio.channels.ClosedChannelException: null
	at java.base/sun.nio.ch.SocketChannelImpl.ensureOpen(SocketChannelImpl.java:195)
	at java.base/sun.nio.ch.SocketChannelImpl.beginConnect(SocketChannelImpl.java:760)
	at java.base/sun.nio.ch.SocketChannelImpl.connect(SocketChannelImpl.java:848)
	at java.net.http/jdk.internal.net.http.PlainHttpConnection.lambda$connectAsync$0(PlainHttpConnection.java:183)
	at java.base/java.security.AccessController.doPrivileged(AccessController.java:569)
	at java.net.http/jdk.internal.net.http.PlainHttpConnection.connectAsync(PlainHttpConnection.java:185)
	... 9 common frames omitted
2026-06-23 09:51:43.573 [pool-1-thread-29] ERROR com.mp3.desktop.Programme3 - ECHEC definitif pour l'envoi de : ?Ny Anaranao. Le fichier NE SERA PAS supprime.
2026-06-23 09:51:43.575 [pool-1-thread-35] INFO  com.mp3.desktop.Programme3 - <- Metadata recu (P3) : ?Rotoroto
2026-06-23 09:51:43.581 [pool-1-thread-35] ERROR com.mp3.desktop.Programme3 - Erreur API - Tentative 1/2 pour ?Rotoroto
java.net.ConnectException: null
	at java.net.http/jdk.internal.net.http.HttpClientImpl.send(HttpClientImpl.java:573)
	at java.net.http/jdk.internal.net.http.HttpClientFacade.send(HttpClientFacade.java:123)
	at com.mp3.desktop.Programme3.verifierSiExiste(Programme3.java:132)
	at com.mp3.desktop.Programme3.traiterMetadata(Programme3.java:102)
	at com.mp3.desktop.Programme3.lambda$run$0(Programme3.java:64)
	at com.rabbitmq.client.impl.recovery.AutorecoveringChannel$2.handleDelivery(AutorecoveringChannel.java:588)
	at com.rabbitmq.client.impl.ConsumerDispatcher$5.run(ConsumerDispatcher.java:149)
	at com.rabbitmq.client.impl.ConsumerWorkService$WorkPoolRunnable.run(ConsumerWorkService.java:111)
	at java.base/java.util.concurrent.ThreadPoolExecutor.runWorker(ThreadPoolExecutor.java:1136)
	at java.base/java.util.concurrent.ThreadPoolExecutor$Worker.run(ThreadPoolExecutor.java:635)
	at java.base/java.lang.Thread.run(Thread.java:842)
Caused by: java.net.ConnectException: null
	at java.net.http/jdk.internal.net.http.common.Utils.toConnectException(Utils.java:1055)
	at java.net.http/jdk.internal.net.http.PlainHttpConnection.connectAsync(PlainHttpConnection.java:198)
	at java.net.http/jdk.internal.net.http.PlainHttpConnection.checkRetryConnect(PlainHttpConnection.java:230)
	at java.net.http/jdk.internal.net.http.PlainHttpConnection.lambda$connectAsync$1(PlainHttpConnection.java:206)
	at java.base/java.util.concurrent.CompletableFuture.uniHandle(CompletableFuture.java:934)
	at java.base/java.util.concurrent.CompletableFuture$UniHandle.tryFire(CompletableFuture.java:911)
	at java.base/java.util.concurrent.CompletableFuture.postComplete(CompletableFuture.java:510)
	at java.base/java.util.concurrent.CompletableFuture$AsyncSupply.run(CompletableFuture.java:1773)
	... 3 common frames omitted
Caused by: java.nio.channels.ClosedChannelException: null
	at java.base/sun.nio.ch.SocketChannelImpl.ensureOpen(SocketChannelImpl.java:195)
	at java.base/sun.nio.ch.SocketChannelImpl.beginConnect(SocketChannelImpl.java:760)
	at java.base/sun.nio.ch.SocketChannelImpl.connect(SocketChannelImpl.java:848)
	at java.net.http/jdk.internal.net.http.PlainHttpConnection.lambda$connectAsync$0(PlainHttpConnection.java:183)
	at java.base/java.security.AccessController.doPrivileged(AccessController.java:569)
	at java.net.http/jdk.internal.net.http.PlainHttpConnection.connectAsync(PlainHttpConnection.java:185)
	... 9 common frames omitted
2026-06-23 09:51:45.599 [pool-1-thread-35] ERROR com.mp3.desktop.Programme3 - Erreur API - Tentative 2/2 pour ?Rotoroto
java.net.ConnectException: null
	at java.net.http/jdk.internal.net.http.HttpClientImpl.send(HttpClientImpl.java:573)
	at java.net.http/jdk.internal.net.http.HttpClientFacade.send(HttpClientFacade.java:123)
	at com.mp3.desktop.Programme3.verifierSiExiste(Programme3.java:132)
	at com.mp3.desktop.Programme3.traiterMetadata(Programme3.java:102)
	at com.mp3.desktop.Programme3.lambda$run$0(Programme3.java:64)
	at com.rabbitmq.client.impl.recovery.AutorecoveringChannel$2.handleDelivery(AutorecoveringChannel.java:588)
	at com.rabbitmq.client.impl.ConsumerDispatcher$5.run(ConsumerDispatcher.java:149)
	at com.rabbitmq.client.impl.ConsumerWorkService$WorkPoolRunnable.run(ConsumerWorkService.java:111)
	at java.base/java.util.concurrent.ThreadPoolExecutor.runWorker(ThreadPoolExecutor.java:1136)
	at java.base/java.util.concurrent.ThreadPoolExecutor$Worker.run(ThreadPoolExecutor.java:635)
	at java.base/java.lang.Thread.run(Thread.java:842)
Caused by: java.net.ConnectException: null
	at java.net.http/jdk.internal.net.http.common.Utils.toConnectException(Utils.java:1055)
	at java.net.http/jdk.internal.net.http.PlainHttpConnection.connectAsync(PlainHttpConnection.java:198)
	at java.net.http/jdk.internal.net.http.PlainHttpConnection.checkRetryConnect(PlainHttpConnection.java:230)
	at java.net.http/jdk.internal.net.http.PlainHttpConnection.lambda$connectAsync$1(PlainHttpConnection.java:206)
	at java.base/java.util.concurrent.CompletableFuture.uniHandle(CompletableFuture.java:934)
	at java.base/java.util.concurrent.CompletableFuture$UniHandle.tryFire(CompletableFuture.java:911)
	at java.base/java.util.concurrent.CompletableFuture.postComplete(CompletableFuture.java:510)
	at java.base/java.util.concurrent.CompletableFuture$AsyncSupply.run(CompletableFuture.java:1773)
	... 3 common frames omitted
Caused by: java.nio.channels.ClosedChannelException: null
	at java.base/sun.nio.ch.SocketChannelImpl.ensureOpen(SocketChannelImpl.java:195)
	at java.base/sun.nio.ch.SocketChannelImpl.beginConnect(SocketChannelImpl.java:760)
	at java.base/sun.nio.ch.SocketChannelImpl.connect(SocketChannelImpl.java:848)
	at java.net.http/jdk.internal.net.http.PlainHttpConnection.lambda$connectAsync$0(PlainHttpConnection.java:183)
	at java.base/java.security.AccessController.doPrivileged(AccessController.java:569)
	at java.net.http/jdk.internal.net.http.PlainHttpConnection.connectAsync(PlainHttpConnection.java:185)
	... 9 common frames omitted
2026-06-23 09:51:45.602 [pool-1-thread-35] ERROR com.mp3.desktop.Programme3 - ECHEC definitif pour l'envoi de : ?Rotoroto. Le fichier NE SERA PAS supprime.
2026-06-23 09:51:45.604 [pool-1-thread-36] INFO  com.mp3.desktop.Programme3 - <- Metadata recu (P3) : ?Tongasoa
2026-06-23 09:51:45.607 [pool-1-thread-36] ERROR com.mp3.desktop.Programme3 - Erreur API - Tentative 1/2 pour ?Tongasoa
java.net.ConnectException: null
	at java.net.http/jdk.internal.net.http.HttpClientImpl.send(HttpClientImpl.java:573)
	at java.net.http/jdk.internal.net.http.HttpClientFacade.send(HttpClientFacade.java:123)
	at com.mp3.desktop.Programme3.verifierSiExiste(Programme3.java:132)
	at com.mp3.desktop.Programme3.traiterMetadata(Programme3.java:102)
	at com.mp3.desktop.Programme3.lambda$run$0(Programme3.java:64)
	at com.rabbitmq.client.impl.recovery.AutorecoveringChannel$2.handleDelivery(AutorecoveringChannel.java:588)
	at com.rabbitmq.client.impl.ConsumerDispatcher$5.run(ConsumerDispatcher.java:149)
	at com.rabbitmq.client.impl.ConsumerWorkService$WorkPoolRunnable.run(ConsumerWorkService.java:111)
	at java.base/java.util.concurrent.ThreadPoolExecutor.runWorker(ThreadPoolExecutor.java:1136)
	at java.base/java.util.concurrent.ThreadPoolExecutor$Worker.run(ThreadPoolExecutor.java:635)
	at java.base/java.lang.Thread.run(Thread.java:842)
Caused by: java.net.ConnectException: null
	at java.net.http/jdk.internal.net.http.common.Utils.toConnectException(Utils.java:1055)
	at java.net.http/jdk.internal.net.http.PlainHttpConnection.connectAsync(PlainHttpConnection.java:198)
	at java.net.http/jdk.internal.net.http.PlainHttpConnection.checkRetryConnect(PlainHttpConnection.java:230)
	at java.net.http/jdk.internal.net.http.PlainHttpConnection.lambda$connectAsync$1(PlainHttpConnection.java:206)
	at java.base/java.util.concurrent.CompletableFuture.uniHandle(CompletableFuture.java:934)
	at java.base/java.util.concurrent.CompletableFuture$UniHandle.tryFire(CompletableFuture.java:911)
	at java.base/java.util.concurrent.CompletableFuture.postComplete(CompletableFuture.java:510)
	at java.base/java.util.concurrent.CompletableFuture$AsyncSupply.run(CompletableFuture.java:1773)
	... 3 common frames omitted
Caused by: java.nio.channels.ClosedChannelException: null
	at java.base/sun.nio.ch.SocketChannelImpl.ensureOpen(SocketChannelImpl.java:195)
	at java.base/sun.nio.ch.SocketChannelImpl.beginConnect(SocketChannelImpl.java:760)
	at java.base/sun.nio.ch.SocketChannelImpl.connect(SocketChannelImpl.java:848)
	at java.net.http/jdk.internal.net.http.PlainHttpConnection.lambda$connectAsync$0(PlainHttpConnection.java:183)
	at java.base/java.security.AccessController.doPrivileged(AccessController.java:569)
	at java.net.http/jdk.internal.net.http.PlainHttpConnection.connectAsync(PlainHttpConnection.java:185)
	... 9 common frames omitted
2026-06-23 09:51:47.618 [pool-1-thread-36] ERROR com.mp3.desktop.Programme3 - Erreur API - Tentative 2/2 pour ?Tongasoa
java.net.ConnectException: null
	at java.net.http/jdk.internal.net.http.HttpClientImpl.send(HttpClientImpl.java:573)
	at java.net.http/jdk.internal.net.http.HttpClientFacade.send(HttpClientFacade.java:123)
	at com.mp3.desktop.Programme3.verifierSiExiste(Programme3.java:132)
	at com.mp3.desktop.Programme3.traiterMetadata(Programme3.java:102)
	at com.mp3.desktop.Programme3.lambda$run$0(Programme3.java:64)
	at com.rabbitmq.client.impl.recovery.AutorecoveringChannel$2.handleDelivery(AutorecoveringChannel.java:588)
	at com.rabbitmq.client.impl.ConsumerDispatcher$5.run(ConsumerDispatcher.java:149)
	at com.rabbitmq.client.impl.ConsumerWorkService$WorkPoolRunnable.run(ConsumerWorkService.java:111)
	at java.base/java.util.concurrent.ThreadPoolExecutor.runWorker(ThreadPoolExecutor.java:1136)
	at java.base/java.util.concurrent.ThreadPoolExecutor$Worker.run(ThreadPoolExecutor.java:635)
	at java.base/java.lang.Thread.run(Thread.java:842)
Caused by: java.net.ConnectException: null
	at java.net.http/jdk.internal.net.http.common.Utils.toConnectException(Utils.java:1055)
	at java.net.http/jdk.internal.net.http.PlainHttpConnection.connectAsync(PlainHttpConnection.java:198)
	at java.net.http/jdk.internal.net.http.PlainHttpConnection.checkRetryConnect(PlainHttpConnection.java:230)
	at java.net.http/jdk.internal.net.http.PlainHttpConnection.lambda$connectAsync$1(PlainHttpConnection.java:206)
	at java.base/java.util.concurrent.CompletableFuture.uniHandle(CompletableFuture.java:934)
	at java.base/java.util.concurrent.CompletableFuture$UniHandle.tryFire(CompletableFuture.java:911)
	at java.base/java.util.concurrent.CompletableFuture.postComplete(CompletableFuture.java:510)
	at java.base/java.util.concurrent.CompletableFuture$AsyncSupply.run(CompletableFuture.java:1773)
	... 3 common frames omitted
Caused by: java.nio.channels.ClosedChannelException: null
	at java.base/sun.nio.ch.SocketChannelImpl.ensureOpen(SocketChannelImpl.java:195)
	at java.base/sun.nio.ch.SocketChannelImpl.beginConnect(SocketChannelImpl.java:760)
	at java.base/sun.nio.ch.SocketChannelImpl.connect(SocketChannelImpl.java:848)
	at java.net.http/jdk.internal.net.http.PlainHttpConnection.lambda$connectAsync$0(PlainHttpConnection.java:183)
	at java.base/java.security.AccessController.doPrivileged(AccessController.java:569)
	at java.net.http/jdk.internal.net.http.PlainHttpConnection.connectAsync(PlainHttpConnection.java:185)
	... 9 common frames omitted
2026-06-23 09:51:47.618 [pool-1-thread-36] ERROR com.mp3.desktop.Programme3 - ECHEC definitif pour l'envoi de : ?Tongasoa. Le fichier NE SERA PAS supprime.
2026-06-23 09:51:47.618 [pool-1-thread-37] INFO  com.mp3.desktop.Programme3 - <- Metadata recu (P3) : ?Happier Than Ever
2026-06-23 09:51:47.618 [pool-1-thread-37] ERROR com.mp3.desktop.Programme3 - Erreur API - Tentative 1/2 pour ?Happier Than Ever
java.net.ConnectException: null
	at java.net.http/jdk.internal.net.http.HttpClientImpl.send(HttpClientImpl.java:573)
	at java.net.http/jdk.internal.net.http.HttpClientFacade.send(HttpClientFacade.java:123)
	at com.mp3.desktop.Programme3.verifierSiExiste(Programme3.java:132)
	at com.mp3.desktop.Programme3.traiterMetadata(Programme3.java:102)
	at com.mp3.desktop.Programme3.lambda$run$0(Programme3.java:64)
	at com.rabbitmq.client.impl.recovery.AutorecoveringChannel$2.handleDelivery(AutorecoveringChannel.java:588)
	at com.rabbitmq.client.impl.ConsumerDispatcher$5.run(ConsumerDispatcher.java:149)
	at com.rabbitmq.client.impl.ConsumerWorkService$WorkPoolRunnable.run(ConsumerWorkService.java:111)
	at java.base/java.util.concurrent.ThreadPoolExecutor.runWorker(ThreadPoolExecutor.java:1136)
	at java.base/java.util.concurrent.ThreadPoolExecutor$Worker.run(ThreadPoolExecutor.java:635)
	at java.base/java.lang.Thread.run(Thread.java:842)
Caused by: java.net.ConnectException: null
	at java.net.http/jdk.internal.net.http.common.Utils.toConnectException(Utils.java:1055)
	at java.net.http/jdk.internal.net.http.PlainHttpConnection.connectAsync(PlainHttpConnection.java:198)
	at java.net.http/jdk.internal.net.http.PlainHttpConnection.checkRetryConnect(PlainHttpConnection.java:230)
	at java.net.http/jdk.internal.net.http.PlainHttpConnection.lambda$connectAsync$1(PlainHttpConnection.java:206)
	at java.base/java.util.concurrent.CompletableFuture.uniHandle(CompletableFuture.java:934)
	at java.base/java.util.concurrent.CompletableFuture$UniHandle.tryFire(CompletableFuture.java:911)
	at java.base/java.util.concurrent.CompletableFuture.postComplete(CompletableFuture.java:510)
	at java.base/java.util.concurrent.CompletableFuture$AsyncSupply.run(CompletableFuture.java:1773)
	... 3 common frames omitted
Caused by: java.nio.channels.ClosedChannelException: null
	at java.base/sun.nio.ch.SocketChannelImpl.ensureOpen(SocketChannelImpl.java:195)
	at java.base/sun.nio.ch.SocketChannelImpl.beginConnect(SocketChannelImpl.java:760)
	at java.base/sun.nio.ch.SocketChannelImpl.connect(SocketChannelImpl.java:848)
	at java.net.http/jdk.internal.net.http.PlainHttpConnection.lambda$connectAsync$0(PlainHttpConnection.java:183)
	at java.base/java.security.AccessController.doPrivileged(AccessController.java:569)
	at java.net.http/jdk.internal.net.http.PlainHttpConnection.connectAsync(PlainHttpConnection.java:185)
	... 9 common frames omitted
2026-06-23 09:51:49.631 [pool-1-thread-37] ERROR com.mp3.desktop.Programme3 - Erreur API - Tentative 2/2 pour ?Happier Than Ever
java.net.ConnectException: null
	at java.net.http/jdk.internal.net.http.HttpClientImpl.send(HttpClientImpl.java:573)
	at java.net.http/jdk.internal.net.http.HttpClientFacade.send(HttpClientFacade.java:123)
	at com.mp3.desktop.Programme3.verifierSiExiste(Programme3.java:132)
	at com.mp3.desktop.Programme3.traiterMetadata(Programme3.java:102)
	at com.mp3.desktop.Programme3.lambda$run$0(Programme3.java:64)
	at com.rabbitmq.client.impl.recovery.AutorecoveringChannel$2.handleDelivery(AutorecoveringChannel.java:588)
	at com.rabbitmq.client.impl.ConsumerDispatcher$5.run(ConsumerDispatcher.java:149)
	at com.rabbitmq.client.impl.ConsumerWorkService$WorkPoolRunnable.run(ConsumerWorkService.java:111)
	at java.base/java.util.concurrent.ThreadPoolExecutor.runWorker(ThreadPoolExecutor.java:1136)
	at java.base/java.util.concurrent.ThreadPoolExecutor$Worker.run(ThreadPoolExecutor.java:635)
	at java.base/java.lang.Thread.run(Thread.java:842)
Caused by: java.net.ConnectException: null
	at java.net.http/jdk.internal.net.http.common.Utils.toConnectException(Utils.java:1055)
	at java.net.http/jdk.internal.net.http.PlainHttpConnection.connectAsync(PlainHttpConnection.java:198)
	at java.net.http/jdk.internal.net.http.PlainHttpConnection.checkRetryConnect(PlainHttpConnection.java:230)
	at java.net.http/jdk.internal.net.http.PlainHttpConnection.lambda$connectAsync$1(PlainHttpConnection.java:206)
	at java.base/java.util.concurrent.CompletableFuture.uniHandle(CompletableFuture.java:934)
	at java.base/java.util.concurrent.CompletableFuture$UniHandle.tryFire(CompletableFuture.java:911)
	at java.base/java.util.concurrent.CompletableFuture.postComplete(CompletableFuture.java:510)
	at java.base/java.util.concurrent.CompletableFuture$AsyncSupply.run(CompletableFuture.java:1773)
	... 3 common frames omitted
Caused by: java.nio.channels.ClosedChannelException: null
	at java.base/sun.nio.ch.SocketChannelImpl.ensureOpen(SocketChannelImpl.java:195)
	at java.base/sun.nio.ch.SocketChannelImpl.beginConnect(SocketChannelImpl.java:760)
	at java.base/sun.nio.ch.SocketChannelImpl.connect(SocketChannelImpl.java:848)
	at java.net.http/jdk.internal.net.http.PlainHttpConnection.lambda$connectAsync$0(PlainHttpConnection.java:183)
	at java.base/java.security.AccessController.doPrivileged(AccessController.java:569)
	at java.net.http/jdk.internal.net.http.PlainHttpConnection.connectAsync(PlainHttpConnection.java:185)
	... 9 common frames omitted
2026-06-23 09:51:49.632 [pool-1-thread-37] ERROR com.mp3.desktop.Programme3 - ECHEC definitif pour l'envoi de : ?Happier Than Ever. Le fichier NE SERA PAS supprime.
2026-06-23 09:51:49.634 [pool-1-thread-38] INFO  com.mp3.desktop.Programme3 - <- Metadata recu (P3) : ?HATRAIZA / AZA AVELA - REKO
2026-06-23 09:51:49.636 [pool-1-thread-38] ERROR com.mp3.desktop.Programme3 - Erreur API - Tentative 1/2 pour ?HATRAIZA / AZA AVELA - REKO
java.net.ConnectException: null
	at java.net.http/jdk.internal.net.http.HttpClientImpl.send(HttpClientImpl.java:573)
	at java.net.http/jdk.internal.net.http.HttpClientFacade.send(HttpClientFacade.java:123)
	at com.mp3.desktop.Programme3.verifierSiExiste(Programme3.java:132)
	at com.mp3.desktop.Programme3.traiterMetadata(Programme3.java:102)
	at com.mp3.desktop.Programme3.lambda$run$0(Programme3.java:64)
	at com.rabbitmq.client.impl.recovery.AutorecoveringChannel$2.handleDelivery(AutorecoveringChannel.java:588)
	at com.rabbitmq.client.impl.ConsumerDispatcher$5.run(ConsumerDispatcher.java:149)
	at com.rabbitmq.client.impl.ConsumerWorkService$WorkPoolRunnable.run(ConsumerWorkService.java:111)
	at java.base/java.util.concurrent.ThreadPoolExecutor.runWorker(ThreadPoolExecutor.java:1136)
	at java.base/java.util.concurrent.ThreadPoolExecutor$Worker.run(ThreadPoolExecutor.java:635)
	at java.base/java.lang.Thread.run(Thread.java:842)
Caused by: java.net.ConnectException: null
	at java.net.http/jdk.internal.net.http.common.Utils.toConnectException(Utils.java:1055)
	at java.net.http/jdk.internal.net.http.PlainHttpConnection.connectAsync(PlainHttpConnection.java:198)
	at java.net.http/jdk.internal.net.http.PlainHttpConnection.checkRetryConnect(PlainHttpConnection.java:230)
	at java.net.http/jdk.internal.net.http.PlainHttpConnection.lambda$connectAsync$1(PlainHttpConnection.java:206)
	at java.base/java.util.concurrent.CompletableFuture.uniHandle(CompletableFuture.java:934)
	at java.base/java.util.concurrent.CompletableFuture$UniHandle.tryFire(CompletableFuture.java:911)
	at java.base/java.util.concurrent.CompletableFuture.postComplete(CompletableFuture.java:510)
	at java.base/java.util.concurrent.CompletableFuture$AsyncSupply.run(CompletableFuture.java:1773)
	... 3 common frames omitted
Caused by: java.nio.channels.ClosedChannelException: null
	at java.base/sun.nio.ch.SocketChannelImpl.ensureOpen(SocketChannelImpl.java:195)
	at java.base/sun.nio.ch.SocketChannelImpl.beginConnect(SocketChannelImpl.java:760)
	at java.base/sun.nio.ch.SocketChannelImpl.connect(SocketChannelImpl.java:848)
	at java.net.http/jdk.internal.net.http.PlainHttpConnection.lambda$connectAsync$0(PlainHttpConnection.java:183)
	at java.base/java.security.AccessController.doPrivileged(AccessController.java:569)
	at java.net.http/jdk.internal.net.http.PlainHttpConnection.connectAsync(PlainHttpConnection.java:185)
	... 9 common frames omitted
2026-06-23 09:51:51.641 [pool-1-thread-38] ERROR com.mp3.desktop.Programme3 - Erreur API - Tentative 2/2 pour ?HATRAIZA / AZA AVELA - REKO
java.net.ConnectException: null
	at java.net.http/jdk.internal.net.http.HttpClientImpl.send(HttpClientImpl.java:573)
	at java.net.http/jdk.internal.net.http.HttpClientFacade.send(HttpClientFacade.java:123)
	at com.mp3.desktop.Programme3.verifierSiExiste(Programme3.java:132)
	at com.mp3.desktop.Programme3.traiterMetadata(Programme3.java:102)
	at com.mp3.desktop.Programme3.lambda$run$0(Programme3.java:64)
	at com.rabbitmq.client.impl.recovery.AutorecoveringChannel$2.handleDelivery(AutorecoveringChannel.java:588)
	at com.rabbitmq.client.impl.ConsumerDispatcher$5.run(ConsumerDispatcher.java:149)
	at com.rabbitmq.client.impl.ConsumerWorkService$WorkPoolRunnable.run(ConsumerWorkService.java:111)
	at java.base/java.util.concurrent.ThreadPoolExecutor.runWorker(ThreadPoolExecutor.java:1136)
	at java.base/java.util.concurrent.ThreadPoolExecutor$Worker.run(ThreadPoolExecutor.java:635)
	at java.base/java.lang.Thread.run(Thread.java:842)
Caused by: java.net.ConnectException: null
	at java.net.http/jdk.internal.net.http.common.Utils.toConnectException(Utils.java:1055)
	at java.net.http/jdk.internal.net.http.PlainHttpConnection.connectAsync(PlainHttpConnection.java:198)
	at java.net.http/jdk.internal.net.http.PlainHttpConnection.checkRetryConnect(PlainHttpConnection.java:230)
	at java.net.http/jdk.internal.net.http.PlainHttpConnection.lambda$connectAsync$1(PlainHttpConnection.java:206)
	at java.base/java.util.concurrent.CompletableFuture.uniHandle(CompletableFuture.java:934)
	at java.base/java.util.concurrent.CompletableFuture$UniHandle.tryFire(CompletableFuture.java:911)
	at java.base/java.util.concurrent.CompletableFuture.postComplete(CompletableFuture.java:510)
	at java.base/java.util.concurrent.CompletableFuture$AsyncSupply.run(CompletableFuture.java:1773)
	... 3 common frames omitted
Caused by: java.nio.channels.ClosedChannelException: null
	at java.base/sun.nio.ch.SocketChannelImpl.ensureOpen(SocketChannelImpl.java:195)
	at java.base/sun.nio.ch.SocketChannelImpl.beginConnect(SocketChannelImpl.java:760)
	at java.base/sun.nio.ch.SocketChannelImpl.connect(SocketChannelImpl.java:848)
	at java.net.http/jdk.internal.net.http.PlainHttpConnection.lambda$connectAsync$0(PlainHttpConnection.java:183)
	at java.base/java.security.AccessController.doPrivileged(AccessController.java:569)
	at java.net.http/jdk.internal.net.http.PlainHttpConnection.connectAsync(PlainHttpConnection.java:185)
	... 9 common frames omitted
2026-06-23 09:51:51.641 [pool-1-thread-38] ERROR com.mp3.desktop.Programme3 - ECHEC definitif pour l'envoi de : ?HATRAIZA / AZA AVELA - REKO. Le fichier NE SERA PAS supprime.
2026-06-23 09:51:51.641 [pool-1-thread-43] INFO  com.mp3.desktop.Programme3 - <- Metadata recu (P3) : ?Louane - Maman (2015) Official Music Video
2026-06-23 09:51:51.641 [pool-1-thread-43] ERROR com.mp3.desktop.Programme3 - Erreur API - Tentative 1/2 pour ?Louane - Maman (2015) Official Music Video
java.net.ConnectException: null
	at java.net.http/jdk.internal.net.http.HttpClientImpl.send(HttpClientImpl.java:573)
	at java.net.http/jdk.internal.net.http.HttpClientFacade.send(HttpClientFacade.java:123)
	at com.mp3.desktop.Programme3.verifierSiExiste(Programme3.java:132)
	at com.mp3.desktop.Programme3.traiterMetadata(Programme3.java:102)
	at com.mp3.desktop.Programme3.lambda$run$0(Programme3.java:64)
	at com.rabbitmq.client.impl.recovery.AutorecoveringChannel$2.handleDelivery(AutorecoveringChannel.java:588)
	at com.rabbitmq.client.impl.ConsumerDispatcher$5.run(ConsumerDispatcher.java:149)
	at com.rabbitmq.client.impl.ConsumerWorkService$WorkPoolRunnable.run(ConsumerWorkService.java:111)
	at java.base/java.util.concurrent.ThreadPoolExecutor.runWorker(ThreadPoolExecutor.java:1136)
	at java.base/java.util.concurrent.ThreadPoolExecutor$Worker.run(ThreadPoolExecutor.java:635)
	at java.base/java.lang.Thread.run(Thread.java:842)
Caused by: java.net.ConnectException: null
	at java.net.http/jdk.internal.net.http.common.Utils.toConnectException(Utils.java:1055)
	at java.net.http/jdk.internal.net.http.PlainHttpConnection.connectAsync(PlainHttpConnection.java:198)
	at java.net.http/jdk.internal.net.http.PlainHttpConnection.checkRetryConnect(PlainHttpConnection.java:230)
	at java.net.http/jdk.internal.net.http.PlainHttpConnection.lambda$connectAsync$1(PlainHttpConnection.java:206)
	at java.base/java.util.concurrent.CompletableFuture.uniHandle(CompletableFuture.java:934)
	at java.base/java.util.concurrent.CompletableFuture$UniHandle.tryFire(CompletableFuture.java:911)
	at java.base/java.util.concurrent.CompletableFuture.postComplete(CompletableFuture.java:510)
	at java.base/java.util.concurrent.CompletableFuture$AsyncSupply.run(CompletableFuture.java:1773)
	... 3 common frames omitted
Caused by: java.nio.channels.ClosedChannelException: null
	at java.base/sun.nio.ch.SocketChannelImpl.ensureOpen(SocketChannelImpl.java:195)
	at java.base/sun.nio.ch.SocketChannelImpl.beginConnect(SocketChannelImpl.java:760)
	at java.base/sun.nio.ch.SocketChannelImpl.connect(SocketChannelImpl.java:848)
	at java.net.http/jdk.internal.net.http.PlainHttpConnection.lambda$connectAsync$0(PlainHttpConnection.java:183)
	at java.base/java.security.AccessController.doPrivileged(AccessController.java:569)
	at java.net.http/jdk.internal.net.http.PlainHttpConnection.connectAsync(PlainHttpConnection.java:185)
	... 9 common frames omitted
2026-06-23 09:51:53.656 [pool-1-thread-43] ERROR com.mp3.desktop.Programme3 - Erreur API - Tentative 2/2 pour ?Louane - Maman (2015) Official Music Video
java.net.ConnectException: null
	at java.net.http/jdk.internal.net.http.HttpClientImpl.send(HttpClientImpl.java:573)
	at java.net.http/jdk.internal.net.http.HttpClientFacade.send(HttpClientFacade.java:123)
	at com.mp3.desktop.Programme3.verifierSiExiste(Programme3.java:132)
	at com.mp3.desktop.Programme3.traiterMetadata(Programme3.java:102)
	at com.mp3.desktop.Programme3.lambda$run$0(Programme3.java:64)
	at com.rabbitmq.client.impl.recovery.AutorecoveringChannel$2.handleDelivery(AutorecoveringChannel.java:588)
	at com.rabbitmq.client.impl.ConsumerDispatcher$5.run(ConsumerDispatcher.java:149)
	at com.rabbitmq.client.impl.ConsumerWorkService$WorkPoolRunnable.run(ConsumerWorkService.java:111)
	at java.base/java.util.concurrent.ThreadPoolExecutor.runWorker(ThreadPoolExecutor.java:1136)
	at java.base/java.util.concurrent.ThreadPoolExecutor$Worker.run(ThreadPoolExecutor.java:635)
	at java.base/java.lang.Thread.run(Thread.java:842)
Caused by: java.net.ConnectException: null
	at java.net.http/jdk.internal.net.http.common.Utils.toConnectException(Utils.java:1055)
	at java.net.http/jdk.internal.net.http.PlainHttpConnection.connectAsync(PlainHttpConnection.java:198)
	at java.net.http/jdk.internal.net.http.PlainHttpConnection.checkRetryConnect(PlainHttpConnection.java:230)
	at java.net.http/jdk.internal.net.http.PlainHttpConnection.lambda$connectAsync$1(PlainHttpConnection.java:206)
	at java.base/java.util.concurrent.CompletableFuture.uniHandle(CompletableFuture.java:934)
	at java.base/java.util.concurrent.CompletableFuture$UniHandle.tryFire(CompletableFuture.java:911)
	at java.base/java.util.concurrent.CompletableFuture.postComplete(CompletableFuture.java:510)
	at java.base/java.util.concurrent.CompletableFuture$AsyncSupply.run(CompletableFuture.java:1773)
	... 3 common frames omitted
Caused by: java.nio.channels.ClosedChannelException: null
	at java.base/sun.nio.ch.SocketChannelImpl.ensureOpen(SocketChannelImpl.java:195)
	at java.base/sun.nio.ch.SocketChannelImpl.beginConnect(SocketChannelImpl.java:760)
	at java.base/sun.nio.ch.SocketChannelImpl.connect(SocketChannelImpl.java:848)
	at java.net.http/jdk.internal.net.http.PlainHttpConnection.lambda$connectAsync$0(PlainHttpConnection.java:183)
	at java.base/java.security.AccessController.doPrivileged(AccessController.java:569)
	at java.net.http/jdk.internal.net.http.PlainHttpConnection.connectAsync(PlainHttpConnection.java:185)
	... 9 common frames omitted
2026-06-23 09:51:53.658 [pool-1-thread-43] ERROR com.mp3.desktop.Programme3 - ECHEC definitif pour l'envoi de : ?Louane - Maman (2015) Official Music Video. Le fichier NE SERA PAS supprime.
2026-06-23 09:51:53.660 [pool-1-thread-44] INFO  com.mp3.desktop.Programme3 - <- Metadata recu (P3) : Matsiro kosa ny nanaovan_i Fy Rasolofoniaina ny hiran_ny tarika _Zay teto.(480P_SD)
2026-06-23 09:51:53.665 [pool-1-thread-44] ERROR com.mp3.desktop.Programme3 - Erreur API - Tentative 1/2 pour Matsiro kosa ny nanaovan_i Fy Rasolofoniaina ny hiran_ny tarika _Zay teto.(480P_SD)
java.net.ConnectException: null
	at java.net.http/jdk.internal.net.http.HttpClientImpl.send(HttpClientImpl.java:573)
	at java.net.http/jdk.internal.net.http.HttpClientFacade.send(HttpClientFacade.java:123)
	at com.mp3.desktop.Programme3.verifierSiExiste(Programme3.java:132)
	at com.mp3.desktop.Programme3.traiterMetadata(Programme3.java:102)
	at com.mp3.desktop.Programme3.lambda$run$0(Programme3.java:64)
	at com.rabbitmq.client.impl.recovery.AutorecoveringChannel$2.handleDelivery(AutorecoveringChannel.java:588)
	at com.rabbitmq.client.impl.ConsumerDispatcher$5.run(ConsumerDispatcher.java:149)
	at com.rabbitmq.client.impl.ConsumerWorkService$WorkPoolRunnable.run(ConsumerWorkService.java:111)
	at java.base/java.util.concurrent.ThreadPoolExecutor.runWorker(ThreadPoolExecutor.java:1136)
	at java.base/java.util.concurrent.ThreadPoolExecutor$Worker.run(ThreadPoolExecutor.java:635)
	at java.base/java.lang.Thread.run(Thread.java:842)
Caused by: java.net.ConnectException: null
	at java.net.http/jdk.internal.net.http.common.Utils.toConnectException(Utils.java:1055)
	at java.net.http/jdk.internal.net.http.PlainHttpConnection.connectAsync(PlainHttpConnection.java:198)
	at java.net.http/jdk.internal.net.http.PlainHttpConnection.checkRetryConnect(PlainHttpConnection.java:230)
	at java.net.http/jdk.internal.net.http.PlainHttpConnection.lambda$connectAsync$1(PlainHttpConnection.java:206)
	at java.base/java.util.concurrent.CompletableFuture.uniHandle(CompletableFuture.java:934)
	at java.base/java.util.concurrent.CompletableFuture$UniHandle.tryFire(CompletableFuture.java:911)
	at java.base/java.util.concurrent.CompletableFuture.postComplete(CompletableFuture.java:510)
	at java.base/java.util.concurrent.CompletableFuture$AsyncSupply.run(CompletableFuture.java:1773)
	... 3 common frames omitted
Caused by: java.nio.channels.ClosedChannelException: null
	at java.base/sun.nio.ch.SocketChannelImpl.ensureOpen(SocketChannelImpl.java:195)
	at java.base/sun.nio.ch.SocketChannelImpl.beginConnect(SocketChannelImpl.java:760)
	at java.base/sun.nio.ch.SocketChannelImpl.connect(SocketChannelImpl.java:848)
	at java.net.http/jdk.internal.net.http.PlainHttpConnection.lambda$connectAsync$0(PlainHttpConnection.java:183)
	at java.base/java.security.AccessController.doPrivileged(AccessController.java:569)
	at java.net.http/jdk.internal.net.http.PlainHttpConnection.connectAsync(PlainHttpConnection.java:185)
	... 9 common frames omitted
2026-06-23 09:51:55.677 [pool-1-thread-44] ERROR com.mp3.desktop.Programme3 - Erreur API - Tentative 2/2 pour Matsiro kosa ny nanaovan_i Fy Rasolofoniaina ny hiran_ny tarika _Zay teto.(480P_SD)
java.net.ConnectException: null
	at java.net.http/jdk.internal.net.http.HttpClientImpl.send(HttpClientImpl.java:573)
	at java.net.http/jdk.internal.net.http.HttpClientFacade.send(HttpClientFacade.java:123)
	at com.mp3.desktop.Programme3.verifierSiExiste(Programme3.java:132)
	at com.mp3.desktop.Programme3.traiterMetadata(Programme3.java:102)
	at com.mp3.desktop.Programme3.lambda$run$0(Programme3.java:64)
	at com.rabbitmq.client.impl.recovery.AutorecoveringChannel$2.handleDelivery(AutorecoveringChannel.java:588)
	at com.rabbitmq.client.impl.ConsumerDispatcher$5.run(ConsumerDispatcher.java:149)
	at com.rabbitmq.client.impl.ConsumerWorkService$WorkPoolRunnable.run(ConsumerWorkService.java:111)
	at java.base/java.util.concurrent.ThreadPoolExecutor.runWorker(ThreadPoolExecutor.java:1136)
	at java.base/java.util.concurrent.ThreadPoolExecutor$Worker.run(ThreadPoolExecutor.java:635)
	at java.base/java.lang.Thread.run(Thread.java:842)
Caused by: java.net.ConnectException: null
	at java.net.http/jdk.internal.net.http.common.Utils.toConnectException(Utils.java:1055)
	at java.net.http/jdk.internal.net.http.PlainHttpConnection.connectAsync(PlainHttpConnection.java:198)
	at java.net.http/jdk.internal.net.http.PlainHttpConnection.checkRetryConnect(PlainHttpConnection.java:230)
	at java.net.http/jdk.internal.net.http.PlainHttpConnection.lambda$connectAsync$1(PlainHttpConnection.java:206)
	at java.base/java.util.concurrent.CompletableFuture.uniHandle(CompletableFuture.java:934)
	at java.base/java.util.concurrent.CompletableFuture$UniHandle.tryFire(CompletableFuture.java:911)
	at java.base/java.util.concurrent.CompletableFuture.postComplete(CompletableFuture.java:510)
	at java.base/java.util.concurrent.CompletableFuture$AsyncSupply.run(CompletableFuture.java:1773)
	... 3 common frames omitted
Caused by: java.nio.channels.ClosedChannelException: null
	at java.base/sun.nio.ch.SocketChannelImpl.ensureOpen(SocketChannelImpl.java:195)
	at java.base/sun.nio.ch.SocketChannelImpl.beginConnect(SocketChannelImpl.java:760)
	at java.base/sun.nio.ch.SocketChannelImpl.connect(SocketChannelImpl.java:848)
	at java.net.http/jdk.internal.net.http.PlainHttpConnection.lambda$connectAsync$0(PlainHttpConnection.java:183)
	at java.base/java.security.AccessController.doPrivileged(AccessController.java:569)
	at java.net.http/jdk.internal.net.http.PlainHttpConnection.connectAsync(PlainHttpConnection.java:185)
	... 9 common frames omitted
2026-06-23 09:51:55.679 [pool-1-thread-44] ERROR com.mp3.desktop.Programme3 - ECHEC definitif pour l'envoi de : Matsiro kosa ny nanaovan_i Fy Rasolofoniaina ny hiran_ny tarika _Zay teto.(480P_SD). Le fichier NE SERA PAS supprime.
2026-06-23 09:51:55.681 [pool-1-thread-14] INFO  com.mp3.desktop.Programme3 - <- Metadata recu (P3) : ?Misia
2026-06-23 09:51:55.682 [pool-1-thread-14] ERROR com.mp3.desktop.Programme3 - Erreur API - Tentative 1/2 pour ?Misia
java.net.ConnectException: null
	at java.net.http/jdk.internal.net.http.HttpClientImpl.send(HttpClientImpl.java:573)
	at java.net.http/jdk.internal.net.http.HttpClientFacade.send(HttpClientFacade.java:123)
	at com.mp3.desktop.Programme3.verifierSiExiste(Programme3.java:132)
	at com.mp3.desktop.Programme3.traiterMetadata(Programme3.java:102)
	at com.mp3.desktop.Programme3.lambda$run$0(Programme3.java:64)
	at com.rabbitmq.client.impl.recovery.AutorecoveringChannel$2.handleDelivery(AutorecoveringChannel.java:588)
	at com.rabbitmq.client.impl.ConsumerDispatcher$5.run(ConsumerDispatcher.java:149)
	at com.rabbitmq.client.impl.ConsumerWorkService$WorkPoolRunnable.run(ConsumerWorkService.java:111)
	at java.base/java.util.concurrent.ThreadPoolExecutor.runWorker(ThreadPoolExecutor.java:1136)
	at java.base/java.util.concurrent.ThreadPoolExecutor$Worker.run(ThreadPoolExecutor.java:635)
	at java.base/java.lang.Thread.run(Thread.java:842)
Caused by: java.net.ConnectException: null
	at java.net.http/jdk.internal.net.http.common.Utils.toConnectException(Utils.java:1055)
	at java.net.http/jdk.internal.net.http.PlainHttpConnection.connectAsync(PlainHttpConnection.java:198)
	at java.net.http/jdk.internal.net.http.PlainHttpConnection.checkRetryConnect(PlainHttpConnection.java:230)
	at java.net.http/jdk.internal.net.http.PlainHttpConnection.lambda$connectAsync$1(PlainHttpConnection.java:206)
	at java.base/java.util.concurrent.CompletableFuture.uniHandle(CompletableFuture.java:934)
	at java.base/java.util.concurrent.CompletableFuture$UniHandle.tryFire(CompletableFuture.java:911)
	at java.base/java.util.concurrent.CompletableFuture.postComplete(CompletableFuture.java:510)
	at java.base/java.util.concurrent.CompletableFuture$AsyncSupply.run(CompletableFuture.java:1773)
	... 3 common frames omitted
Caused by: java.nio.channels.ClosedChannelException: null
	at java.base/sun.nio.ch.SocketChannelImpl.ensureOpen(SocketChannelImpl.java:195)
	at java.base/sun.nio.ch.SocketChannelImpl.beginConnect(SocketChannelImpl.java:760)
	at java.base/sun.nio.ch.SocketChannelImpl.connect(SocketChannelImpl.java:848)
	at java.net.http/jdk.internal.net.http.PlainHttpConnection.lambda$connectAsync$0(PlainHttpConnection.java:183)
	at java.base/java.security.AccessController.doPrivileged(AccessController.java:569)
	at java.net.http/jdk.internal.net.http.PlainHttpConnection.connectAsync(PlainHttpConnection.java:185)
	... 9 common frames omitted
2026-06-23 09:51:57.709 [pool-1-thread-14] ERROR com.mp3.desktop.Programme3 - Erreur API - Tentative 2/2 pour ?Misia
java.net.ConnectException: null
	at java.net.http/jdk.internal.net.http.HttpClientImpl.send(HttpClientImpl.java:573)
	at java.net.http/jdk.internal.net.http.HttpClientFacade.send(HttpClientFacade.java:123)
	at com.mp3.desktop.Programme3.verifierSiExiste(Programme3.java:132)
	at com.mp3.desktop.Programme3.traiterMetadata(Programme3.java:102)
	at com.mp3.desktop.Programme3.lambda$run$0(Programme3.java:64)
	at com.rabbitmq.client.impl.recovery.AutorecoveringChannel$2.handleDelivery(AutorecoveringChannel.java:588)
	at com.rabbitmq.client.impl.ConsumerDispatcher$5.run(ConsumerDispatcher.java:149)
	at com.rabbitmq.client.impl.ConsumerWorkService$WorkPoolRunnable.run(ConsumerWorkService.java:111)
	at java.base/java.util.concurrent.ThreadPoolExecutor.runWorker(ThreadPoolExecutor.java:1136)
	at java.base/java.util.concurrent.ThreadPoolExecutor$Worker.run(ThreadPoolExecutor.java:635)
	at java.base/java.lang.Thread.run(Thread.java:842)
Caused by: java.net.ConnectException: null
	at java.net.http/jdk.internal.net.http.common.Utils.toConnectException(Utils.java:1055)
	at java.net.http/jdk.internal.net.http.PlainHttpConnection.connectAsync(PlainHttpConnection.java:198)
	at java.net.http/jdk.internal.net.http.PlainHttpConnection.checkRetryConnect(PlainHttpConnection.java:230)
	at java.net.http/jdk.internal.net.http.PlainHttpConnection.lambda$connectAsync$1(PlainHttpConnection.java:206)
	at java.base/java.util.concurrent.CompletableFuture.uniHandle(CompletableFuture.java:934)
	at java.base/java.util.concurrent.CompletableFuture$UniHandle.tryFire(CompletableFuture.java:911)
	at java.base/java.util.concurrent.CompletableFuture.postComplete(CompletableFuture.java:510)
	at java.base/java.util.concurrent.CompletableFuture$AsyncSupply.run(CompletableFuture.java:1773)
	... 3 common frames omitted
Caused by: java.nio.channels.ClosedChannelException: null
	at java.base/sun.nio.ch.SocketChannelImpl.ensureOpen(SocketChannelImpl.java:195)
	at java.base/sun.nio.ch.SocketChannelImpl.beginConnect(SocketChannelImpl.java:760)
	at java.base/sun.nio.ch.SocketChannelImpl.connect(SocketChannelImpl.java:848)
	at java.net.http/jdk.internal.net.http.PlainHttpConnection.lambda$connectAsync$0(PlainHttpConnection.java:183)
	at java.base/java.security.AccessController.doPrivileged(AccessController.java:569)
	at java.net.http/jdk.internal.net.http.PlainHttpConnection.connectAsync(PlainHttpConnection.java:185)
	... 9 common frames omitted
2026-06-23 09:51:57.710 [pool-1-thread-14] ERROR com.mp3.desktop.Programme3 - ECHEC definitif pour l'envoi de : ?Misia. Le fichier NE SERA PAS supprime.
2026-06-23 09:51:57.710 [pool-1-thread-29] INFO  com.mp3.desktop.Programme3 - <- Metadata recu (P3) : ?MITONIA - REKO (Official lyrics video)
2026-06-23 09:51:57.715 [pool-1-thread-29] ERROR com.mp3.desktop.Programme3 - Erreur API - Tentative 1/2 pour ?MITONIA - REKO (Official lyrics video)
java.net.ConnectException: null
	at java.net.http/jdk.internal.net.http.HttpClientImpl.send(HttpClientImpl.java:573)
	at java.net.http/jdk.internal.net.http.HttpClientFacade.send(HttpClientFacade.java:123)
	at com.mp3.desktop.Programme3.verifierSiExiste(Programme3.java:132)
	at com.mp3.desktop.Programme3.traiterMetadata(Programme3.java:102)
	at com.mp3.desktop.Programme3.lambda$run$0(Programme3.java:64)
	at com.rabbitmq.client.impl.recovery.AutorecoveringChannel$2.handleDelivery(AutorecoveringChannel.java:588)
	at com.rabbitmq.client.impl.ConsumerDispatcher$5.run(ConsumerDispatcher.java:149)
	at com.rabbitmq.client.impl.ConsumerWorkService$WorkPoolRunnable.run(ConsumerWorkService.java:111)
	at java.base/java.util.concurrent.ThreadPoolExecutor.runWorker(ThreadPoolExecutor.java:1136)
	at java.base/java.util.concurrent.ThreadPoolExecutor$Worker.run(ThreadPoolExecutor.java:635)
	at java.base/java.lang.Thread.run(Thread.java:842)
Caused by: java.net.ConnectException: null
	at java.net.http/jdk.internal.net.http.common.Utils.toConnectException(Utils.java:1055)
	at java.net.http/jdk.internal.net.http.PlainHttpConnection.connectAsync(PlainHttpConnection.java:198)
	at java.net.http/jdk.internal.net.http.PlainHttpConnection.checkRetryConnect(PlainHttpConnection.java:230)
	at java.net.http/jdk.internal.net.http.PlainHttpConnection.lambda$connectAsync$1(PlainHttpConnection.java:206)
	at java.base/java.util.concurrent.CompletableFuture.uniHandle(CompletableFuture.java:934)
	at java.base/java.util.concurrent.CompletableFuture$UniHandle.tryFire(CompletableFuture.java:911)
	at java.base/java.util.concurrent.CompletableFuture.postComplete(CompletableFuture.java:510)
	at java.base/java.util.concurrent.CompletableFuture$AsyncSupply.run(CompletableFuture.java:1773)
	... 3 common frames omitted
Caused by: java.nio.channels.ClosedChannelException: null
	at java.base/sun.nio.ch.SocketChannelImpl.ensureOpen(SocketChannelImpl.java:195)
	at java.base/sun.nio.ch.SocketChannelImpl.beginConnect(SocketChannelImpl.java:760)
	at java.base/sun.nio.ch.SocketChannelImpl.connect(SocketChannelImpl.java:848)
	at java.net.http/jdk.internal.net.http.PlainHttpConnection.lambda$connectAsync$0(PlainHttpConnection.java:183)
	at java.base/java.security.AccessController.doPrivileged(AccessController.java:569)
	at java.net.http/jdk.internal.net.http.PlainHttpConnection.connectAsync(PlainHttpConnection.java:185)
	... 9 common frames omitted
2026-06-23 09:51:59.732 [pool-1-thread-29] ERROR com.mp3.desktop.Programme3 - Erreur API - Tentative 2/2 pour ?MITONIA - REKO (Official lyrics video)
java.net.ConnectException: null
	at java.net.http/jdk.internal.net.http.HttpClientImpl.send(HttpClientImpl.java:573)
	at java.net.http/jdk.internal.net.http.HttpClientFacade.send(HttpClientFacade.java:123)
	at com.mp3.desktop.Programme3.verifierSiExiste(Programme3.java:132)
	at com.mp3.desktop.Programme3.traiterMetadata(Programme3.java:102)
	at com.mp3.desktop.Programme3.lambda$run$0(Programme3.java:64)
	at com.rabbitmq.client.impl.recovery.AutorecoveringChannel$2.handleDelivery(AutorecoveringChannel.java:588)
	at com.rabbitmq.client.impl.ConsumerDispatcher$5.run(ConsumerDispatcher.java:149)
	at com.rabbitmq.client.impl.ConsumerWorkService$WorkPoolRunnable.run(ConsumerWorkService.java:111)
	at java.base/java.util.concurrent.ThreadPoolExecutor.runWorker(ThreadPoolExecutor.java:1136)
	at java.base/java.util.concurrent.ThreadPoolExecutor$Worker.run(ThreadPoolExecutor.java:635)
	at java.base/java.lang.Thread.run(Thread.java:842)
Caused by: java.net.ConnectException: null
	at java.net.http/jdk.internal.net.http.common.Utils.toConnectException(Utils.java:1055)
	at java.net.http/jdk.internal.net.http.PlainHttpConnection.connectAsync(PlainHttpConnection.java:198)
	at java.net.http/jdk.internal.net.http.PlainHttpConnection.checkRetryConnect(PlainHttpConnection.java:230)
	at java.net.http/jdk.internal.net.http.PlainHttpConnection.lambda$connectAsync$1(PlainHttpConnection.java:206)
	at java.base/java.util.concurrent.CompletableFuture.uniHandle(CompletableFuture.java:934)
	at java.base/java.util.concurrent.CompletableFuture$UniHandle.tryFire(CompletableFuture.java:911)
	at java.base/java.util.concurrent.CompletableFuture.postComplete(CompletableFuture.java:510)
	at java.base/java.util.concurrent.CompletableFuture$AsyncSupply.run(CompletableFuture.java:1773)
	... 3 common frames omitted
Caused by: java.nio.channels.ClosedChannelException: null
	at java.base/sun.nio.ch.SocketChannelImpl.ensureOpen(SocketChannelImpl.java:195)
	at java.base/sun.nio.ch.SocketChannelImpl.beginConnect(SocketChannelImpl.java:760)
	at java.base/sun.nio.ch.SocketChannelImpl.connect(SocketChannelImpl.java:848)
	at java.net.http/jdk.internal.net.http.PlainHttpConnection.lambda$connectAsync$0(PlainHttpConnection.java:183)
	at java.base/java.security.AccessController.doPrivileged(AccessController.java:569)
	at java.net.http/jdk.internal.net.http.PlainHttpConnection.connectAsync(PlainHttpConnection.java:185)
	... 9 common frames omitted
2026-06-23 09:51:59.734 [pool-1-thread-29] ERROR com.mp3.desktop.Programme3 - ECHEC definitif pour l'envoi de : ?MITONIA - REKO (Official lyrics video). Le fichier NE SERA PAS supprime.
2026-06-23 09:51:59.736 [pool-1-thread-35] INFO  com.mp3.desktop.Programme3 - <- Metadata recu (P3) : ?Ny Anaranao
2026-06-23 09:51:59.743 [pool-1-thread-35] ERROR com.mp3.desktop.Programme3 - Erreur API - Tentative 1/2 pour ?Ny Anaranao
java.net.ConnectException: null
	at java.net.http/jdk.internal.net.http.HttpClientImpl.send(HttpClientImpl.java:573)
	at java.net.http/jdk.internal.net.http.HttpClientFacade.send(HttpClientFacade.java:123)
	at com.mp3.desktop.Programme3.verifierSiExiste(Programme3.java:132)
	at com.mp3.desktop.Programme3.traiterMetadata(Programme3.java:102)
	at com.mp3.desktop.Programme3.lambda$run$0(Programme3.java:64)
	at com.rabbitmq.client.impl.recovery.AutorecoveringChannel$2.handleDelivery(AutorecoveringChannel.java:588)
	at com.rabbitmq.client.impl.ConsumerDispatcher$5.run(ConsumerDispatcher.java:149)
	at com.rabbitmq.client.impl.ConsumerWorkService$WorkPoolRunnable.run(ConsumerWorkService.java:111)
	at java.base/java.util.concurrent.ThreadPoolExecutor.runWorker(ThreadPoolExecutor.java:1136)
	at java.base/java.util.concurrent.ThreadPoolExecutor$Worker.run(ThreadPoolExecutor.java:635)
	at java.base/java.lang.Thread.run(Thread.java:842)
Caused by: java.net.ConnectException: null
	at java.net.http/jdk.internal.net.http.common.Utils.toConnectException(Utils.java:1055)
	at java.net.http/jdk.internal.net.http.PlainHttpConnection.connectAsync(PlainHttpConnection.java:198)
	at java.net.http/jdk.internal.net.http.PlainHttpConnection.checkRetryConnect(PlainHttpConnection.java:230)
	at java.net.http/jdk.internal.net.http.PlainHttpConnection.lambda$connectAsync$1(PlainHttpConnection.java:206)
	at java.base/java.util.concurrent.CompletableFuture.uniHandle(CompletableFuture.java:934)
	at java.base/java.util.concurrent.CompletableFuture$UniHandle.tryFire(CompletableFuture.java:911)
	at java.base/java.util.concurrent.CompletableFuture.postComplete(CompletableFuture.java:510)
	at java.base/java.util.concurrent.CompletableFuture$AsyncSupply.run(CompletableFuture.java:1773)
	... 3 common frames omitted
Caused by: java.nio.channels.ClosedChannelException: null
	at java.base/sun.nio.ch.SocketChannelImpl.ensureOpen(SocketChannelImpl.java:195)
	at java.base/sun.nio.ch.SocketChannelImpl.beginConnect(SocketChannelImpl.java:760)
	at java.base/sun.nio.ch.SocketChannelImpl.connect(SocketChannelImpl.java:848)
	at java.net.http/jdk.internal.net.http.PlainHttpConnection.lambda$connectAsync$0(PlainHttpConnection.java:183)
	at java.base/java.security.AccessController.doPrivileged(AccessController.java:569)
	at java.net.http/jdk.internal.net.http.PlainHttpConnection.connectAsync(PlainHttpConnection.java:185)
	... 9 common frames omitted
2026-06-23 09:52:01.775 [pool-1-thread-35] ERROR com.mp3.desktop.Programme3 - Erreur API - Tentative 2/2 pour ?Ny Anaranao
java.net.ConnectException: null
	at java.net.http/jdk.internal.net.http.HttpClientImpl.send(HttpClientImpl.java:573)
	at java.net.http/jdk.internal.net.http.HttpClientFacade.send(HttpClientFacade.java:123)
	at com.mp3.desktop.Programme3.verifierSiExiste(Programme3.java:132)
	at com.mp3.desktop.Programme3.traiterMetadata(Programme3.java:102)
	at com.mp3.desktop.Programme3.lambda$run$0(Programme3.java:64)
	at com.rabbitmq.client.impl.recovery.AutorecoveringChannel$2.handleDelivery(AutorecoveringChannel.java:588)
	at com.rabbitmq.client.impl.ConsumerDispatcher$5.run(ConsumerDispatcher.java:149)
	at com.rabbitmq.client.impl.ConsumerWorkService$WorkPoolRunnable.run(ConsumerWorkService.java:111)
	at java.base/java.util.concurrent.ThreadPoolExecutor.runWorker(ThreadPoolExecutor.java:1136)
	at java.base/java.util.concurrent.ThreadPoolExecutor$Worker.run(ThreadPoolExecutor.java:635)
	at java.base/java.lang.Thread.run(Thread.java:842)
Caused by: java.net.ConnectException: null
	at java.net.http/jdk.internal.net.http.common.Utils.toConnectException(Utils.java:1055)
	at java.net.http/jdk.internal.net.http.PlainHttpConnection.connectAsync(PlainHttpConnection.java:198)
	at java.net.http/jdk.internal.net.http.PlainHttpConnection.checkRetryConnect(PlainHttpConnection.java:230)
	at java.net.http/jdk.internal.net.http.PlainHttpConnection.lambda$connectAsync$1(PlainHttpConnection.java:206)
	at java.base/java.util.concurrent.CompletableFuture.uniHandle(CompletableFuture.java:934)
	at java.base/java.util.concurrent.CompletableFuture$UniHandle.tryFire(CompletableFuture.java:911)
	at java.base/java.util.concurrent.CompletableFuture.postComplete(CompletableFuture.java:510)
	at java.base/java.util.concurrent.CompletableFuture$AsyncSupply.run(CompletableFuture.java:1773)
	... 3 common frames omitted
Caused by: java.nio.channels.ClosedChannelException: null
	at java.base/sun.nio.ch.SocketChannelImpl.ensureOpen(SocketChannelImpl.java:195)
	at java.base/sun.nio.ch.SocketChannelImpl.beginConnect(SocketChannelImpl.java:760)
	at java.base/sun.nio.ch.SocketChannelImpl.connect(SocketChannelImpl.java:848)
	at java.net.http/jdk.internal.net.http.PlainHttpConnection.lambda$connectAsync$0(PlainHttpConnection.java:183)
	at java.base/java.security.AccessController.doPrivileged(AccessController.java:569)
	at java.net.http/jdk.internal.net.http.PlainHttpConnection.connectAsync(PlainHttpConnection.java:185)
	... 9 common frames omitted
2026-06-23 09:52:01.779 [pool-1-thread-35] ERROR com.mp3.desktop.Programme3 - ECHEC definitif pour l'envoi de : ?Ny Anaranao. Le fichier NE SERA PAS supprime.
2026-06-23 09:52:01.795 [pool-1-thread-36] INFO  com.mp3.desktop.Programme3 - <- Metadata recu (P3) : ?Rotoroto
2026-06-23 09:52:01.800 [pool-1-thread-36] ERROR com.mp3.desktop.Programme3 - Erreur API - Tentative 1/2 pour ?Rotoroto
java.net.ConnectException: null
	at java.net.http/jdk.internal.net.http.HttpClientImpl.send(HttpClientImpl.java:573)
	at java.net.http/jdk.internal.net.http.HttpClientFacade.send(HttpClientFacade.java:123)
	at com.mp3.desktop.Programme3.verifierSiExiste(Programme3.java:132)
	at com.mp3.desktop.Programme3.traiterMetadata(Programme3.java:102)
	at com.mp3.desktop.Programme3.lambda$run$0(Programme3.java:64)
	at com.rabbitmq.client.impl.recovery.AutorecoveringChannel$2.handleDelivery(AutorecoveringChannel.java:588)
	at com.rabbitmq.client.impl.ConsumerDispatcher$5.run(ConsumerDispatcher.java:149)
	at com.rabbitmq.client.impl.ConsumerWorkService$WorkPoolRunnable.run(ConsumerWorkService.java:111)
	at java.base/java.util.concurrent.ThreadPoolExecutor.runWorker(ThreadPoolExecutor.java:1136)
	at java.base/java.util.concurrent.ThreadPoolExecutor$Worker.run(ThreadPoolExecutor.java:635)
	at java.base/java.lang.Thread.run(Thread.java:842)
Caused by: java.net.ConnectException: null
	at java.net.http/jdk.internal.net.http.common.Utils.toConnectException(Utils.java:1055)
	at java.net.http/jdk.internal.net.http.PlainHttpConnection.connectAsync(PlainHttpConnection.java:198)
	at java.net.http/jdk.internal.net.http.PlainHttpConnection.checkRetryConnect(PlainHttpConnection.java:230)
	at java.net.http/jdk.internal.net.http.PlainHttpConnection.lambda$connectAsync$1(PlainHttpConnection.java:206)
	at java.base/java.util.concurrent.CompletableFuture.uniHandle(CompletableFuture.java:934)
	at java.base/java.util.concurrent.CompletableFuture$UniHandle.tryFire(CompletableFuture.java:911)
	at java.base/java.util.concurrent.CompletableFuture.postComplete(CompletableFuture.java:510)
	at java.base/java.util.concurrent.CompletableFuture$AsyncSupply.run(CompletableFuture.java:1773)
	... 3 common frames omitted
Caused by: java.nio.channels.ClosedChannelException: null
	at java.base/sun.nio.ch.SocketChannelImpl.ensureOpen(SocketChannelImpl.java:195)
	at java.base/sun.nio.ch.SocketChannelImpl.beginConnect(SocketChannelImpl.java:760)
	at java.base/sun.nio.ch.SocketChannelImpl.connect(SocketChannelImpl.java:848)
	at java.net.http/jdk.internal.net.http.PlainHttpConnection.lambda$connectAsync$0(PlainHttpConnection.java:183)
	at java.base/java.security.AccessController.doPrivileged(AccessController.java:569)
	at java.net.http/jdk.internal.net.http.PlainHttpConnection.connectAsync(PlainHttpConnection.java:185)
	... 9 common frames omitted
2026-06-23 09:52:03.808 [pool-1-thread-36] ERROR com.mp3.desktop.Programme3 - Erreur API - Tentative 2/2 pour ?Rotoroto
java.net.ConnectException: null
	at java.net.http/jdk.internal.net.http.HttpClientImpl.send(HttpClientImpl.java:573)
	at java.net.http/jdk.internal.net.http.HttpClientFacade.send(HttpClientFacade.java:123)
	at com.mp3.desktop.Programme3.verifierSiExiste(Programme3.java:132)
	at com.mp3.desktop.Programme3.traiterMetadata(Programme3.java:102)
	at com.mp3.desktop.Programme3.lambda$run$0(Programme3.java:64)
	at com.rabbitmq.client.impl.recovery.AutorecoveringChannel$2.handleDelivery(AutorecoveringChannel.java:588)
	at com.rabbitmq.client.impl.ConsumerDispatcher$5.run(ConsumerDispatcher.java:149)
	at com.rabbitmq.client.impl.ConsumerWorkService$WorkPoolRunnable.run(ConsumerWorkService.java:111)
	at java.base/java.util.concurrent.ThreadPoolExecutor.runWorker(ThreadPoolExecutor.java:1136)
	at java.base/java.util.concurrent.ThreadPoolExecutor$Worker.run(ThreadPoolExecutor.java:635)
	at java.base/java.lang.Thread.run(Thread.java:842)
Caused by: java.net.ConnectException: null
	at java.net.http/jdk.internal.net.http.common.Utils.toConnectException(Utils.java:1055)
	at java.net.http/jdk.internal.net.http.PlainHttpConnection.connectAsync(PlainHttpConnection.java:198)
	at java.net.http/jdk.internal.net.http.PlainHttpConnection.checkRetryConnect(PlainHttpConnection.java:230)
	at java.net.http/jdk.internal.net.http.PlainHttpConnection.lambda$connectAsync$1(PlainHttpConnection.java:206)
	at java.base/java.util.concurrent.CompletableFuture.uniHandle(CompletableFuture.java:934)
	at java.base/java.util.concurrent.CompletableFuture$UniHandle.tryFire(CompletableFuture.java:911)
	at java.base/java.util.concurrent.CompletableFuture.postComplete(CompletableFuture.java:510)
	at java.base/java.util.concurrent.CompletableFuture$AsyncSupply.run(CompletableFuture.java:1773)
	... 3 common frames omitted
Caused by: java.nio.channels.ClosedChannelException: null
	at java.base/sun.nio.ch.SocketChannelImpl.ensureOpen(SocketChannelImpl.java:195)
	at java.base/sun.nio.ch.SocketChannelImpl.beginConnect(SocketChannelImpl.java:760)
	at java.base/sun.nio.ch.SocketChannelImpl.connect(SocketChannelImpl.java:848)
	at java.net.http/jdk.internal.net.http.PlainHttpConnection.lambda$connectAsync$0(PlainHttpConnection.java:183)
	at java.base/java.security.AccessController.doPrivileged(AccessController.java:569)
	at java.net.http/jdk.internal.net.http.PlainHttpConnection.connectAsync(PlainHttpConnection.java:185)
	... 9 common frames omitted
2026-06-23 09:52:03.810 [pool-1-thread-36] ERROR com.mp3.desktop.Programme3 - ECHEC definitif pour l'envoi de : ?Rotoroto. Le fichier NE SERA PAS supprime.
2026-06-23 09:52:03.811 [pool-1-thread-37] INFO  com.mp3.desktop.Programme3 - <- Metadata recu (P3) : ?Tongasoa
2026-06-23 09:52:03.815 [pool-1-thread-37] ERROR com.mp3.desktop.Programme3 - Erreur API - Tentative 1/2 pour ?Tongasoa
java.net.ConnectException: null
	at java.net.http/jdk.internal.net.http.HttpClientImpl.send(HttpClientImpl.java:573)
	at java.net.http/jdk.internal.net.http.HttpClientFacade.send(HttpClientFacade.java:123)
	at com.mp3.desktop.Programme3.verifierSiExiste(Programme3.java:132)
	at com.mp3.desktop.Programme3.traiterMetadata(Programme3.java:102)
	at com.mp3.desktop.Programme3.lambda$run$0(Programme3.java:64)
	at com.rabbitmq.client.impl.recovery.AutorecoveringChannel$2.handleDelivery(AutorecoveringChannel.java:588)
	at com.rabbitmq.client.impl.ConsumerDispatcher$5.run(ConsumerDispatcher.java:149)
	at com.rabbitmq.client.impl.ConsumerWorkService$WorkPoolRunnable.run(ConsumerWorkService.java:111)
	at java.base/java.util.concurrent.ThreadPoolExecutor.runWorker(ThreadPoolExecutor.java:1136)
	at java.base/java.util.concurrent.ThreadPoolExecutor$Worker.run(ThreadPoolExecutor.java:635)
	at java.base/java.lang.Thread.run(Thread.java:842)
Caused by: java.net.ConnectException: null
	at java.net.http/jdk.internal.net.http.common.Utils.toConnectException(Utils.java:1055)
	at java.net.http/jdk.internal.net.http.PlainHttpConnection.connectAsync(PlainHttpConnection.java:198)
	at java.net.http/jdk.internal.net.http.PlainHttpConnection.checkRetryConnect(PlainHttpConnection.java:230)
	at java.net.http/jdk.internal.net.http.PlainHttpConnection.lambda$connectAsync$1(PlainHttpConnection.java:206)
	at java.base/java.util.concurrent.CompletableFuture.uniHandle(CompletableFuture.java:934)
	at java.base/java.util.concurrent.CompletableFuture$UniHandle.tryFire(CompletableFuture.java:911)
	at java.base/java.util.concurrent.CompletableFuture.postComplete(CompletableFuture.java:510)
	at java.base/java.util.concurrent.CompletableFuture$AsyncSupply.run(CompletableFuture.java:1773)
	... 3 common frames omitted
Caused by: java.nio.channels.ClosedChannelException: null
	at java.base/sun.nio.ch.SocketChannelImpl.ensureOpen(SocketChannelImpl.java:195)
	at java.base/sun.nio.ch.SocketChannelImpl.beginConnect(SocketChannelImpl.java:760)
	at java.base/sun.nio.ch.SocketChannelImpl.connect(SocketChannelImpl.java:848)
	at java.net.http/jdk.internal.net.http.PlainHttpConnection.lambda$connectAsync$0(PlainHttpConnection.java:183)
	at java.base/java.security.AccessController.doPrivileged(AccessController.java:569)
	at java.net.http/jdk.internal.net.http.PlainHttpConnection.connectAsync(PlainHttpConnection.java:185)
	... 9 common frames omitted
2026-06-23 09:52:05.823 [pool-1-thread-37] ERROR com.mp3.desktop.Programme3 - Erreur API - Tentative 2/2 pour ?Tongasoa
java.net.ConnectException: null
	at java.net.http/jdk.internal.net.http.HttpClientImpl.send(HttpClientImpl.java:573)
	at java.net.http/jdk.internal.net.http.HttpClientFacade.send(HttpClientFacade.java:123)
	at com.mp3.desktop.Programme3.verifierSiExiste(Programme3.java:132)
	at com.mp3.desktop.Programme3.traiterMetadata(Programme3.java:102)
	at com.mp3.desktop.Programme3.lambda$run$0(Programme3.java:64)
	at com.rabbitmq.client.impl.recovery.AutorecoveringChannel$2.handleDelivery(AutorecoveringChannel.java:588)
	at com.rabbitmq.client.impl.ConsumerDispatcher$5.run(ConsumerDispatcher.java:149)
	at com.rabbitmq.client.impl.ConsumerWorkService$WorkPoolRunnable.run(ConsumerWorkService.java:111)
	at java.base/java.util.concurrent.ThreadPoolExecutor.runWorker(ThreadPoolExecutor.java:1136)
	at java.base/java.util.concurrent.ThreadPoolExecutor$Worker.run(ThreadPoolExecutor.java:635)
	at java.base/java.lang.Thread.run(Thread.java:842)
Caused by: java.net.ConnectException: null
	at java.net.http/jdk.internal.net.http.common.Utils.toConnectException(Utils.java:1055)
	at java.net.http/jdk.internal.net.http.PlainHttpConnection.connectAsync(PlainHttpConnection.java:198)
	at java.net.http/jdk.internal.net.http.PlainHttpConnection.checkRetryConnect(PlainHttpConnection.java:230)
	at java.net.http/jdk.internal.net.http.PlainHttpConnection.lambda$connectAsync$1(PlainHttpConnection.java:206)
	at java.base/java.util.concurrent.CompletableFuture.uniHandle(CompletableFuture.java:934)
	at java.base/java.util.concurrent.CompletableFuture$UniHandle.tryFire(CompletableFuture.java:911)
	at java.base/java.util.concurrent.CompletableFuture.postComplete(CompletableFuture.java:510)
	at java.base/java.util.concurrent.CompletableFuture$AsyncSupply.run(CompletableFuture.java:1773)
	... 3 common frames omitted
Caused by: java.nio.channels.ClosedChannelException: null
	at java.base/sun.nio.ch.SocketChannelImpl.ensureOpen(SocketChannelImpl.java:195)
	at java.base/sun.nio.ch.SocketChannelImpl.beginConnect(SocketChannelImpl.java:760)
	at java.base/sun.nio.ch.SocketChannelImpl.connect(SocketChannelImpl.java:848)
	at java.net.http/jdk.internal.net.http.PlainHttpConnection.lambda$connectAsync$0(PlainHttpConnection.java:183)
	at java.base/java.security.AccessController.doPrivileged(AccessController.java:569)
	at java.net.http/jdk.internal.net.http.PlainHttpConnection.connectAsync(PlainHttpConnection.java:185)
	... 9 common frames omitted
2026-06-23 09:52:05.823 [pool-1-thread-37] ERROR com.mp3.desktop.Programme3 - ECHEC definitif pour l'envoi de : ?Tongasoa. Le fichier NE SERA PAS supprime.
2026-06-23 09:52:05.823 [pool-1-thread-38] INFO  com.mp3.desktop.Programme3 - <- Metadata recu (P3) : ?Happier Than Ever
2026-06-23 09:52:05.823 [pool-1-thread-38] ERROR com.mp3.desktop.Programme3 - Erreur API - Tentative 1/2 pour ?Happier Than Ever
java.net.ConnectException: null
	at java.net.http/jdk.internal.net.http.HttpClientImpl.send(HttpClientImpl.java:573)
	at java.net.http/jdk.internal.net.http.HttpClientFacade.send(HttpClientFacade.java:123)
	at com.mp3.desktop.Programme3.verifierSiExiste(Programme3.java:132)
	at com.mp3.desktop.Programme3.traiterMetadata(Programme3.java:102)
	at com.mp3.desktop.Programme3.lambda$run$0(Programme3.java:64)
	at com.rabbitmq.client.impl.recovery.AutorecoveringChannel$2.handleDelivery(AutorecoveringChannel.java:588)
	at com.rabbitmq.client.impl.ConsumerDispatcher$5.run(ConsumerDispatcher.java:149)
	at com.rabbitmq.client.impl.ConsumerWorkService$WorkPoolRunnable.run(ConsumerWorkService.java:111)
	at java.base/java.util.concurrent.ThreadPoolExecutor.runWorker(ThreadPoolExecutor.java:1136)
	at java.base/java.util.concurrent.ThreadPoolExecutor$Worker.run(ThreadPoolExecutor.java:635)
	at java.base/java.lang.Thread.run(Thread.java:842)
Caused by: java.net.ConnectException: null
	at java.net.http/jdk.internal.net.http.common.Utils.toConnectException(Utils.java:1055)
	at java.net.http/jdk.internal.net.http.PlainHttpConnection.connectAsync(PlainHttpConnection.java:198)
	at java.net.http/jdk.internal.net.http.PlainHttpConnection.checkRetryConnect(PlainHttpConnection.java:230)
	at java.net.http/jdk.internal.net.http.PlainHttpConnection.lambda$connectAsync$1(PlainHttpConnection.java:206)
	at java.base/java.util.concurrent.CompletableFuture.uniHandle(CompletableFuture.java:934)
	at java.base/java.util.concurrent.CompletableFuture$UniHandle.tryFire(CompletableFuture.java:911)
	at java.base/java.util.concurrent.CompletableFuture.postComplete(CompletableFuture.java:510)
	at java.base/java.util.concurrent.CompletableFuture$AsyncSupply.run(CompletableFuture.java:1773)
	... 3 common frames omitted
Caused by: java.nio.channels.ClosedChannelException: null
	at java.base/sun.nio.ch.SocketChannelImpl.ensureOpen(SocketChannelImpl.java:195)
	at java.base/sun.nio.ch.SocketChannelImpl.beginConnect(SocketChannelImpl.java:760)
	at java.base/sun.nio.ch.SocketChannelImpl.connect(SocketChannelImpl.java:848)
	at java.net.http/jdk.internal.net.http.PlainHttpConnection.lambda$connectAsync$0(PlainHttpConnection.java:183)
	at java.base/java.security.AccessController.doPrivileged(AccessController.java:569)
	at java.net.http/jdk.internal.net.http.PlainHttpConnection.connectAsync(PlainHttpConnection.java:185)
	... 9 common frames omitted
2026-06-23 09:52:07.846 [pool-1-thread-38] ERROR com.mp3.desktop.Programme3 - Erreur API - Tentative 2/2 pour ?Happier Than Ever
java.net.ConnectException: null
	at java.net.http/jdk.internal.net.http.HttpClientImpl.send(HttpClientImpl.java:573)
	at java.net.http/jdk.internal.net.http.HttpClientFacade.send(HttpClientFacade.java:123)
	at com.mp3.desktop.Programme3.verifierSiExiste(Programme3.java:132)
	at com.mp3.desktop.Programme3.traiterMetadata(Programme3.java:102)
	at com.mp3.desktop.Programme3.lambda$run$0(Programme3.java:64)
	at com.rabbitmq.client.impl.recovery.AutorecoveringChannel$2.handleDelivery(AutorecoveringChannel.java:588)
	at com.rabbitmq.client.impl.ConsumerDispatcher$5.run(ConsumerDispatcher.java:149)
	at com.rabbitmq.client.impl.ConsumerWorkService$WorkPoolRunnable.run(ConsumerWorkService.java:111)
	at java.base/java.util.concurrent.ThreadPoolExecutor.runWorker(ThreadPoolExecutor.java:1136)
	at java.base/java.util.concurrent.ThreadPoolExecutor$Worker.run(ThreadPoolExecutor.java:635)
	at java.base/java.lang.Thread.run(Thread.java:842)
Caused by: java.net.ConnectException: null
	at java.net.http/jdk.internal.net.http.common.Utils.toConnectException(Utils.java:1055)
	at java.net.http/jdk.internal.net.http.PlainHttpConnection.connectAsync(PlainHttpConnection.java:198)
	at java.net.http/jdk.internal.net.http.PlainHttpConnection.checkRetryConnect(PlainHttpConnection.java:230)
	at java.net.http/jdk.internal.net.http.PlainHttpConnection.lambda$connectAsync$1(PlainHttpConnection.java:206)
	at java.base/java.util.concurrent.CompletableFuture.uniHandle(CompletableFuture.java:934)
	at java.base/java.util.concurrent.CompletableFuture$UniHandle.tryFire(CompletableFuture.java:911)
	at java.base/java.util.concurrent.CompletableFuture.postComplete(CompletableFuture.java:510)
	at java.base/java.util.concurrent.CompletableFuture$AsyncSupply.run(CompletableFuture.java:1773)
	... 3 common frames omitted
Caused by: java.nio.channels.ClosedChannelException: null
	at java.base/sun.nio.ch.SocketChannelImpl.ensureOpen(SocketChannelImpl.java:195)
	at java.base/sun.nio.ch.SocketChannelImpl.beginConnect(SocketChannelImpl.java:760)
	at java.base/sun.nio.ch.SocketChannelImpl.connect(SocketChannelImpl.java:848)
	at java.net.http/jdk.internal.net.http.PlainHttpConnection.lambda$connectAsync$0(PlainHttpConnection.java:183)
	at java.base/java.security.AccessController.doPrivileged(AccessController.java:569)
	at java.net.http/jdk.internal.net.http.PlainHttpConnection.connectAsync(PlainHttpConnection.java:185)
	... 9 common frames omitted
2026-06-23 09:52:07.846 [pool-1-thread-38] ERROR com.mp3.desktop.Programme3 - ECHEC definitif pour l'envoi de : ?Happier Than Ever. Le fichier NE SERA PAS supprime.
2026-06-23 09:52:07.846 [pool-1-thread-43] INFO  com.mp3.desktop.Programme3 - <- Metadata recu (P3) : ?HATRAIZA / AZA AVELA - REKO
2026-06-23 09:52:07.850 [pool-1-thread-43] ERROR com.mp3.desktop.Programme3 - Erreur API - Tentative 1/2 pour ?HATRAIZA / AZA AVELA - REKO
java.net.ConnectException: null
	at java.net.http/jdk.internal.net.http.HttpClientImpl.send(HttpClientImpl.java:573)
	at java.net.http/jdk.internal.net.http.HttpClientFacade.send(HttpClientFacade.java:123)
	at com.mp3.desktop.Programme3.verifierSiExiste(Programme3.java:132)
	at com.mp3.desktop.Programme3.traiterMetadata(Programme3.java:102)
	at com.mp3.desktop.Programme3.lambda$run$0(Programme3.java:64)
	at com.rabbitmq.client.impl.recovery.AutorecoveringChannel$2.handleDelivery(AutorecoveringChannel.java:588)
	at com.rabbitmq.client.impl.ConsumerDispatcher$5.run(ConsumerDispatcher.java:149)
	at com.rabbitmq.client.impl.ConsumerWorkService$WorkPoolRunnable.run(ConsumerWorkService.java:111)
	at java.base/java.util.concurrent.ThreadPoolExecutor.runWorker(ThreadPoolExecutor.java:1136)
	at java.base/java.util.concurrent.ThreadPoolExecutor$Worker.run(ThreadPoolExecutor.java:635)
	at java.base/java.lang.Thread.run(Thread.java:842)
Caused by: java.net.ConnectException: null
	at java.net.http/jdk.internal.net.http.common.Utils.toConnectException(Utils.java:1055)
	at java.net.http/jdk.internal.net.http.PlainHttpConnection.connectAsync(PlainHttpConnection.java:198)
	at java.net.http/jdk.internal.net.http.PlainHttpConnection.checkRetryConnect(PlainHttpConnection.java:230)
	at java.net.http/jdk.internal.net.http.PlainHttpConnection.lambda$connectAsync$1(PlainHttpConnection.java:206)
	at java.base/java.util.concurrent.CompletableFuture.uniHandle(CompletableFuture.java:934)
	at java.base/java.util.concurrent.CompletableFuture$UniHandle.tryFire(CompletableFuture.java:911)
	at java.base/java.util.concurrent.CompletableFuture.postComplete(CompletableFuture.java:510)
	at java.base/java.util.concurrent.CompletableFuture$AsyncSupply.run(CompletableFuture.java:1773)
	... 3 common frames omitted
Caused by: java.nio.channels.ClosedChannelException: null
	at java.base/sun.nio.ch.SocketChannelImpl.ensureOpen(SocketChannelImpl.java:195)
	at java.base/sun.nio.ch.SocketChannelImpl.beginConnect(SocketChannelImpl.java:760)
	at java.base/sun.nio.ch.SocketChannelImpl.connect(SocketChannelImpl.java:848)
	at java.net.http/jdk.internal.net.http.PlainHttpConnection.lambda$connectAsync$0(PlainHttpConnection.java:183)
	at java.base/java.security.AccessController.doPrivileged(AccessController.java:569)
	at java.net.http/jdk.internal.net.http.PlainHttpConnection.connectAsync(PlainHttpConnection.java:185)
	... 9 common frames omitted
2026-06-23 09:52:09.868 [pool-1-thread-43] ERROR com.mp3.desktop.Programme3 - Erreur API - Tentative 2/2 pour ?HATRAIZA / AZA AVELA - REKO
java.net.ConnectException: null
	at java.net.http/jdk.internal.net.http.HttpClientImpl.send(HttpClientImpl.java:573)
	at java.net.http/jdk.internal.net.http.HttpClientFacade.send(HttpClientFacade.java:123)
	at com.mp3.desktop.Programme3.verifierSiExiste(Programme3.java:132)
	at com.mp3.desktop.Programme3.traiterMetadata(Programme3.java:102)
	at com.mp3.desktop.Programme3.lambda$run$0(Programme3.java:64)
	at com.rabbitmq.client.impl.recovery.AutorecoveringChannel$2.handleDelivery(AutorecoveringChannel.java:588)
	at com.rabbitmq.client.impl.ConsumerDispatcher$5.run(ConsumerDispatcher.java:149)
	at com.rabbitmq.client.impl.ConsumerWorkService$WorkPoolRunnable.run(ConsumerWorkService.java:111)
	at java.base/java.util.concurrent.ThreadPoolExecutor.runWorker(ThreadPoolExecutor.java:1136)
	at java.base/java.util.concurrent.ThreadPoolExecutor$Worker.run(ThreadPoolExecutor.java:635)
	at java.base/java.lang.Thread.run(Thread.java:842)
Caused by: java.net.ConnectException: null
	at java.net.http/jdk.internal.net.http.common.Utils.toConnectException(Utils.java:1055)
	at java.net.http/jdk.internal.net.http.PlainHttpConnection.connectAsync(PlainHttpConnection.java:198)
	at java.net.http/jdk.internal.net.http.PlainHttpConnection.checkRetryConnect(PlainHttpConnection.java:230)
	at java.net.http/jdk.internal.net.http.PlainHttpConnection.lambda$connectAsync$1(PlainHttpConnection.java:206)
	at java.base/java.util.concurrent.CompletableFuture.uniHandle(CompletableFuture.java:934)
	at java.base/java.util.concurrent.CompletableFuture$UniHandle.tryFire(CompletableFuture.java:911)
	at java.base/java.util.concurrent.CompletableFuture.postComplete(CompletableFuture.java:510)
	at java.base/java.util.concurrent.CompletableFuture$AsyncSupply.run(CompletableFuture.java:1773)
	... 3 common frames omitted
Caused by: java.nio.channels.ClosedChannelException: null
	at java.base/sun.nio.ch.SocketChannelImpl.ensureOpen(SocketChannelImpl.java:195)
	at java.base/sun.nio.ch.SocketChannelImpl.beginConnect(SocketChannelImpl.java:760)
	at java.base/sun.nio.ch.SocketChannelImpl.connect(SocketChannelImpl.java:848)
	at java.net.http/jdk.internal.net.http.PlainHttpConnection.lambda$connectAsync$0(PlainHttpConnection.java:183)
	at java.base/java.security.AccessController.doPrivileged(AccessController.java:569)
	at java.net.http/jdk.internal.net.http.PlainHttpConnection.connectAsync(PlainHttpConnection.java:185)
	... 9 common frames omitted
2026-06-23 09:52:09.868 [pool-1-thread-43] ERROR com.mp3.desktop.Programme3 - ECHEC definitif pour l'envoi de : ?HATRAIZA / AZA AVELA - REKO. Le fichier NE SERA PAS supprime.
2026-06-23 09:52:09.881 [pool-1-thread-44] INFO  com.mp3.desktop.Programme3 - <- Metadata recu (P3) : ?Louane - Maman (2015) Official Music Video
2026-06-23 09:52:09.882 [pool-1-thread-44] ERROR com.mp3.desktop.Programme3 - Erreur API - Tentative 1/2 pour ?Louane - Maman (2015) Official Music Video
java.net.ConnectException: null
	at java.net.http/jdk.internal.net.http.HttpClientImpl.send(HttpClientImpl.java:573)
	at java.net.http/jdk.internal.net.http.HttpClientFacade.send(HttpClientFacade.java:123)
	at com.mp3.desktop.Programme3.verifierSiExiste(Programme3.java:132)
	at com.mp3.desktop.Programme3.traiterMetadata(Programme3.java:102)
	at com.mp3.desktop.Programme3.lambda$run$0(Programme3.java:64)
	at com.rabbitmq.client.impl.recovery.AutorecoveringChannel$2.handleDelivery(AutorecoveringChannel.java:588)
	at com.rabbitmq.client.impl.ConsumerDispatcher$5.run(ConsumerDispatcher.java:149)
	at com.rabbitmq.client.impl.ConsumerWorkService$WorkPoolRunnable.run(ConsumerWorkService.java:111)
	at java.base/java.util.concurrent.ThreadPoolExecutor.runWorker(ThreadPoolExecutor.java:1136)
	at java.base/java.util.concurrent.ThreadPoolExecutor$Worker.run(ThreadPoolExecutor.java:635)
	at java.base/java.lang.Thread.run(Thread.java:842)
Caused by: java.net.ConnectException: null
	at java.net.http/jdk.internal.net.http.common.Utils.toConnectException(Utils.java:1055)
	at java.net.http/jdk.internal.net.http.PlainHttpConnection.connectAsync(PlainHttpConnection.java:198)
	at java.net.http/jdk.internal.net.http.PlainHttpConnection.checkRetryConnect(PlainHttpConnection.java:230)
	at java.net.http/jdk.internal.net.http.PlainHttpConnection.lambda$connectAsync$1(PlainHttpConnection.java:206)
	at java.base/java.util.concurrent.CompletableFuture.uniHandle(CompletableFuture.java:934)
	at java.base/java.util.concurrent.CompletableFuture$UniHandle.tryFire(CompletableFuture.java:911)
	at java.base/java.util.concurrent.CompletableFuture.postComplete(CompletableFuture.java:510)
	at java.base/java.util.concurrent.CompletableFuture$AsyncSupply.run(CompletableFuture.java:1773)
	... 3 common frames omitted
Caused by: java.nio.channels.ClosedChannelException: null
	at java.base/sun.nio.ch.SocketChannelImpl.ensureOpen(SocketChannelImpl.java:195)
	at java.base/sun.nio.ch.SocketChannelImpl.beginConnect(SocketChannelImpl.java:760)
	at java.base/sun.nio.ch.SocketChannelImpl.connect(SocketChannelImpl.java:848)
	at java.net.http/jdk.internal.net.http.PlainHttpConnection.lambda$connectAsync$0(PlainHttpConnection.java:183)
	at java.base/java.security.AccessController.doPrivileged(AccessController.java:569)
	at java.net.http/jdk.internal.net.http.PlainHttpConnection.connectAsync(PlainHttpConnection.java:185)
	... 9 common frames omitted
2026-06-23 09:52:12.110 [pool-1-thread-44] INFO  com.mp3.desktop.Programme3 - Nouvelle chanson detectee. Upload du fichier + metadonnees vers l'API : ?Louane - Maman (2015) Official Music Video
2026-06-23 09:52:12.305 [pool-1-thread-44] INFO  com.mp3.desktop.Programme3 - Chanson '?Louane - Maman (2015) Official Music Video' uploadee avec succes
2026-06-23 09:52:12.305 [pool-1-thread-44] INFO  com.mp3.desktop.Programme3 - Succes de l'API. Suppression du fichier d'origine : D:\ITU\S6\Mr Naina\Mp4\mp3-desktop\chanson\Louane - Maman (2015) Official Music Video(MP3_160K).mp3
2026-06-23 09:52:12.337 [pool-1-thread-44] INFO  com.mp3.desktop.Programme3 - Fichier supprime : D:\ITU\S6\Mr Naina\Mp4\mp3-desktop\chanson\Louane - Maman (2015) Official Music Video(MP3_160K).mp3
2026-06-23 09:52:12.339 [pool-1-thread-14] INFO  com.mp3.desktop.Programme3 - <- Metadata recu (P3) : Matsiro kosa ny nanaovan_i Fy Rasolofoniaina ny hiran_ny tarika _Zay teto.(480P_SD)
2026-06-23 09:52:12.345 [pool-1-thread-14] INFO  com.mp3.desktop.Programme3 - Nouvelle chanson detectee. Upload du fichier + metadonnees vers l'API : Matsiro kosa ny nanaovan_i Fy Rasolofoniaina ny hiran_ny tarika _Zay teto.(480P_SD)
2026-06-23 09:52:12.456 [pool-1-thread-14] INFO  com.mp3.desktop.Programme3 - Chanson 'Matsiro kosa ny nanaovan_i Fy Rasolofoniaina ny hiran_ny tarika _Zay teto.(480P_SD)' uploadee avec succes
2026-06-23 09:52:12.456 [pool-1-thread-14] INFO  com.mp3.desktop.Programme3 - Succes de l'API. Suppression du fichier d'origine : D:\ITU\S6\Mr Naina\Mp4\mp3-desktop\chanson\Matsiro kosa ny nanaovan_i Fy Rasolofoniaina ny hiran_ny tarika _Zay teto.(480P_SD).mp3
2026-06-23 09:52:12.486 [pool-1-thread-14] INFO  com.mp3.desktop.Programme3 - Fichier supprime : D:\ITU\S6\Mr Naina\Mp4\mp3-desktop\chanson\Matsiro kosa ny nanaovan_i Fy Rasolofoniaina ny hiran_ny tarika _Zay teto.(480P_SD).mp3
2026-06-23 09:52:12.487 [pool-1-thread-29] INFO  com.mp3.desktop.Programme3 - <- Metadata recu (P3) : ?Misia
2026-06-23 09:52:12.494 [pool-1-thread-29] INFO  com.mp3.desktop.Programme3 - Nouvelle chanson detectee. Upload du fichier + metadonnees vers l'API : ?Misia
2026-06-23 09:52:12.602 [pool-1-thread-29] INFO  com.mp3.desktop.Programme3 - Chanson '?Misia' uploadee avec succes
2026-06-23 09:52:12.603 [pool-1-thread-29] INFO  com.mp3.desktop.Programme3 - Succes de l'API. Suppression du fichier d'origine : D:\ITU\S6\Mr Naina\Mp4\mp3-desktop\chanson\MISIA - REKO(MP3_160K).mp3
2026-06-23 09:52:12.633 [pool-1-thread-29] INFO  com.mp3.desktop.Programme3 - Fichier supprime : D:\ITU\S6\Mr Naina\Mp4\mp3-desktop\chanson\MISIA - REKO(MP3_160K).mp3
2026-06-23 09:52:12.634 [pool-1-thread-35] INFO  com.mp3.desktop.Programme3 - <- Metadata recu (P3) : ?MITONIA - REKO (Official lyrics video)
2026-06-23 09:52:12.641 [pool-1-thread-35] INFO  com.mp3.desktop.Programme3 - Nouvelle chanson detectee. Upload du fichier + metadonnees vers l'API : ?MITONIA - REKO (Official lyrics video)
2026-06-23 09:52:12.757 [pool-1-thread-35] INFO  com.mp3.desktop.Programme3 - Chanson '?MITONIA - REKO (Official lyrics video)' uploadee avec succes
2026-06-23 09:52:12.757 [pool-1-thread-35] INFO  com.mp3.desktop.Programme3 - Succes de l'API. Suppression du fichier d'origine : D:\ITU\S6\Mr Naina\Mp4\mp3-desktop\chanson\MITONIA - REKO (Official lyrics video)(MP3_160K).mp3
2026-06-23 09:52:12.790 [pool-1-thread-35] INFO  com.mp3.desktop.Programme3 - Fichier supprime : D:\ITU\S6\Mr Naina\Mp4\mp3-desktop\chanson\MITONIA - REKO (Official lyrics video)(MP3_160K).mp3
2026-06-23 09:52:12.800 [pool-1-thread-36] INFO  com.mp3.desktop.Programme3 - <- Metadata recu (P3) : ?Ny Anaranao
2026-06-23 09:52:12.806 [pool-1-thread-36] INFO  com.mp3.desktop.Programme3 - Nouvelle chanson detectee. Upload du fichier + metadonnees vers l'API : ?Ny Anaranao
2026-06-23 09:52:12.934 [pool-1-thread-36] INFO  com.mp3.desktop.Programme3 - Chanson '?Ny Anaranao' uploadee avec succes
2026-06-23 09:52:12.934 [pool-1-thread-36] INFO  com.mp3.desktop.Programme3 - Succes de l'API. Suppression du fichier d'origine : D:\ITU\S6\Mr Naina\Mp4\mp3-desktop\chanson\NY ANARANAO - REKO(MP3_160K).mp3
2026-06-23 09:52:13.247 [pool-1-thread-36] INFO  com.mp3.desktop.Programme3 - Fichier supprime : D:\ITU\S6\Mr Naina\Mp4\mp3-desktop\chanson\NY ANARANAO - REKO(MP3_160K).mp3
2026-06-23 09:52:13.249 [pool-1-thread-37] INFO  com.mp3.desktop.Programme3 - <- Metadata recu (P3) : ?Rotoroto
2026-06-23 09:52:13.259 [pool-1-thread-37] INFO  com.mp3.desktop.Programme3 - Nouvelle chanson detectee. Upload du fichier + metadonnees vers l'API : ?Rotoroto
2026-06-23 09:52:13.463 [pool-1-thread-37] INFO  com.mp3.desktop.Programme3 - Chanson '?Rotoroto' uploadee avec succes
2026-06-23 09:52:13.470 [pool-1-thread-37] INFO  com.mp3.desktop.Programme3 - Succes de l'API. Suppression du fichier d'origine : D:\ITU\S6\Mr Naina\Mp4\mp3-desktop\chanson\ROTOROTO - REKO(MP3_160K).mp3
2026-06-23 09:52:13.519 [pool-1-thread-37] INFO  com.mp3.desktop.Programme3 - Fichier supprime : D:\ITU\S6\Mr Naina\Mp4\mp3-desktop\chanson\ROTOROTO - REKO(MP3_160K).mp3
2026-06-23 09:52:13.521 [pool-1-thread-38] INFO  com.mp3.desktop.Programme3 - <- Metadata recu (P3) : ?Tongasoa
2026-06-23 09:52:13.531 [pool-1-thread-38] INFO  com.mp3.desktop.Programme3 - Nouvelle chanson detectee. Upload du fichier + metadonnees vers l'API : ?Tongasoa
2026-06-23 09:52:13.817 [pool-1-thread-38] INFO  com.mp3.desktop.Programme3 - Chanson '?Tongasoa' uploadee avec succes
2026-06-23 09:52:13.817 [pool-1-thread-38] INFO  com.mp3.desktop.Programme3 - Succes de l'API. Suppression du fichier d'origine : D:\ITU\S6\Mr Naina\Mp4\mp3-desktop\chanson\TONGASOA - REKO(MP3_160K).mp3
2026-06-23 09:52:13.860 [pool-1-thread-38] INFO  com.mp3.desktop.Programme3 - Fichier supprime : D:\ITU\S6\Mr Naina\Mp4\mp3-desktop\chanson\TONGASOA - REKO(MP3_160K).mp3
2026-06-23 09:52:13.860 [pool-1-thread-43] INFO  com.mp3.desktop.Programme3 - <- Metadata recu (P3) : ?Happier Than Ever
2026-06-23 09:52:13.870 [pool-1-thread-43] INFO  com.mp3.desktop.Programme3 - Nouvelle chanson detectee. Upload du fichier + metadonnees vers l'API : ?Happier Than Ever
2026-06-23 09:52:14.085 [pool-1-thread-43] INFO  com.mp3.desktop.Programme3 - Chanson '?Happier Than Ever' uploadee avec succes
2026-06-23 09:52:14.085 [pool-1-thread-43] INFO  com.mp3.desktop.Programme3 - Succes de l'API. Suppression du fichier d'origine : D:\ITU\S6\Mr Naina\Mp4\mp3-desktop\chanson\Billie Eilish - Happier Than Ever (Official Music Video)(MP3_160K).mp3
2026-06-23 09:52:14.125 [pool-1-thread-43] INFO  com.mp3.desktop.Programme3 - Fichier supprime : D:\ITU\S6\Mr Naina\Mp4\mp3-desktop\chanson\Billie Eilish - Happier Than Ever (Official Music Video)(MP3_160K).mp3
2026-06-23 09:52:14.128 [pool-1-thread-44] INFO  com.mp3.desktop.Programme3 - <- Metadata recu (P3) : ?HATRAIZA / AZA AVELA - REKO
2026-06-23 09:52:14.143 [pool-1-thread-44] INFO  com.mp3.desktop.Programme3 - Nouvelle chanson detectee. Upload du fichier + metadonnees vers l'API : ?HATRAIZA / AZA AVELA - REKO
2026-06-23 09:52:14.303 [pool-1-thread-44] INFO  com.mp3.desktop.Programme3 - Chanson '?HATRAIZA / AZA AVELA - REKO' uploadee avec succes
2026-06-23 09:52:14.303 [pool-1-thread-44] INFO  com.mp3.desktop.Programme3 - Succes de l'API. Suppression du fichier d'origine : D:\ITU\S6\Mr Naina\Mp4\mp3-desktop\chanson\HATRAIZA _ AZA AVELA - REKO(MP3_160K).mp3
2026-06-23 09:52:14.338 [pool-1-thread-44] INFO  com.mp3.desktop.Programme3 - Fichier supprime : D:\ITU\S6\Mr Naina\Mp4\mp3-desktop\chanson\HATRAIZA _ AZA AVELA - REKO(MP3_160K).mp3
2026-06-23 09:52:14.340 [pool-1-thread-14] INFO  com.mp3.desktop.Programme3 - <- Metadata recu (P3) : ?Louane - Maman (2015) Official Music Video
2026-06-23 09:52:14.350 [pool-1-thread-14] INFO  com.mp3.desktop.Programme3 - DOUBLON detecte pour (hash=b27ac9488f16fa4d962612a23b9324ed): ?Louane - Maman (2015) Official Music Video. On ne l'envoie pas.
2026-06-23 09:52:14.352 [pool-1-thread-29] INFO  com.mp3.desktop.Programme3 - <- Metadata recu (P3) : Matsiro kosa ny nanaovan_i Fy Rasolofoniaina ny hiran_ny tarika _Zay teto.(480P_SD)
2026-06-23 09:52:14.358 [pool-1-thread-29] INFO  com.mp3.desktop.Programme3 - DOUBLON detecte pour (hash=67af132e468412ad8bf55c99ba74bab5): Matsiro kosa ny nanaovan_i Fy Rasolofoniaina ny hiran_ny tarika _Zay teto.(480P_SD). On ne l'envoie pas.
2026-06-23 09:52:14.358 [pool-1-thread-35] INFO  com.mp3.desktop.Programme3 - <- Metadata recu (P3) : ?Misia
2026-06-23 09:52:14.364 [pool-1-thread-35] INFO  com.mp3.desktop.Programme3 - DOUBLON detecte pour (hash=d3fba2106d55087356c3109e936a93da): ?Misia. On ne l'envoie pas.
2026-06-23 09:52:14.369 [pool-1-thread-36] INFO  com.mp3.desktop.Programme3 - <- Metadata recu (P3) : ?MITONIA - REKO (Official lyrics video)
2026-06-23 09:52:14.375 [pool-1-thread-36] INFO  com.mp3.desktop.Programme3 - DOUBLON detecte pour (hash=b758e4aec625e1340a77a5f2cc7dd468): ?MITONIA - REKO (Official lyrics video). On ne l'envoie pas.
2026-06-23 09:52:14.376 [pool-1-thread-37] INFO  com.mp3.desktop.Programme3 - <- Metadata recu (P3) : ?Ny Anaranao
2026-06-23 09:52:14.381 [pool-1-thread-37] INFO  com.mp3.desktop.Programme3 - DOUBLON detecte pour (hash=7d0448dd15c95f2075a76018e6a3f533): ?Ny Anaranao. On ne l'envoie pas.
2026-06-23 09:52:14.383 [pool-1-thread-38] INFO  com.mp3.desktop.Programme3 - <- Metadata recu (P3) : ?Rotoroto
2026-06-23 09:52:14.391 [pool-1-thread-38] INFO  com.mp3.desktop.Programme3 - DOUBLON detecte pour (hash=e323c321959edeb00a960d7cba97d8a8): ?Rotoroto. On ne l'envoie pas.
2026-06-23 09:52:14.392 [pool-1-thread-43] INFO  com.mp3.desktop.Programme3 - <- Metadata recu (P3) : ?Tongasoa
2026-06-23 09:52:14.396 [pool-1-thread-43] INFO  com.mp3.desktop.Programme3 - DOUBLON detecte pour (hash=8d46d2bfcd2b8cce9104a131104adbc5): ?Tongasoa. On ne l'envoie pas.
2026-06-23 09:52:14.403 [pool-1-thread-44] INFO  com.mp3.desktop.Programme3 - <- Metadata recu (P3) : ?Happier Than Ever
2026-06-23 09:52:14.411 [pool-1-thread-44] INFO  com.mp3.desktop.Programme3 - DOUBLON detecte pour (hash=886f545fe2d508a0c8fc0110dce138dc): ?Happier Than Ever. On ne l'envoie pas.
2026-06-23 09:52:14.412 [pool-1-thread-14] INFO  com.mp3.desktop.Programme3 - <- Metadata recu (P3) : ?HATRAIZA / AZA AVELA - REKO
2026-06-23 09:52:14.436 [pool-1-thread-14] INFO  com.mp3.desktop.Programme3 - DOUBLON detecte pour (hash=552dadd37df43f910dd9ec4e91553198): ?HATRAIZA / AZA AVELA - REKO. On ne l'envoie pas.
2026-06-23 09:52:14.442 [pool-1-thread-29] INFO  com.mp3.desktop.Programme3 - <- Metadata recu (P3) : ?Louane - Maman (2015) Official Music Video
2026-06-23 09:52:14.452 [pool-1-thread-29] INFO  com.mp3.desktop.Programme3 - DOUBLON detecte pour (hash=b27ac9488f16fa4d962612a23b9324ed): ?Louane - Maman (2015) Official Music Video. On ne l'envoie pas.
2026-06-23 09:52:14.453 [pool-1-thread-35] INFO  com.mp3.desktop.Programme3 - <- Metadata recu (P3) : Matsiro kosa ny nanaovan_i Fy Rasolofoniaina ny hiran_ny tarika _Zay teto.(480P_SD)
2026-06-23 09:52:14.460 [pool-1-thread-35] INFO  com.mp3.desktop.Programme3 - DOUBLON detecte pour (hash=67af132e468412ad8bf55c99ba74bab5): Matsiro kosa ny nanaovan_i Fy Rasolofoniaina ny hiran_ny tarika _Zay teto.(480P_SD). On ne l'envoie pas.
2026-06-23 09:52:14.460 [pool-1-thread-36] INFO  com.mp3.desktop.Programme3 - <- Metadata recu (P3) : ?Misia
2026-06-23 09:52:14.471 [pool-1-thread-36] INFO  com.mp3.desktop.Programme3 - DOUBLON detecte pour (hash=d3fba2106d55087356c3109e936a93da): ?Misia. On ne l'envoie pas.
2026-06-23 09:52:14.472 [pool-1-thread-37] INFO  com.mp3.desktop.Programme3 - <- Metadata recu (P3) : ?MITONIA - REKO (Official lyrics video)
2026-06-23 09:52:14.479 [pool-1-thread-37] INFO  com.mp3.desktop.Programme3 - DOUBLON detecte pour (hash=b758e4aec625e1340a77a5f2cc7dd468): ?MITONIA - REKO (Official lyrics video). On ne l'envoie pas.
2026-06-23 09:52:14.481 [pool-1-thread-38] INFO  com.mp3.desktop.Programme3 - <- Metadata recu (P3) : ?Ny Anaranao
2026-06-23 09:52:14.492 [pool-1-thread-38] INFO  com.mp3.desktop.Programme3 - DOUBLON detecte pour (hash=7d0448dd15c95f2075a76018e6a3f533): ?Ny Anaranao. On ne l'envoie pas.
2026-06-23 09:52:14.494 [pool-1-thread-43] INFO  com.mp3.desktop.Programme3 - <- Metadata recu (P3) : ?Rotoroto
2026-06-23 09:52:14.500 [pool-1-thread-43] INFO  com.mp3.desktop.Programme3 - DOUBLON detecte pour (hash=e323c321959edeb00a960d7cba97d8a8): ?Rotoroto. On ne l'envoie pas.
2026-06-23 09:52:14.503 [pool-1-thread-44] INFO  com.mp3.desktop.Programme3 - <- Metadata recu (P3) : ?Tongasoa
2026-06-23 09:52:14.508 [pool-1-thread-44] INFO  com.mp3.desktop.Programme3 - DOUBLON detecte pour (hash=8d46d2bfcd2b8cce9104a131104adbc5): ?Tongasoa. On ne l'envoie pas.
2026-06-23 09:52:14.508 [pool-1-thread-14] INFO  com.mp3.desktop.Programme3 - <- Metadata recu (P3) : ?Happier Than Ever
2026-06-23 09:52:14.512 [pool-1-thread-14] INFO  com.mp3.desktop.Programme3 - DOUBLON detecte pour (hash=886f545fe2d508a0c8fc0110dce138dc): ?Happier Than Ever. On ne l'envoie pas.
2026-06-23 09:52:14.516 [pool-1-thread-29] INFO  com.mp3.desktop.Programme3 - <- Metadata recu (P3) : ?HATRAIZA / AZA AVELA - REKO
2026-06-23 09:52:14.520 [pool-1-thread-29] INFO  com.mp3.desktop.Programme3 - DOUBLON detecte pour (hash=552dadd37df43f910dd9ec4e91553198): ?HATRAIZA / AZA AVELA - REKO. On ne l'envoie pas.
2026-06-23 09:52:14.520 [pool-1-thread-35] INFO  com.mp3.desktop.Programme3 - <- Metadata recu (P3) : ?Louane - Maman (2015) Official Music Video
2026-06-23 09:52:14.527 [pool-1-thread-35] INFO  com.mp3.desktop.Programme3 - DOUBLON detecte pour (hash=b27ac9488f16fa4d962612a23b9324ed): ?Louane - Maman (2015) Official Music Video. On ne l'envoie pas.
2026-06-23 09:52:14.530 [pool-1-thread-36] INFO  com.mp3.desktop.Programme3 - <- Metadata recu (P3) : Matsiro kosa ny nanaovan_i Fy Rasolofoniaina ny hiran_ny tarika _Zay teto.(480P_SD)
2026-06-23 09:52:14.536 [pool-1-thread-36] INFO  com.mp3.desktop.Programme3 - DOUBLON detecte pour (hash=67af132e468412ad8bf55c99ba74bab5): Matsiro kosa ny nanaovan_i Fy Rasolofoniaina ny hiran_ny tarika _Zay teto.(480P_SD). On ne l'envoie pas.
2026-06-23 09:52:14.536 [pool-1-thread-37] INFO  com.mp3.desktop.Programme3 - <- Metadata recu (P3) : ?Misia
2026-06-23 09:52:14.542 [pool-1-thread-37] INFO  com.mp3.desktop.Programme3 - DOUBLON detecte pour (hash=d3fba2106d55087356c3109e936a93da): ?Misia. On ne l'envoie pas.
2026-06-23 09:52:14.542 [pool-1-thread-38] INFO  com.mp3.desktop.Programme3 - <- Metadata recu (P3) : ?MITONIA - REKO (Official lyrics video)
2026-06-23 09:52:14.551 [pool-1-thread-38] INFO  com.mp3.desktop.Programme3 - DOUBLON detecte pour (hash=b758e4aec625e1340a77a5f2cc7dd468): ?MITONIA - REKO (Official lyrics video). On ne l'envoie pas.
2026-06-23 09:52:14.551 [pool-1-thread-43] INFO  com.mp3.desktop.Programme3 - <- Metadata recu (P3) : ?Ny Anaranao
2026-06-23 09:52:14.559 [pool-1-thread-43] INFO  com.mp3.desktop.Programme3 - DOUBLON detecte pour (hash=7d0448dd15c95f2075a76018e6a3f533): ?Ny Anaranao. On ne l'envoie pas.
2026-06-23 09:52:14.560 [pool-1-thread-44] INFO  com.mp3.desktop.Programme3 - <- Metadata recu (P3) : ?Rotoroto
2026-06-23 09:52:14.568 [pool-1-thread-44] INFO  com.mp3.desktop.Programme3 - DOUBLON detecte pour (hash=e323c321959edeb00a960d7cba97d8a8): ?Rotoroto. On ne l'envoie pas.
2026-06-23 09:52:14.568 [pool-1-thread-14] INFO  com.mp3.desktop.Programme3 - <- Metadata recu (P3) : ?Tongasoa
2026-06-23 09:52:14.570 [pool-1-thread-14] INFO  com.mp3.desktop.Programme3 - DOUBLON detecte pour (hash=8d46d2bfcd2b8cce9104a131104adbc5): ?Tongasoa. On ne l'envoie pas.
2026-06-23 09:52:14.570 [pool-1-thread-29] INFO  com.mp3.desktop.Programme3 - <- Metadata recu (P3) : ?Happier Than Ever
2026-06-23 09:52:14.584 [pool-1-thread-29] INFO  com.mp3.desktop.Programme3 - DOUBLON detecte pour (hash=886f545fe2d508a0c8fc0110dce138dc): ?Happier Than Ever. On ne l'envoie pas.
2026-06-23 09:52:14.617 [pool-1-thread-35] INFO  com.mp3.desktop.Programme3 - <- Metadata recu (P3) : ?HATRAIZA / AZA AVELA - REKO
2026-06-23 09:52:14.620 [pool-1-thread-35] INFO  com.mp3.desktop.Programme3 - DOUBLON detecte pour (hash=552dadd37df43f910dd9ec4e91553198): ?HATRAIZA / AZA AVELA - REKO. On ne l'envoie pas.
2026-06-23 09:52:14.620 [pool-1-thread-36] INFO  com.mp3.desktop.Programme3 - <- Metadata recu (P3) : ?Louane - Maman (2015) Official Music Video
2026-06-23 09:52:14.629 [pool-1-thread-36] INFO  com.mp3.desktop.Programme3 - DOUBLON detecte pour (hash=b27ac9488f16fa4d962612a23b9324ed): ?Louane - Maman (2015) Official Music Video. On ne l'envoie pas.
2026-06-23 09:52:14.630 [pool-1-thread-37] INFO  com.mp3.desktop.Programme3 - <- Metadata recu (P3) : Matsiro kosa ny nanaovan_i Fy Rasolofoniaina ny hiran_ny tarika _Zay teto.(480P_SD)
2026-06-23 09:52:14.633 [pool-1-thread-37] INFO  com.mp3.desktop.Programme3 - DOUBLON detecte pour (hash=67af132e468412ad8bf55c99ba74bab5): Matsiro kosa ny nanaovan_i Fy Rasolofoniaina ny hiran_ny tarika _Zay teto.(480P_SD). On ne l'envoie pas.
2026-06-23 09:52:14.637 [pool-1-thread-38] INFO  com.mp3.desktop.Programme3 - <- Metadata recu (P3) : ?Misia
2026-06-23 09:52:14.642 [pool-1-thread-38] INFO  com.mp3.desktop.Programme3 - DOUBLON detecte pour (hash=d3fba2106d55087356c3109e936a93da): ?Misia. On ne l'envoie pas.
2026-06-23 09:52:14.642 [pool-1-thread-43] INFO  com.mp3.desktop.Programme3 - <- Metadata recu (P3) : ?MITONIA - REKO (Official lyrics video)
2026-06-23 09:52:14.645 [pool-1-thread-43] INFO  com.mp3.desktop.Programme3 - DOUBLON detecte pour (hash=b758e4aec625e1340a77a5f2cc7dd468): ?MITONIA - REKO (Official lyrics video). On ne l'envoie pas.
2026-06-23 09:52:14.650 [pool-1-thread-44] INFO  com.mp3.desktop.Programme3 - <- Metadata recu (P3) : ?Ny Anaranao
2026-06-23 09:52:14.654 [pool-1-thread-44] INFO  com.mp3.desktop.Programme3 - DOUBLON detecte pour (hash=7d0448dd15c95f2075a76018e6a3f533): ?Ny Anaranao. On ne l'envoie pas.
2026-06-23 09:52:14.654 [pool-1-thread-14] INFO  com.mp3.desktop.Programme3 - <- Metadata recu (P3) : ?Rotoroto
2026-06-23 09:52:14.661 [pool-1-thread-14] INFO  com.mp3.desktop.Programme3 - DOUBLON detecte pour (hash=e323c321959edeb00a960d7cba97d8a8): ?Rotoroto. On ne l'envoie pas.
2026-06-23 09:52:14.662 [pool-1-thread-29] INFO  com.mp3.desktop.Programme3 - <- Metadata recu (P3) : ?Tongasoa
2026-06-23 09:52:14.665 [pool-1-thread-29] INFO  com.mp3.desktop.Programme3 - DOUBLON detecte pour (hash=8d46d2bfcd2b8cce9104a131104adbc5): ?Tongasoa. On ne l'envoie pas.
2026-06-23 09:52:14.670 [pool-1-thread-35] INFO  com.mp3.desktop.Programme3 - <- Metadata recu (P3) : ?Happier Than Ever
2026-06-23 09:52:14.670 [pool-1-thread-35] INFO  com.mp3.desktop.Programme3 - DOUBLON detecte pour (hash=886f545fe2d508a0c8fc0110dce138dc): ?Happier Than Ever. On ne l'envoie pas.
2026-06-23 09:52:14.670 [pool-1-thread-36] INFO  com.mp3.desktop.Programme3 - <- Metadata recu (P3) : ?HATRAIZA / AZA AVELA - REKO
2026-06-23 09:52:14.681 [pool-1-thread-36] INFO  com.mp3.desktop.Programme3 - DOUBLON detecte pour (hash=552dadd37df43f910dd9ec4e91553198): ?HATRAIZA / AZA AVELA - REKO. On ne l'envoie pas.
2026-06-23 09:52:14.683 [pool-1-thread-37] INFO  com.mp3.desktop.Programme3 - <- Metadata recu (P3) : ?Louane - Maman (2015) Official Music Video
2026-06-23 09:52:14.687 [pool-1-thread-37] INFO  com.mp3.desktop.Programme3 - DOUBLON detecte pour (hash=b27ac9488f16fa4d962612a23b9324ed): ?Louane - Maman (2015) Official Music Video. On ne l'envoie pas.
2026-06-23 09:52:14.688 [pool-1-thread-38] INFO  com.mp3.desktop.Programme3 - <- Metadata recu (P3) : Matsiro kosa ny nanaovan_i Fy Rasolofoniaina ny hiran_ny tarika _Zay teto.(480P_SD)
2026-06-23 09:52:14.692 [pool-1-thread-38] INFO  com.mp3.desktop.Programme3 - DOUBLON detecte pour (hash=67af132e468412ad8bf55c99ba74bab5): Matsiro kosa ny nanaovan_i Fy Rasolofoniaina ny hiran_ny tarika _Zay teto.(480P_SD). On ne l'envoie pas.
2026-06-23 09:52:14.693 [pool-1-thread-43] INFO  com.mp3.desktop.Programme3 - <- Metadata recu (P3) : ?Misia
2026-06-23 09:52:14.696 [pool-1-thread-43] INFO  com.mp3.desktop.Programme3 - DOUBLON detecte pour (hash=d3fba2106d55087356c3109e936a93da): ?Misia. On ne l'envoie pas.
2026-06-23 09:52:14.700 [pool-1-thread-44] INFO  com.mp3.desktop.Programme3 - <- Metadata recu (P3) : ?MITONIA - REKO (Official lyrics video)
2026-06-23 09:52:14.706 [pool-1-thread-44] INFO  com.mp3.desktop.Programme3 - DOUBLON detecte pour (hash=b758e4aec625e1340a77a5f2cc7dd468): ?MITONIA - REKO (Official lyrics video). On ne l'envoie pas.
2026-06-23 09:52:14.706 [pool-1-thread-14] INFO  com.mp3.desktop.Programme3 - <- Metadata recu (P3) : ?Ny Anaranao
2026-06-23 09:52:14.711 [pool-1-thread-14] INFO  com.mp3.desktop.Programme3 - DOUBLON detecte pour (hash=7d0448dd15c95f2075a76018e6a3f533): ?Ny Anaranao. On ne l'envoie pas.
2026-06-23 09:52:14.712 [pool-1-thread-29] INFO  com.mp3.desktop.Programme3 - <- Metadata recu (P3) : ?Rotoroto
2026-06-23 09:52:14.719 [pool-1-thread-29] INFO  com.mp3.desktop.Programme3 - DOUBLON detecte pour (hash=e323c321959edeb00a960d7cba97d8a8): ?Rotoroto. On ne l'envoie pas.
2026-06-23 09:52:14.723 [pool-1-thread-35] INFO  com.mp3.desktop.Programme3 - <- Metadata recu (P3) : ?Tongasoa
2026-06-23 09:52:14.723 [pool-1-thread-35] INFO  com.mp3.desktop.Programme3 - DOUBLON detecte pour (hash=8d46d2bfcd2b8cce9104a131104adbc5): ?Tongasoa. On ne l'envoie pas.
2026-06-23 09:52:14.731 [pool-1-thread-36] INFO  com.mp3.desktop.Programme3 - <- Metadata recu (P3) : ?Happier Than Ever
2026-06-23 09:52:14.736 [pool-1-thread-36] INFO  com.mp3.desktop.Programme3 - DOUBLON detecte pour (hash=886f545fe2d508a0c8fc0110dce138dc): ?Happier Than Ever. On ne l'envoie pas.
2026-06-23 09:52:14.736 [pool-1-thread-37] INFO  com.mp3.desktop.Programme3 - <- Metadata recu (P3) : ?HATRAIZA / AZA AVELA - REKO
2026-06-23 09:52:14.741 [pool-1-thread-37] INFO  com.mp3.desktop.Programme3 - DOUBLON detecte pour (hash=552dadd37df43f910dd9ec4e91553198): ?HATRAIZA / AZA AVELA - REKO. On ne l'envoie pas.
2026-06-23 09:52:14.742 [pool-1-thread-38] INFO  com.mp3.desktop.Programme3 - <- Metadata recu (P3) : ?Louane - Maman (2015) Official Music Video
2026-06-23 09:52:14.752 [pool-1-thread-38] INFO  com.mp3.desktop.Programme3 - DOUBLON detecte pour (hash=b27ac9488f16fa4d962612a23b9324ed): ?Louane - Maman (2015) Official Music Video. On ne l'envoie pas.
2026-06-23 09:52:14.759 [pool-1-thread-43] INFO  com.mp3.desktop.Programme3 - <- Metadata recu (P3) : Matsiro kosa ny nanaovan_i Fy Rasolofoniaina ny hiran_ny tarika _Zay teto.(480P_SD)
2026-06-23 09:52:14.766 [pool-1-thread-43] INFO  com.mp3.desktop.Programme3 - DOUBLON detecte pour (hash=67af132e468412ad8bf55c99ba74bab5): Matsiro kosa ny nanaovan_i Fy Rasolofoniaina ny hiran_ny tarika _Zay teto.(480P_SD). On ne l'envoie pas.
2026-06-23 09:52:14.769 [pool-1-thread-44] INFO  com.mp3.desktop.Programme3 - <- Metadata recu (P3) : ?Misia
2026-06-23 09:52:14.775 [pool-1-thread-44] INFO  com.mp3.desktop.Programme3 - DOUBLON detecte pour (hash=d3fba2106d55087356c3109e936a93da): ?Misia. On ne l'envoie pas.
2026-06-23 09:52:14.777 [pool-1-thread-14] INFO  com.mp3.desktop.Programme3 - <- Metadata recu (P3) : ?MITONIA - REKO (Official lyrics video)
2026-06-23 09:52:14.784 [pool-1-thread-14] INFO  com.mp3.desktop.Programme3 - DOUBLON detecte pour (hash=b758e4aec625e1340a77a5f2cc7dd468): ?MITONIA - REKO (Official lyrics video). On ne l'envoie pas.
2026-06-23 09:52:14.786 [pool-1-thread-29] INFO  com.mp3.desktop.Programme3 - <- Metadata recu (P3) : ?Ny Anaranao
2026-06-23 09:52:14.793 [pool-1-thread-29] INFO  com.mp3.desktop.Programme3 - DOUBLON detecte pour (hash=7d0448dd15c95f2075a76018e6a3f533): ?Ny Anaranao. On ne l'envoie pas.
2026-06-23 09:52:14.794 [pool-1-thread-35] INFO  com.mp3.desktop.Programme3 - <- Metadata recu (P3) : ?Rotoroto
2026-06-23 09:52:14.802 [pool-1-thread-35] INFO  com.mp3.desktop.Programme3 - DOUBLON detecte pour (hash=e323c321959edeb00a960d7cba97d8a8): ?Rotoroto. On ne l'envoie pas.
2026-06-23 09:52:14.803 [pool-1-thread-36] INFO  com.mp3.desktop.Programme3 - <- Metadata recu (P3) : ?Tongasoa
2026-06-23 09:52:14.810 [pool-1-thread-36] INFO  com.mp3.desktop.Programme3 - DOUBLON detecte pour (hash=8d46d2bfcd2b8cce9104a131104adbc5): ?Tongasoa. On ne l'envoie pas.
2026-06-23 09:52:14.811 [pool-1-thread-37] INFO  com.mp3.desktop.Programme3 - <- Metadata recu (P3) : ?Happier Than Ever
2026-06-23 09:52:14.819 [pool-1-thread-37] INFO  com.mp3.desktop.Programme3 - DOUBLON detecte pour (hash=886f545fe2d508a0c8fc0110dce138dc): ?Happier Than Ever. On ne l'envoie pas.
2026-06-23 09:52:14.821 [pool-1-thread-38] INFO  com.mp3.desktop.Programme3 - <- Metadata recu (P3) : ?HATRAIZA / AZA AVELA - REKO
2026-06-23 09:52:14.827 [pool-1-thread-38] INFO  com.mp3.desktop.Programme3 - DOUBLON detecte pour (hash=552dadd37df43f910dd9ec4e91553198): ?HATRAIZA / AZA AVELA - REKO. On ne l'envoie pas.
2026-06-23 09:52:14.828 [pool-1-thread-43] INFO  com.mp3.desktop.Programme3 - <- Metadata recu (P3) : ?Louane - Maman (2015) Official Music Video
2026-06-23 09:52:14.838 [pool-1-thread-43] INFO  com.mp3.desktop.Programme3 - DOUBLON detecte pour (hash=b27ac9488f16fa4d962612a23b9324ed): ?Louane - Maman (2015) Official Music Video. On ne l'envoie pas.
2026-06-23 09:52:14.849 [pool-1-thread-44] INFO  com.mp3.desktop.Programme3 - <- Metadata recu (P3) : Matsiro kosa ny nanaovan_i Fy Rasolofoniaina ny hiran_ny tarika _Zay teto.(480P_SD)
2026-06-23 09:52:14.854 [pool-1-thread-44] INFO  com.mp3.desktop.Programme3 - DOUBLON detecte pour (hash=67af132e468412ad8bf55c99ba74bab5): Matsiro kosa ny nanaovan_i Fy Rasolofoniaina ny hiran_ny tarika _Zay teto.(480P_SD). On ne l'envoie pas.
2026-06-23 09:52:14.860 [pool-1-thread-14] INFO  com.mp3.desktop.Programme3 - <- Metadata recu (P3) : ?Misia
2026-06-23 09:52:14.860 [pool-1-thread-14] INFO  com.mp3.desktop.Programme3 - DOUBLON detecte pour (hash=d3fba2106d55087356c3109e936a93da): ?Misia. On ne l'envoie pas.
2026-06-23 09:52:14.860 [pool-1-thread-29] INFO  com.mp3.desktop.Programme3 - <- Metadata recu (P3) : ?MITONIA - REKO (Official lyrics video)
2026-06-23 09:52:14.870 [pool-1-thread-29] INFO  com.mp3.desktop.Programme3 - DOUBLON detecte pour (hash=b758e4aec625e1340a77a5f2cc7dd468): ?MITONIA - REKO (Official lyrics video). On ne l'envoie pas.
2026-06-23 09:52:14.870 [pool-1-thread-35] INFO  com.mp3.desktop.Programme3 - <- Metadata recu (P3) : ?Ny Anaranao
2026-06-23 09:52:14.870 [pool-1-thread-35] INFO  com.mp3.desktop.Programme3 - DOUBLON detecte pour (hash=7d0448dd15c95f2075a76018e6a3f533): ?Ny Anaranao. On ne l'envoie pas.
2026-06-23 09:52:14.870 [pool-1-thread-36] INFO  com.mp3.desktop.Programme3 - <- Metadata recu (P3) : ?Rotoroto
2026-06-23 09:52:14.882 [pool-1-thread-36] INFO  com.mp3.desktop.Programme3 - DOUBLON detecte pour (hash=e323c321959edeb00a960d7cba97d8a8): ?Rotoroto. On ne l'envoie pas.
2026-06-23 09:52:14.886 [pool-1-thread-37] INFO  com.mp3.desktop.Programme3 - <- Metadata recu (P3) : ?Tongasoa
2026-06-23 09:52:14.891 [pool-1-thread-37] INFO  com.mp3.desktop.Programme3 - DOUBLON detecte pour (hash=8d46d2bfcd2b8cce9104a131104adbc5): ?Tongasoa. On ne l'envoie pas.
2026-06-23 09:52:14.891 [pool-1-thread-38] INFO  com.mp3.desktop.Programme3 - <- Metadata recu (P3) : ?Happier Than Ever
2026-06-23 09:52:14.891 [pool-1-thread-38] INFO  com.mp3.desktop.Programme3 - DOUBLON detecte pour (hash=886f545fe2d508a0c8fc0110dce138dc): ?Happier Than Ever. On ne l'envoie pas.
2026-06-23 09:52:14.897 [pool-1-thread-43] INFO  com.mp3.desktop.Programme3 - <- Metadata recu (P3) : ?HATRAIZA / AZA AVELA - REKO
2026-06-23 09:52:14.901 [pool-1-thread-43] INFO  com.mp3.desktop.Programme3 - DOUBLON detecte pour (hash=552dadd37df43f910dd9ec4e91553198): ?HATRAIZA / AZA AVELA - REKO. On ne l'envoie pas.
2026-06-23 09:52:14.901 [pool-1-thread-44] INFO  com.mp3.desktop.Programme3 - <- Metadata recu (P3) : ?Louane - Maman (2015) Official Music Video
2026-06-23 09:52:14.908 [pool-1-thread-44] INFO  com.mp3.desktop.Programme3 - DOUBLON detecte pour (hash=b27ac9488f16fa4d962612a23b9324ed): ?Louane - Maman (2015) Official Music Video. On ne l'envoie pas.
2026-06-23 09:52:14.909 [pool-1-thread-14] INFO  com.mp3.desktop.Programme3 - <- Metadata recu (P3) : Matsiro kosa ny nanaovan_i Fy Rasolofoniaina ny hiran_ny tarika _Zay teto.(480P_SD)
2026-06-23 09:52:14.913 [pool-1-thread-14] INFO  com.mp3.desktop.Programme3 - DOUBLON detecte pour (hash=67af132e468412ad8bf55c99ba74bab5): Matsiro kosa ny nanaovan_i Fy Rasolofoniaina ny hiran_ny tarika _Zay teto.(480P_SD). On ne l'envoie pas.
2026-06-23 09:52:14.915 [pool-1-thread-29] INFO  com.mp3.desktop.Programme3 - <- Metadata recu (P3) : ?Misia
2026-06-23 09:52:14.920 [pool-1-thread-29] INFO  com.mp3.desktop.Programme3 - DOUBLON detecte pour (hash=d3fba2106d55087356c3109e936a93da): ?Misia. On ne l'envoie pas.
2026-06-23 09:52:14.923 [pool-1-thread-35] INFO  com.mp3.desktop.Programme3 - <- Metadata recu (P3) : ?MITONIA - REKO (Official lyrics video)
2026-06-23 09:52:14.923 [pool-1-thread-35] INFO  com.mp3.desktop.Programme3 - DOUBLON detecte pour (hash=b758e4aec625e1340a77a5f2cc7dd468): ?MITONIA - REKO (Official lyrics video). On ne l'envoie pas.
2026-06-23 09:52:14.929 [pool-1-thread-36] INFO  com.mp3.desktop.Programme3 - <- Metadata recu (P3) : ?Ny Anaranao
2026-06-23 09:52:14.938 [pool-1-thread-36] INFO  com.mp3.desktop.Programme3 - DOUBLON detecte pour (hash=7d0448dd15c95f2075a76018e6a3f533): ?Ny Anaranao. On ne l'envoie pas.
2026-06-23 09:52:14.938 [pool-1-thread-37] INFO  com.mp3.desktop.Programme3 - <- Metadata recu (P3) : ?Rotoroto
2026-06-23 09:52:14.942 [pool-1-thread-37] INFO  com.mp3.desktop.Programme3 - DOUBLON detecte pour (hash=e323c321959edeb00a960d7cba97d8a8): ?Rotoroto. On ne l'envoie pas.
2026-06-23 09:52:14.942 [pool-1-thread-38] INFO  com.mp3.desktop.Programme3 - <- Metadata recu (P3) : ?Tongasoa
2026-06-23 09:52:14.948 [pool-1-thread-38] INFO  com.mp3.desktop.Programme3 - DOUBLON detecte pour (hash=8d46d2bfcd2b8cce9104a131104adbc5): ?Tongasoa. On ne l'envoie pas.
2026-06-23 09:52:14.948 [pool-1-thread-43] INFO  com.mp3.desktop.Programme3 - <- Metadata recu (P3) : ?Happier Than Ever
2026-06-23 09:52:14.953 [pool-1-thread-43] INFO  com.mp3.desktop.Programme3 - DOUBLON detecte pour (hash=886f545fe2d508a0c8fc0110dce138dc): ?Happier Than Ever. On ne l'envoie pas.
2026-06-23 09:52:14.954 [pool-1-thread-44] INFO  com.mp3.desktop.Programme3 - <- Metadata recu (P3) : ?HATRAIZA / AZA AVELA - REKO
2026-06-23 09:52:14.957 [pool-1-thread-44] INFO  com.mp3.desktop.Programme3 - DOUBLON detecte pour (hash=552dadd37df43f910dd9ec4e91553198): ?HATRAIZA / AZA AVELA - REKO. On ne l'envoie pas.
2026-06-23 09:52:14.957 [pool-1-thread-14] INFO  com.mp3.desktop.Programme3 - <- Metadata recu (P3) : ?Louane - Maman (2015) Official Music Video
2026-06-23 09:52:14.962 [pool-1-thread-14] INFO  com.mp3.desktop.Programme3 - DOUBLON detecte pour (hash=b27ac9488f16fa4d962612a23b9324ed): ?Louane - Maman (2015) Official Music Video. On ne l'envoie pas.
2026-06-23 09:52:14.963 [pool-1-thread-29] INFO  com.mp3.desktop.Programme3 - <- Metadata recu (P3) : Matsiro kosa ny nanaovan_i Fy Rasolofoniaina ny hiran_ny tarika _Zay teto.(480P_SD)
2026-06-23 09:52:14.967 [pool-1-thread-29] INFO  com.mp3.desktop.Programme3 - DOUBLON detecte pour (hash=67af132e468412ad8bf55c99ba74bab5): Matsiro kosa ny nanaovan_i Fy Rasolofoniaina ny hiran_ny tarika _Zay teto.(480P_SD). On ne l'envoie pas.
2026-06-23 09:52:14.968 [pool-1-thread-35] INFO  com.mp3.desktop.Programme3 - <- Metadata recu (P3) : ?Misia
2026-06-23 09:52:14.972 [pool-1-thread-35] INFO  com.mp3.desktop.Programme3 - DOUBLON detecte pour (hash=d3fba2106d55087356c3109e936a93da): ?Misia. On ne l'envoie pas.
2026-06-23 09:52:14.973 [pool-1-thread-36] INFO  com.mp3.desktop.Programme3 - <- Metadata recu (P3) : ?MITONIA - REKO (Official lyrics video)
2026-06-23 09:52:14.978 [pool-1-thread-36] INFO  com.mp3.desktop.Programme3 - DOUBLON detecte pour (hash=b758e4aec625e1340a77a5f2cc7dd468): ?MITONIA - REKO (Official lyrics video). On ne l'envoie pas.
2026-06-23 09:52:14.980 [pool-1-thread-37] INFO  com.mp3.desktop.Programme3 - <- Metadata recu (P3) : ?Ny Anaranao
2026-06-23 09:52:14.986 [pool-1-thread-37] INFO  com.mp3.desktop.Programme3 - DOUBLON detecte pour (hash=7d0448dd15c95f2075a76018e6a3f533): ?Ny Anaranao. On ne l'envoie pas.
2026-06-23 09:52:14.987 [pool-1-thread-38] INFO  com.mp3.desktop.Programme3 - <- Metadata recu (P3) : ?Rotoroto
2026-06-23 09:52:14.990 [pool-1-thread-38] INFO  com.mp3.desktop.Programme3 - DOUBLON detecte pour (hash=e323c321959edeb00a960d7cba97d8a8): ?Rotoroto. On ne l'envoie pas.
2026-06-23 09:52:14.993 [pool-1-thread-43] INFO  com.mp3.desktop.Programme3 - <- Metadata recu (P3) : ?Tongasoa
2026-06-23 09:52:14.998 [pool-1-thread-43] INFO  com.mp3.desktop.Programme3 - DOUBLON detecte pour (hash=8d46d2bfcd2b8cce9104a131104adbc5): ?Tongasoa. On ne l'envoie pas.
2026-06-23 09:52:14.998 [pool-1-thread-44] INFO  com.mp3.desktop.Programme3 - <- Metadata recu (P3) : ?Happier Than Ever
2026-06-23 09:52:15.004 [pool-1-thread-44] INFO  com.mp3.desktop.Programme3 - DOUBLON detecte pour (hash=886f545fe2d508a0c8fc0110dce138dc): ?Happier Than Ever. On ne l'envoie pas.
2026-06-23 09:52:15.005 [pool-1-thread-14] INFO  com.mp3.desktop.Programme3 - <- Metadata recu (P3) : ?HATRAIZA / AZA AVELA - REKO
2026-06-23 09:52:15.010 [pool-1-thread-14] INFO  com.mp3.desktop.Programme3 - DOUBLON detecte pour (hash=552dadd37df43f910dd9ec4e91553198): ?HATRAIZA / AZA AVELA - REKO. On ne l'envoie pas.
2026-06-23 09:52:15.010 [pool-1-thread-29] INFO  com.mp3.desktop.Programme3 - <- Metadata recu (P3) : ?Louane - Maman (2015) Official Music Video
2026-06-23 09:52:15.015 [pool-1-thread-29] INFO  com.mp3.desktop.Programme3 - DOUBLON detecte pour (hash=b27ac9488f16fa4d962612a23b9324ed): ?Louane - Maman (2015) Official Music Video. On ne l'envoie pas.
2026-06-23 09:52:15.019 [pool-1-thread-35] INFO  com.mp3.desktop.Programme3 - <- Metadata recu (P3) : Matsiro kosa ny nanaovan_i Fy Rasolofoniaina ny hiran_ny tarika _Zay teto.(480P_SD)
2026-06-23 09:52:15.021 [pool-1-thread-35] INFO  com.mp3.desktop.Programme3 - DOUBLON detecte pour (hash=67af132e468412ad8bf55c99ba74bab5): Matsiro kosa ny nanaovan_i Fy Rasolofoniaina ny hiran_ny tarika _Zay teto.(480P_SD). On ne l'envoie pas.
2026-06-23 09:52:15.032 [pool-1-thread-36] INFO  com.mp3.desktop.Programme3 - <- Metadata recu (P3) : ?Misia
2026-06-23 09:52:15.037 [pool-1-thread-36] INFO  com.mp3.desktop.Programme3 - DOUBLON detecte pour (hash=d3fba2106d55087356c3109e936a93da): ?Misia. On ne l'envoie pas.
2026-06-23 09:52:15.037 [pool-1-thread-37] INFO  com.mp3.desktop.Programme3 - <- Metadata recu (P3) : ?MITONIA - REKO (Official lyrics video)
2026-06-23 09:52:15.043 [pool-1-thread-37] INFO  com.mp3.desktop.Programme3 - DOUBLON detecte pour (hash=b758e4aec625e1340a77a5f2cc7dd468): ?MITONIA - REKO (Official lyrics video). On ne l'envoie pas.
2026-06-23 09:52:15.043 [pool-1-thread-38] INFO  com.mp3.desktop.Programme3 - <- Metadata recu (P3) : ?Ny Anaranao
2026-06-23 09:52:15.050 [pool-1-thread-38] INFO  com.mp3.desktop.Programme3 - DOUBLON detecte pour (hash=7d0448dd15c95f2075a76018e6a3f533): ?Ny Anaranao. On ne l'envoie pas.
2026-06-23 09:52:15.050 [pool-1-thread-43] INFO  com.mp3.desktop.Programme3 - <- Metadata recu (P3) : ?Rotoroto
2026-06-23 09:52:15.056 [pool-1-thread-43] INFO  com.mp3.desktop.Programme3 - DOUBLON detecte pour (hash=e323c321959edeb00a960d7cba97d8a8): ?Rotoroto. On ne l'envoie pas.
2026-06-23 09:52:15.056 [pool-1-thread-44] INFO  com.mp3.desktop.Programme3 - <- Metadata recu (P3) : ?Tongasoa
2026-06-23 09:52:15.060 [pool-1-thread-44] INFO  com.mp3.desktop.Programme3 - DOUBLON detecte pour (hash=8d46d2bfcd2b8cce9104a131104adbc5): ?Tongasoa. On ne l'envoie pas.
