2026-06-22 10:02:52.821 [Thread-P1] INFO  com.mp3.desktop.Programme1 - === Demarrage du Programme 1 ===
2026-06-22 10:02:52.824 [Thread-P1] INFO  com.mp3.desktop.Programme1 - Repertoire chanson cree : true
2026-06-22 10:02:52.825 [Thread-P1] INFO  com.mp3.desktop.Programme1 - Scan du repertoire : D:\ITU\S6\Mr Naina\Mp4\mp3-desktop\chanson
2026-06-22 10:02:52.850 [Thread-P1] INFO  com.mp3.desktop.Programme1 - Attente de 10000 ms avant le prochain scan...
2026-06-22 10:03:02.858 [Thread-P1] INFO  com.mp3.desktop.Programme1 - Scan du repertoire : D:\ITU\S6\Mr Naina\Mp4\mp3-desktop\chanson
2026-06-22 10:03:02.872 [Thread-P1] INFO  com.mp3.desktop.Programme1 - Attente de 10000 ms avant le prochain scan...
2026-06-22 10:03:12.881 [Thread-P1] INFO  com.mp3.desktop.Programme1 - Scan du repertoire : D:\ITU\S6\Mr Naina\Mp4\mp3-desktop\chanson
2026-06-22 10:03:12.892 [Thread-P1] INFO  com.mp3.desktop.Programme1 - Attente de 10000 ms avant le prochain scan...
2026-06-22 10:03:22.906 [Thread-P1] INFO  com.mp3.desktop.Programme1 - Scan du repertoire : D:\ITU\S6\Mr Naina\Mp4\mp3-desktop\chanson
2026-06-22 10:03:22.918 [Thread-P1] INFO  com.mp3.desktop.Programme1 - Attente de 10000 ms avant le prochain scan...
2026-06-22 10:03:32.920 [Thread-P1] INFO  com.mp3.desktop.Programme1 - Scan du repertoire : D:\ITU\S6\Mr Naina\Mp4\mp3-desktop\chanson
2026-06-22 10:03:32.931 [Thread-P1] INFO  com.mp3.desktop.Programme1 - Attente de 10000 ms avant le prochain scan...
2026-06-22 10:03:42.933 [Thread-P1] INFO  com.mp3.desktop.Programme1 - Scan du repertoire : D:\ITU\S6\Mr Naina\Mp4\mp3-desktop\chanson
2026-06-22 10:03:42.943 [Thread-P1] INFO  com.mp3.desktop.Programme1 - Attente de 10000 ms avant le prochain scan...
2026-06-22 10:03:52.945 [Thread-P1] INFO  com.mp3.desktop.Programme1 - Scan du repertoire : D:\ITU\S6\Mr Naina\Mp4\mp3-desktop\chanson
2026-06-22 10:03:52.953 [Thread-P1] INFO  com.mp3.desktop.Programme1 - Attente de 10000 ms avant le prochain scan...
2026-06-22 10:04:02.954 [Thread-P1] INFO  com.mp3.desktop.Programme1 - Scan du repertoire : D:\ITU\S6\Mr Naina\Mp4\mp3-desktop\chanson
2026-06-22 10:04:02.964 [Thread-P1] INFO  com.mp3.desktop.Programme1 - Attente de 10000 ms avant le prochain scan...
2026-06-22 10:04:12.966 [Thread-P1] INFO  com.mp3.desktop.Programme1 - Scan du repertoire : D:\ITU\S6\Mr Naina\Mp4\mp3-desktop\chanson
2026-06-22 10:04:12.973 [Thread-P1] INFO  com.mp3.desktop.Programme1 - Attente de 10000 ms avant le prochain scan...
2026-06-22 10:04:22.975 [Thread-P1] INFO  com.mp3.desktop.Programme1 - Scan du repertoire : D:\ITU\S6\Mr Naina\Mp4\mp3-desktop\chanson
2026-06-22 10:04:22.985 [Thread-P1] INFO  com.mp3.desktop.Programme1 - Attente de 10000 ms avant le prochain scan...
2026-06-22 10:04:32.999 [Thread-P1] INFO  com.mp3.desktop.Programme1 - Scan du repertoire : D:\ITU\S6\Mr Naina\Mp4\mp3-desktop\chanson
2026-06-22 10:04:33.011 [Thread-P1] INFO  com.mp3.desktop.Programme1 - Attente de 10000 ms avant le prochain scan...
2026-06-22 10:04:43.026 [Thread-P1] INFO  com.mp3.desktop.Programme1 - Scan du repertoire : D:\ITU\S6\Mr Naina\Mp4\mp3-desktop\chanson
2026-06-22 10:04:43.035 [Thread-P1] INFO  com.mp3.desktop.Programme1 - Attente de 10000 ms avant le prochain scan...
2026-06-22 10:04:53.041 [Thread-P1] INFO  com.mp3.desktop.Programme1 - Scan du repertoire : D:\ITU\S6\Mr Naina\Mp4\mp3-desktop\chanson
2026-06-22 10:04:53.052 [Thread-P1] INFO  com.mp3.desktop.Programme1 - Attente de 10000 ms avant le prochain scan...
2026-06-22 10:05:03.053 [Thread-P1] INFO  com.mp3.desktop.Programme1 - Scan du repertoire : D:\ITU\S6\Mr Naina\Mp4\mp3-desktop\chanson
2026-06-22 10:05:03.062 [Thread-P1] INFO  com.mp3.desktop.Programme1 - Attente de 10000 ms avant le prochain scan...
2026-06-22 10:05:13.064 [Thread-P1] INFO  com.mp3.desktop.Programme1 - Scan du repertoire : D:\ITU\S6\Mr Naina\Mp4\mp3-desktop\chanson
2026-06-22 10:05:13.076 [Thread-P1] INFO  com.mp3.desktop.Programme1 - Attente de 10000 ms avant le prochain scan...
2026-06-22 10:05:23.090 [Thread-P1] INFO  com.mp3.desktop.Programme1 - Scan du repertoire : D:\ITU\S6\Mr Naina\Mp4\mp3-desktop\chanson
2026-06-22 10:05:23.099 [Thread-P1] INFO  com.mp3.desktop.Programme1 - Attente de 10000 ms avant le prochain scan...
2026-06-22 10:05:33.105 [Thread-P1] INFO  com.mp3.desktop.Programme1 - Scan du repertoire : D:\ITU\S6\Mr Naina\Mp4\mp3-desktop\chanson
2026-06-22 10:05:33.112 [Thread-P1] INFO  com.mp3.desktop.Programme1 - Attente de 10000 ms avant le prochain scan...
2026-06-22 10:05:43.118 [Thread-P1] INFO  com.mp3.desktop.Programme1 - Scan du repertoire : D:\ITU\S6\Mr Naina\Mp4\mp3-desktop\chanson
2026-06-22 10:05:43.127 [Thread-P1] INFO  com.mp3.desktop.Programme1 - Attente de 10000 ms avant le prochain scan...
2026-06-22 10:05:53.128 [Thread-P1] INFO  com.mp3.desktop.Programme1 - Scan du repertoire : D:\ITU\S6\Mr Naina\Mp4\mp3-desktop\chanson
2026-06-22 10:05:53.138 [Thread-P1] INFO  com.mp3.desktop.Programme1 - Attente de 10000 ms avant le prochain scan...
2026-06-22 10:06:03.152 [Thread-P1] INFO  com.mp3.desktop.Programme1 - Scan du repertoire : D:\ITU\S6\Mr Naina\Mp4\mp3-desktop\chanson
2026-06-22 10:06:03.163 [Thread-P1] INFO  com.mp3.desktop.Programme1 - Attente de 10000 ms avant le prochain scan...
2026-06-22 10:06:13.177 [Thread-P1] INFO  com.mp3.desktop.Programme1 - Scan du repertoire : D:\ITU\S6\Mr Naina\Mp4\mp3-desktop\chanson
2026-06-22 10:06:13.187 [Thread-P1] INFO  com.mp3.desktop.Programme1 - Attente de 10000 ms avant le prochain scan...
2026-06-22 10:06:23.200 [Thread-P1] INFO  com.mp3.desktop.Programme1 - Scan du repertoire : D:\ITU\S6\Mr Naina\Mp4\mp3-desktop\chanson
2026-06-22 10:06:23.218 [Thread-P1] INFO  com.mp3.desktop.Programme1 - Attente de 10000 ms avant le prochain scan...
2026-06-22 10:06:33.219 [Thread-P1] INFO  com.mp3.desktop.Programme1 - Scan du repertoire : D:\ITU\S6\Mr Naina\Mp4\mp3-desktop\chanson
2026-06-22 10:06:33.236 [Thread-P1] INFO  com.mp3.desktop.Programme1 - Attente de 10000 ms avant le prochain scan...
2026-06-22 10:06:43.246 [Thread-P1] INFO  com.mp3.desktop.Programme1 - Scan du repertoire : D:\ITU\S6\Mr Naina\Mp4\mp3-desktop\chanson
2026-06-22 10:06:43.255 [Thread-P1] INFO  com.mp3.desktop.Programme1 - Attente de 10000 ms avant le prochain scan...
2026-06-22 10:06:53.270 [Thread-P1] INFO  com.mp3.desktop.Programme1 - Scan du repertoire : D:\ITU\S6\Mr Naina\Mp4\mp3-desktop\chanson
2026-06-22 10:06:53.287 [Thread-P1] INFO  com.mp3.desktop.Programme1 - Attente de 10000 ms avant le prochain scan...
2026-06-22 10:07:03.301 [Thread-P1] INFO  com.mp3.desktop.Programme1 - Scan du repertoire : D:\ITU\S6\Mr Naina\Mp4\mp3-desktop\chanson
2026-06-22 10:07:03.310 [Thread-P1] INFO  com.mp3.desktop.Programme1 - Attente de 10000 ms avant le prochain scan...
2026-06-22 10:07:13.326 [Thread-P1] INFO  com.mp3.desktop.Programme1 - Scan du repertoire : D:\ITU\S6\Mr Naina\Mp4\mp3-desktop\chanson
2026-06-22 10:07:13.337 [Thread-P1] INFO  com.mp3.desktop.Programme1 - Attente de 10000 ms avant le prochain scan...
2026-06-22 10:07:23.344 [Thread-P1] INFO  com.mp3.desktop.Programme1 - Scan du repertoire : D:\ITU\S6\Mr Naina\Mp4\mp3-desktop\chanson
2026-06-22 10:07:23.352 [Thread-P1] INFO  com.mp3.desktop.Programme1 - Attente de 10000 ms avant le prochain scan...
2026-06-22 10:07:33.366 [Thread-P1] INFO  com.mp3.desktop.Programme1 - Scan du repertoire : D:\ITU\S6\Mr Naina\Mp4\mp3-desktop\chanson
2026-06-22 10:07:33.378 [Thread-P1] INFO  com.mp3.desktop.Programme1 - Attente de 10000 ms avant le prochain scan...
2026-06-22 10:07:43.408 [Thread-P1] INFO  com.mp3.desktop.Programme1 - Scan du repertoire : D:\ITU\S6\Mr Naina\Mp4\mp3-desktop\chanson
2026-06-22 10:07:43.484 [Thread-P1] INFO  com.mp3.desktop.Programme1 - Attente de 10000 ms avant le prochain scan...
2026-06-22 10:07:53.490 [Thread-P1] INFO  com.mp3.desktop.Programme1 - Scan du repertoire : D:\ITU\S6\Mr Naina\Mp4\mp3-desktop\chanson
2026-06-22 10:07:53.509 [Thread-P1] INFO  com.mp3.desktop.Programme1 - Attente de 10000 ms avant le prochain scan...
2026-06-22 10:08:03.521 [Thread-P1] INFO  com.mp3.desktop.Programme1 - Scan du repertoire : D:\ITU\S6\Mr Naina\Mp4\mp3-desktop\chanson
2026-06-22 10:08:03.534 [Thread-P1] INFO  com.mp3.desktop.Programme1 - Attente de 10000 ms avant le prochain scan...
2026-06-22 10:08:13.545 [Thread-P1] INFO  com.mp3.desktop.Programme1 - Scan du repertoire : D:\ITU\S6\Mr Naina\Mp4\mp3-desktop\chanson
2026-06-22 10:08:13.561 [Thread-P1] INFO  com.mp3.desktop.Programme1 - Attente de 10000 ms avant le prochain scan...
2026-06-22 10:08:23.569 [Thread-P1] INFO  com.mp3.desktop.Programme1 - Scan du repertoire : D:\ITU\S6\Mr Naina\Mp4\mp3-desktop\chanson
2026-06-22 10:08:23.580 [Thread-P1] INFO  com.mp3.desktop.Programme1 - Attente de 10000 ms avant le prochain scan...
2026-06-22 10:08:33.585 [Thread-P1] INFO  com.mp3.desktop.Programme1 - Scan du repertoire : D:\ITU\S6\Mr Naina\Mp4\mp3-desktop\chanson
2026-06-22 10:08:33.596 [Thread-P1] INFO  com.mp3.desktop.Programme1 - Attente de 10000 ms avant le prochain scan...
2026-06-22 10:08:43.612 [Thread-P1] INFO  com.mp3.desktop.Programme1 - Scan du repertoire : D:\ITU\S6\Mr Naina\Mp4\mp3-desktop\chanson
2026-06-22 10:08:43.650 [Thread-P1] INFO  com.mp3.desktop.Programme1 - Attente de 10000 ms avant le prochain scan...
2026-06-22 10:08:53.654 [Thread-P1] INFO  com.mp3.desktop.Programme1 - Scan du repertoire : D:\ITU\S6\Mr Naina\Mp4\mp3-desktop\chanson
2026-06-22 10:08:53.664 [Thread-P1] INFO  com.mp3.desktop.Programme1 - Attente de 10000 ms avant le prochain scan...
2026-06-22 10:09:03.667 [Thread-P1] INFO  com.mp3.desktop.Programme1 - Scan du repertoire : D:\ITU\S6\Mr Naina\Mp4\mp3-desktop\chanson
2026-06-22 10:09:03.678 [Thread-P1] INFO  com.mp3.desktop.Programme1 - Attente de 10000 ms avant le prochain scan...
2026-06-22 10:09:08.804 [Thread-P1] INFO  com.mp3.desktop.Programme1 - === Demarrage du Programme 1 ===
2026-06-22 10:09:08.805 [Thread-P1] INFO  com.mp3.desktop.Programme1 - Scan du repertoire : D:\ITU\S6\Mr Naina\Mp4\mp3-desktop\chanson
2026-06-22 10:09:08.829 [Thread-P1] INFO  com.mp3.desktop.Programme1 - Attente de 10000 ms avant le prochain scan...
2026-06-22 10:09:13.693 [Thread-P1] INFO  com.mp3.desktop.Programme1 - Scan du repertoire : D:\ITU\S6\Mr Naina\Mp4\mp3-desktop\chanson
2026-06-22 10:09:13.703 [Thread-P1] INFO  com.mp3.desktop.Programme1 - Attente de 10000 ms avant le prochain scan...
2026-06-22 10:09:18.842 [Thread-P1] INFO  com.mp3.desktop.Programme1 - Scan du repertoire : D:\ITU\S6\Mr Naina\Mp4\mp3-desktop\chanson
2026-06-22 10:09:18.859 [Thread-P1] INFO  com.mp3.desktop.Programme1 - Attente de 10000 ms avant le prochain scan...
2026-06-22 10:09:23.704 [Thread-P1] INFO  com.mp3.desktop.Programme1 - Scan du repertoire : D:\ITU\S6\Mr Naina\Mp4\mp3-desktop\chanson
2026-06-22 10:09:23.713 [Thread-P1] INFO  com.mp3.desktop.Programme1 - Attente de 10000 ms avant le prochain scan...
2026-06-22 10:09:28.864 [Thread-P1] INFO  com.mp3.desktop.Programme1 - Scan du repertoire : D:\ITU\S6\Mr Naina\Mp4\mp3-desktop\chanson
2026-06-22 10:09:28.880 [Thread-P1] INFO  com.mp3.desktop.Programme1 - Attente de 10000 ms avant le prochain scan...
2026-06-22 10:09:33.715 [Thread-P1] INFO  com.mp3.desktop.Programme1 - Scan du repertoire : D:\ITU\S6\Mr Naina\Mp4\mp3-desktop\chanson
2026-06-22 10:09:33.723 [Thread-P1] INFO  com.mp3.desktop.Programme1 - Attente de 10000 ms avant le prochain scan...
2026-06-22 10:09:38.895 [Thread-P1] INFO  com.mp3.desktop.Programme1 - Scan du repertoire : D:\ITU\S6\Mr Naina\Mp4\mp3-desktop\chanson
2026-06-22 10:09:38.903 [Thread-P1] INFO  com.mp3.desktop.Programme1 - Attente de 10000 ms avant le prochain scan...
2026-06-22 10:09:43.727 [Thread-P1] INFO  com.mp3.desktop.Programme1 - Scan du repertoire : D:\ITU\S6\Mr Naina\Mp4\mp3-desktop\chanson
2026-06-22 10:09:43.737 [Thread-P1] INFO  com.mp3.desktop.Programme1 - Attente de 10000 ms avant le prochain scan...
2026-06-22 10:09:48.906 [Thread-P1] INFO  com.mp3.desktop.Programme1 - Scan du repertoire : D:\ITU\S6\Mr Naina\Mp4\mp3-desktop\chanson
2026-06-22 10:09:48.914 [Thread-P1] INFO  com.mp3.desktop.Programme1 - Attente de 10000 ms avant le prochain scan...
2026-06-22 10:09:53.739 [Thread-P1] INFO  com.mp3.desktop.Programme1 - Scan du repertoire : D:\ITU\S6\Mr Naina\Mp4\mp3-desktop\chanson
2026-06-22 10:09:53.749 [Thread-P1] INFO  com.mp3.desktop.Programme1 - Attente de 10000 ms avant le prochain scan...
2026-06-22 10:09:58.919 [Thread-P1] INFO  com.mp3.desktop.Programme1 - Scan du repertoire : D:\ITU\S6\Mr Naina\Mp4\mp3-desktop\chanson
2026-06-22 10:09:58.927 [Thread-P1] INFO  com.mp3.desktop.Programme1 - Attente de 10000 ms avant le prochain scan...
2026-06-22 10:10:03.750 [Thread-P1] INFO  com.mp3.desktop.Programme1 - Scan du repertoire : D:\ITU\S6\Mr Naina\Mp4\mp3-desktop\chanson
2026-06-22 10:10:03.758 [Thread-P1] INFO  com.mp3.desktop.Programme1 - Attente de 10000 ms avant le prochain scan...
2026-06-22 10:10:08.929 [Thread-P1] INFO  com.mp3.desktop.Programme1 - Scan du repertoire : D:\ITU\S6\Mr Naina\Mp4\mp3-desktop\chanson
2026-06-22 10:10:08.939 [Thread-P1] INFO  com.mp3.desktop.Programme1 - Attente de 10000 ms avant le prochain scan...
2026-06-22 10:10:13.760 [Thread-P1] INFO  com.mp3.desktop.Programme1 - Scan du repertoire : D:\ITU\S6\Mr Naina\Mp4\mp3-desktop\chanson
2026-06-22 10:10:13.769 [Thread-P1] INFO  com.mp3.desktop.Programme1 - Attente de 10000 ms avant le prochain scan...
2026-06-22 10:10:18.941 [Thread-P1] INFO  com.mp3.desktop.Programme1 - Scan du repertoire : D:\ITU\S6\Mr Naina\Mp4\mp3-desktop\chanson
2026-06-22 10:10:18.951 [Thread-P1] INFO  com.mp3.desktop.Programme1 - Attente de 10000 ms avant le prochain scan...
2026-06-22 10:10:23.773 [Thread-P1] INFO  com.mp3.desktop.Programme1 - Scan du repertoire : D:\ITU\S6\Mr Naina\Mp4\mp3-desktop\chanson
2026-06-22 10:10:23.832 [Thread-P1] INFO  com.mp3.desktop.Programme1 - Attente de 10000 ms avant le prochain scan...
2026-06-22 10:10:28.954 [Thread-P1] INFO  com.mp3.desktop.Programme1 - Scan du repertoire : D:\ITU\S6\Mr Naina\Mp4\mp3-desktop\chanson
2026-06-22 10:10:28.965 [Thread-P1] INFO  com.mp3.desktop.Programme1 - Attente de 10000 ms avant le prochain scan...
2026-06-22 10:10:33.832 [Thread-P1] INFO  com.mp3.desktop.Programme1 - Scan du repertoire : D:\ITU\S6\Mr Naina\Mp4\mp3-desktop\chanson
2026-06-22 10:10:33.840 [Thread-P1] INFO  com.mp3.desktop.Programme1 - Attente de 10000 ms avant le prochain scan...
2026-06-22 10:10:38.980 [Thread-P1] INFO  com.mp3.desktop.Programme1 - Scan du repertoire : D:\ITU\S6\Mr Naina\Mp4\mp3-desktop\chanson
2026-06-22 10:10:38.988 [Thread-P1] INFO  com.mp3.desktop.Programme1 - Attente de 10000 ms avant le prochain scan...
2026-06-22 10:10:43.854 [Thread-P1] INFO  com.mp3.desktop.Programme1 - Scan du repertoire : D:\ITU\S6\Mr Naina\Mp4\mp3-desktop\chanson
2026-06-22 10:10:43.860 [Thread-P1] INFO  com.mp3.desktop.Programme1 - Attente de 10000 ms avant le prochain scan...
2026-06-22 10:10:48.997 [Thread-P1] INFO  com.mp3.desktop.Programme1 - Scan du repertoire : D:\ITU\S6\Mr Naina\Mp4\mp3-desktop\chanson
2026-06-22 10:10:49.015 [Thread-P1] INFO  com.mp3.desktop.Programme1 - Attente de 10000 ms avant le prochain scan...
2026-06-22 10:10:53.871 [Thread-P1] INFO  com.mp3.desktop.Programme1 - Scan du repertoire : D:\ITU\S6\Mr Naina\Mp4\mp3-desktop\chanson
2026-06-22 10:10:53.881 [Thread-P1] INFO  com.mp3.desktop.Programme1 - Attente de 10000 ms avant le prochain scan...
2026-06-22 10:10:59.030 [Thread-P1] INFO  com.mp3.desktop.Programme1 - Scan du repertoire : D:\ITU\S6\Mr Naina\Mp4\mp3-desktop\chanson
2026-06-22 10:10:59.041 [Thread-P1] INFO  com.mp3.desktop.Programme1 - Attente de 10000 ms avant le prochain scan...
2026-06-22 10:11:03.896 [Thread-P1] INFO  com.mp3.desktop.Programme1 - Scan du repertoire : D:\ITU\S6\Mr Naina\Mp4\mp3-desktop\chanson
2026-06-22 10:11:03.961 [Thread-P1] INFO  com.mp3.desktop.Programme1 - Attente de 10000 ms avant le prochain scan...
2026-06-22 10:11:09.044 [Thread-P1] INFO  com.mp3.desktop.Programme1 - Scan du repertoire : D:\ITU\S6\Mr Naina\Mp4\mp3-desktop\chanson
2026-06-22 10:11:09.053 [Thread-P1] INFO  com.mp3.desktop.Programme1 - Attente de 10000 ms avant le prochain scan...
2026-06-22 10:11:13.966 [Thread-P1] INFO  com.mp3.desktop.Programme1 - Scan du repertoire : D:\ITU\S6\Mr Naina\Mp4\mp3-desktop\chanson
2026-06-22 10:11:13.979 [Thread-P1] INFO  com.mp3.desktop.Programme1 - Attente de 10000 ms avant le prochain scan...
2026-06-22 10:11:19.056 [Thread-P1] INFO  com.mp3.desktop.Programme1 - Scan du repertoire : D:\ITU\S6\Mr Naina\Mp4\mp3-desktop\chanson
2026-06-22 10:11:19.070 [Thread-P1] INFO  com.mp3.desktop.Programme1 - Attente de 10000 ms avant le prochain scan...
2026-06-22 10:11:23.991 [Thread-P1] INFO  com.mp3.desktop.Programme1 - Scan du repertoire : D:\ITU\S6\Mr Naina\Mp4\mp3-desktop\chanson
2026-06-22 10:11:24.004 [Thread-P1] INFO  com.mp3.desktop.Programme1 - Attente de 10000 ms avant le prochain scan...
2026-06-22 10:11:24.213 [Thread-P1] WARN  com.mp3.desktop.Programme1 - Programme 1 interrompu
2026-06-22 10:28:38.909 [Thread-P1] INFO  com.mp3.desktop.Programme1 - === Demarrage du Programme 1 ===
2026-06-22 10:28:38.910 [Thread-P1] INFO  com.mp3.desktop.Programme1 - Scan du repertoire : D:\ITU\S6\Mr Naina\Mp4\mp3-desktop\chanson
2026-06-22 10:28:38.944 [Thread-P1] INFO  com.mp3.desktop.Programme1 - -> Message envoye a RabbitMQ [queue_liste_mp3] : D:\ITU\S6\Mr Naina\Mp4\mp3-desktop\chanson\Billie Eilish - Happier Than Ever (Official Music Video)(MP3_160K).mp3
2026-06-22 10:28:38.947 [Thread-P1] INFO  com.mp3.desktop.Programme1 - -> Message envoye a RabbitMQ [queue_liste_mp3] : D:\ITU\S6\Mr Naina\Mp4\mp3-desktop\chanson\HATRAIZA _ AZA AVELA - REKO(MP3_160K).mp3
2026-06-22 10:28:38.948 [Thread-P1] INFO  com.mp3.desktop.Programme1 - -> Message envoye a RabbitMQ [queue_liste_mp3] : D:\ITU\S6\Mr Naina\Mp4\mp3-desktop\chanson\MISIA - REKO(MP3_160K).mp3
2026-06-22 10:28:38.949 [Thread-P1] INFO  com.mp3.desktop.Programme1 - -> Message envoye a RabbitMQ [queue_liste_mp3] : D:\ITU\S6\Mr Naina\Mp4\mp3-desktop\chanson\MITONIA - REKO (Official lyrics video)(MP3_160K).mp3
2026-06-22 10:28:38.951 [Thread-P1] INFO  com.mp3.desktop.Programme1 - -> Message envoye a RabbitMQ [queue_liste_mp3] : D:\ITU\S6\Mr Naina\Mp4\mp3-desktop\chanson\NY ANARANAO - REKO(MP3_160K).mp3
2026-06-22 10:28:38.954 [Thread-P1] INFO  com.mp3.desktop.Programme1 - -> Message envoye a RabbitMQ [queue_liste_mp3] : D:\ITU\S6\Mr Naina\Mp4\mp3-desktop\chanson\ROTOROTO - REKO(MP3_160K).mp3
2026-06-22 10:28:38.956 [Thread-P1] INFO  com.mp3.desktop.Programme1 - -> Message envoye a RabbitMQ [queue_liste_mp3] : D:\ITU\S6\Mr Naina\Mp4\mp3-desktop\chanson\TONGASOA - REKO(MP3_160K).mp3
2026-06-22 10:28:38.960 [Thread-P1] INFO  com.mp3.desktop.Programme1 - Attente de 10000 ms avant le prochain scan...
2026-06-22 10:28:48.965 [Thread-P1] INFO  com.mp3.desktop.Programme1 - Scan du repertoire : D:\ITU\S6\Mr Naina\Mp4\mp3-desktop\chanson
2026-06-22 10:28:48.982 [Thread-P1] INFO  com.mp3.desktop.Programme1 - Attente de 10000 ms avant le prochain scan...
2026-06-22 10:28:58.999 [Thread-P1] INFO  com.mp3.desktop.Programme1 - Scan du repertoire : D:\ITU\S6\Mr Naina\Mp4\mp3-desktop\chanson
2026-06-22 10:28:59.011 [Thread-P1] INFO  com.mp3.desktop.Programme1 - Attente de 10000 ms avant le prochain scan...
2026-06-22 10:29:09.020 [Thread-P1] INFO  com.mp3.desktop.Programme1 - Scan du repertoire : D:\ITU\S6\Mr Naina\Mp4\mp3-desktop\chanson
2026-06-22 10:29:09.033 [Thread-P1] INFO  com.mp3.desktop.Programme1 - Attente de 10000 ms avant le prochain scan...
2026-06-22 10:29:19.046 [Thread-P1] INFO  com.mp3.desktop.Programme1 - Scan du repertoire : D:\ITU\S6\Mr Naina\Mp4\mp3-desktop\chanson
2026-06-22 10:29:19.055 [Thread-P1] INFO  com.mp3.desktop.Programme1 - Attente de 10000 ms avant le prochain scan...
2026-06-22 10:29:29.067 [Thread-P1] INFO  com.mp3.desktop.Programme1 - Scan du repertoire : D:\ITU\S6\Mr Naina\Mp4\mp3-desktop\chanson
2026-06-22 10:29:29.077 [Thread-P1] INFO  com.mp3.desktop.Programme1 - Attente de 10000 ms avant le prochain scan...
2026-06-22 10:29:39.080 [Thread-P1] INFO  com.mp3.desktop.Programme1 - Scan du repertoire : D:\ITU\S6\Mr Naina\Mp4\mp3-desktop\chanson
2026-06-22 10:29:39.094 [Thread-P1] INFO  com.mp3.desktop.Programme1 - Attente de 10000 ms avant le prochain scan...
2026-06-22 10:29:49.101 [Thread-P1] INFO  com.mp3.desktop.Programme1 - Scan du repertoire : D:\ITU\S6\Mr Naina\Mp4\mp3-desktop\chanson
2026-06-22 10:29:49.109 [Thread-P1] INFO  com.mp3.desktop.Programme1 - Attente de 10000 ms avant le prochain scan...
2026-06-22 10:29:59.123 [Thread-P1] INFO  com.mp3.desktop.Programme1 - Scan du repertoire : D:\ITU\S6\Mr Naina\Mp4\mp3-desktop\chanson
2026-06-22 10:29:59.136 [Thread-P1] INFO  com.mp3.desktop.Programme1 - Attente de 10000 ms avant le prochain scan...
2026-06-22 10:30:09.142 [Thread-P1] INFO  com.mp3.desktop.Programme1 - Scan du repertoire : D:\ITU\S6\Mr Naina\Mp4\mp3-desktop\chanson
2026-06-22 10:30:09.151 [Thread-P1] INFO  com.mp3.desktop.Programme1 - Attente de 10000 ms avant le prochain scan...
2026-06-22 10:30:19.165 [Thread-P1] INFO  com.mp3.desktop.Programme1 - Scan du repertoire : D:\ITU\S6\Mr Naina\Mp4\mp3-desktop\chanson
2026-06-22 10:30:19.177 [Thread-P1] INFO  com.mp3.desktop.Programme1 - Attente de 10000 ms avant le prochain scan...
2026-06-22 10:30:29.190 [Thread-P1] INFO  com.mp3.desktop.Programme1 - Scan du repertoire : D:\ITU\S6\Mr Naina\Mp4\mp3-desktop\chanson
2026-06-22 10:30:29.202 [Thread-P1] INFO  com.mp3.desktop.Programme1 - Attente de 10000 ms avant le prochain scan...
2026-06-22 10:30:39.204 [Thread-P1] INFO  com.mp3.desktop.Programme1 - Scan du repertoire : D:\ITU\S6\Mr Naina\Mp4\mp3-desktop\chanson
2026-06-22 10:30:39.215 [Thread-P1] INFO  com.mp3.desktop.Programme1 - Attente de 10000 ms avant le prochain scan...
2026-06-22 10:30:49.215 [Thread-P1] INFO  com.mp3.desktop.Programme1 - Scan du repertoire : D:\ITU\S6\Mr Naina\Mp4\mp3-desktop\chanson
2026-06-22 10:30:49.224 [Thread-P1] INFO  com.mp3.desktop.Programme1 - Attente de 10000 ms avant le prochain scan...
2026-06-22 10:30:59.240 [Thread-P1] INFO  com.mp3.desktop.Programme1 - Scan du repertoire : D:\ITU\S6\Mr Naina\Mp4\mp3-desktop\chanson
2026-06-22 10:30:59.252 [Thread-P1] INFO  com.mp3.desktop.Programme1 - Attente de 10000 ms avant le prochain scan...
2026-06-22 10:31:09.254 [Thread-P1] INFO  com.mp3.desktop.Programme1 - Scan du repertoire : D:\ITU\S6\Mr Naina\Mp4\mp3-desktop\chanson
2026-06-22 10:31:09.265 [Thread-P1] INFO  com.mp3.desktop.Programme1 - Attente de 10000 ms avant le prochain scan...
2026-06-22 10:31:19.280 [Thread-P1] INFO  com.mp3.desktop.Programme1 - Scan du repertoire : D:\ITU\S6\Mr Naina\Mp4\mp3-desktop\chanson
2026-06-22 10:31:19.287 [Thread-P1] INFO  com.mp3.desktop.Programme1 - Attente de 10000 ms avant le prochain scan...
2026-06-22 10:31:29.292 [Thread-P1] INFO  com.mp3.desktop.Programme1 - Scan du repertoire : D:\ITU\S6\Mr Naina\Mp4\mp3-desktop\chanson
2026-06-22 10:31:29.303 [Thread-P1] INFO  com.mp3.desktop.Programme1 - Attente de 10000 ms avant le prochain scan...
2026-06-22 10:31:39.316 [Thread-P1] INFO  com.mp3.desktop.Programme1 - Scan du repertoire : D:\ITU\S6\Mr Naina\Mp4\mp3-desktop\chanson
2026-06-22 10:31:39.329 [Thread-P1] INFO  com.mp3.desktop.Programme1 - Attente de 10000 ms avant le prochain scan...
2026-06-22 10:31:49.341 [Thread-P1] INFO  com.mp3.desktop.Programme1 - Scan du repertoire : D:\ITU\S6\Mr Naina\Mp4\mp3-desktop\chanson
2026-06-22 10:31:49.348 [Thread-P1] INFO  com.mp3.desktop.Programme1 - Attente de 10000 ms avant le prochain scan...
2026-06-22 10:31:59.352 [Thread-P1] INFO  com.mp3.desktop.Programme1 - Scan du repertoire : D:\ITU\S6\Mr Naina\Mp4\mp3-desktop\chanson
2026-06-22 10:32:01.211 [Thread-P1] INFO  com.mp3.desktop.Programme1 - Attente de 10000 ms avant le prochain scan...
2026-06-22 10:32:11.217 [Thread-P1] INFO  com.mp3.desktop.Programme1 - Scan du repertoire : D:\ITU\S6\Mr Naina\Mp4\mp3-desktop\chanson
2026-06-22 10:32:11.228 [Thread-P1] INFO  com.mp3.desktop.Programme1 - Attente de 10000 ms avant le prochain scan...
2026-06-22 10:32:21.238 [Thread-P1] INFO  com.mp3.desktop.Programme1 - Scan du repertoire : D:\ITU\S6\Mr Naina\Mp4\mp3-desktop\chanson
2026-06-22 10:32:21.248 [Thread-P1] INFO  com.mp3.desktop.Programme1 - Attente de 10000 ms avant le prochain scan...
2026-06-22 10:32:31.258 [Thread-P1] INFO  com.mp3.desktop.Programme1 - Scan du repertoire : D:\ITU\S6\Mr Naina\Mp4\mp3-desktop\chanson
2026-06-22 10:32:31.270 [Thread-P1] INFO  com.mp3.desktop.Programme1 - Attente de 10000 ms avant le prochain scan...
2026-06-22 10:32:41.282 [Thread-P1] INFO  com.mp3.desktop.Programme1 - Scan du repertoire : D:\ITU\S6\Mr Naina\Mp4\mp3-desktop\chanson
2026-06-22 10:32:41.293 [Thread-P1] INFO  com.mp3.desktop.Programme1 - Attente de 10000 ms avant le prochain scan...
2026-06-22 10:32:51.296 [Thread-P1] INFO  com.mp3.desktop.Programme1 - Scan du repertoire : D:\ITU\S6\Mr Naina\Mp4\mp3-desktop\chanson
2026-06-22 10:32:51.305 [Thread-P1] INFO  com.mp3.desktop.Programme1 - Attente de 10000 ms avant le prochain scan...
2026-06-22 10:33:01.320 [Thread-P1] INFO  com.mp3.desktop.Programme1 - Scan du repertoire : D:\ITU\S6\Mr Naina\Mp4\mp3-desktop\chanson
2026-06-22 10:33:01.330 [Thread-P1] INFO  com.mp3.desktop.Programme1 - Attente de 10000 ms avant le prochain scan...
2026-06-22 10:33:11.333 [Thread-P1] INFO  com.mp3.desktop.Programme1 - Scan du repertoire : D:\ITU\S6\Mr Naina\Mp4\mp3-desktop\chanson
2026-06-22 10:33:11.342 [Thread-P1] INFO  com.mp3.desktop.Programme1 - Attente de 10000 ms avant le prochain scan...
2026-06-22 10:33:21.344 [Thread-P1] INFO  com.mp3.desktop.Programme1 - Scan du repertoire : D:\ITU\S6\Mr Naina\Mp4\mp3-desktop\chanson
2026-06-22 10:33:21.354 [Thread-P1] INFO  com.mp3.desktop.Programme1 - Attente de 10000 ms avant le prochain scan...
2026-06-22 10:33:31.366 [Thread-P1] INFO  com.mp3.desktop.Programme1 - Scan du repertoire : D:\ITU\S6\Mr Naina\Mp4\mp3-desktop\chanson
2026-06-22 10:33:31.377 [Thread-P1] INFO  com.mp3.desktop.Programme1 - Attente de 10000 ms avant le prochain scan...
2026-06-22 10:33:41.388 [Thread-P1] INFO  com.mp3.desktop.Programme1 - Scan du repertoire : D:\ITU\S6\Mr Naina\Mp4\mp3-desktop\chanson
2026-06-22 10:33:41.396 [Thread-P1] INFO  com.mp3.desktop.Programme1 - Attente de 10000 ms avant le prochain scan...
2026-06-22 10:33:51.400 [Thread-P1] INFO  com.mp3.desktop.Programme1 - Scan du repertoire : D:\ITU\S6\Mr Naina\Mp4\mp3-desktop\chanson
2026-06-22 10:33:51.410 [Thread-P1] INFO  com.mp3.desktop.Programme1 - Attente de 10000 ms avant le prochain scan...
2026-06-22 10:34:01.419 [Thread-P1] INFO  com.mp3.desktop.Programme1 - Scan du repertoire : D:\ITU\S6\Mr Naina\Mp4\mp3-desktop\chanson
2026-06-22 10:34:01.428 [Thread-P1] INFO  com.mp3.desktop.Programme1 - Attente de 10000 ms avant le prochain scan...
2026-06-22 10:34:11.435 [Thread-P1] INFO  com.mp3.desktop.Programme1 - Scan du repertoire : D:\ITU\S6\Mr Naina\Mp4\mp3-desktop\chanson
2026-06-22 10:34:11.444 [Thread-P1] INFO  com.mp3.desktop.Programme1 - Attente de 10000 ms avant le prochain scan...
2026-06-22 10:34:21.446 [Thread-P1] INFO  com.mp3.desktop.Programme1 - Scan du repertoire : D:\ITU\S6\Mr Naina\Mp4\mp3-desktop\chanson
2026-06-22 10:34:21.456 [Thread-P1] INFO  com.mp3.desktop.Programme1 - Attente de 10000 ms avant le prochain scan...
2026-06-22 10:34:31.462 [Thread-P1] INFO  com.mp3.desktop.Programme1 - Scan du repertoire : D:\ITU\S6\Mr Naina\Mp4\mp3-desktop\chanson
2026-06-22 10:34:31.477 [Thread-P1] INFO  com.mp3.desktop.Programme1 - Attente de 10000 ms avant le prochain scan...
2026-06-22 10:34:41.487 [Thread-P1] INFO  com.mp3.desktop.Programme1 - Scan du repertoire : D:\ITU\S6\Mr Naina\Mp4\mp3-desktop\chanson
2026-06-22 10:34:41.522 [Thread-P1] INFO  com.mp3.desktop.Programme1 - Attente de 10000 ms avant le prochain scan...
2026-06-22 10:34:51.525 [Thread-P1] INFO  com.mp3.desktop.Programme1 - Scan du repertoire : D:\ITU\S6\Mr Naina\Mp4\mp3-desktop\chanson
2026-06-22 10:34:51.558 [Thread-P1] INFO  com.mp3.desktop.Programme1 - Attente de 10000 ms avant le prochain scan...
2026-06-22 10:35:01.561 [Thread-P1] INFO  com.mp3.desktop.Programme1 - Scan du repertoire : D:\ITU\S6\Mr Naina\Mp4\mp3-desktop\chanson
2026-06-22 10:35:01.588 [Thread-P1] INFO  com.mp3.desktop.Programme1 - Attente de 10000 ms avant le prochain scan...
2026-06-22 10:35:11.596 [Thread-P1] INFO  com.mp3.desktop.Programme1 - Scan du repertoire : D:\ITU\S6\Mr Naina\Mp4\mp3-desktop\chanson
2026-06-22 10:35:11.619 [Thread-P1] INFO  com.mp3.desktop.Programme1 - Attente de 10000 ms avant le prochain scan...
2026-06-22 10:35:21.621 [Thread-P1] INFO  com.mp3.desktop.Programme1 - Scan du repertoire : D:\ITU\S6\Mr Naina\Mp4\mp3-desktop\chanson
2026-06-22 10:35:21.649 [Thread-P1] INFO  com.mp3.desktop.Programme1 - Attente de 10000 ms avant le prochain scan...
2026-06-22 10:35:31.661 [Thread-P1] INFO  com.mp3.desktop.Programme1 - Scan du repertoire : D:\ITU\S6\Mr Naina\Mp4\mp3-desktop\chanson
2026-06-22 10:35:31.681 [Thread-P1] INFO  com.mp3.desktop.Programme1 - Attente de 10000 ms avant le prochain scan...
2026-06-22 10:35:41.683 [Thread-P1] INFO  com.mp3.desktop.Programme1 - Scan du repertoire : D:\ITU\S6\Mr Naina\Mp4\mp3-desktop\chanson
2026-06-22 10:35:41.701 [Thread-P1] INFO  com.mp3.desktop.Programme1 - Attente de 10000 ms avant le prochain scan...
2026-06-22 10:35:51.705 [Thread-P1] INFO  com.mp3.desktop.Programme1 - Scan du repertoire : D:\ITU\S6\Mr Naina\Mp4\mp3-desktop\chanson
2026-06-22 10:35:51.738 [Thread-P1] INFO  com.mp3.desktop.Programme1 - Attente de 10000 ms avant le prochain scan...
2026-06-22 10:36:01.739 [Thread-P1] INFO  com.mp3.desktop.Programme1 - Scan du repertoire : D:\ITU\S6\Mr Naina\Mp4\mp3-desktop\chanson
2026-06-22 10:36:01.764 [Thread-P1] INFO  com.mp3.desktop.Programme1 - Attente de 10000 ms avant le prochain scan...
2026-06-22 10:36:11.766 [Thread-P1] INFO  com.mp3.desktop.Programme1 - Scan du repertoire : D:\ITU\S6\Mr Naina\Mp4\mp3-desktop\chanson
2026-06-22 10:36:11.785 [Thread-P1] INFO  com.mp3.desktop.Programme1 - Attente de 10000 ms avant le prochain scan...
2026-06-22 10:36:21.791 [Thread-P1] INFO  com.mp3.desktop.Programme1 - Scan du repertoire : D:\ITU\S6\Mr Naina\Mp4\mp3-desktop\chanson
2026-06-22 10:36:21.799 [Thread-P1] INFO  com.mp3.desktop.Programme1 - Attente de 10000 ms avant le prochain scan...
2026-06-22 10:36:31.810 [Thread-P1] INFO  com.mp3.desktop.Programme1 - Scan du repertoire : D:\ITU\S6\Mr Naina\Mp4\mp3-desktop\chanson
2026-06-22 10:36:31.820 [Thread-P1] INFO  com.mp3.desktop.Programme1 - Attente de 10000 ms avant le prochain scan...
2026-06-22 10:36:41.828 [Thread-P1] INFO  com.mp3.desktop.Programme1 - Scan du repertoire : D:\ITU\S6\Mr Naina\Mp4\mp3-desktop\chanson
2026-06-22 10:36:41.848 [Thread-P1] INFO  com.mp3.desktop.Programme1 - Attente de 10000 ms avant le prochain scan...
2026-06-22 10:36:51.854 [Thread-P1] INFO  com.mp3.desktop.Programme1 - Scan du repertoire : D:\ITU\S6\Mr Naina\Mp4\mp3-desktop\chanson
2026-06-22 10:36:51.863 [Thread-P1] INFO  com.mp3.desktop.Programme1 - Attente de 10000 ms avant le prochain scan...
2026-06-22 10:37:01.870 [Thread-P1] INFO  com.mp3.desktop.Programme1 - Scan du repertoire : D:\ITU\S6\Mr Naina\Mp4\mp3-desktop\chanson
2026-06-22 10:37:01.879 [Thread-P1] INFO  com.mp3.desktop.Programme1 - Attente de 10000 ms avant le prochain scan...
2026-06-22 10:37:11.881 [Thread-P1] INFO  com.mp3.desktop.Programme1 - Scan du repertoire : D:\ITU\S6\Mr Naina\Mp4\mp3-desktop\chanson
2026-06-22 10:37:11.888 [Thread-P1] INFO  com.mp3.desktop.Programme1 - Attente de 10000 ms avant le prochain scan...
2026-06-22 10:37:21.891 [Thread-P1] INFO  com.mp3.desktop.Programme1 - Scan du repertoire : D:\ITU\S6\Mr Naina\Mp4\mp3-desktop\chanson
2026-06-22 10:37:21.899 [Thread-P1] INFO  com.mp3.desktop.Programme1 - Attente de 10000 ms avant le prochain scan...
2026-06-22 10:37:31.903 [Thread-P1] INFO  com.mp3.desktop.Programme1 - Scan du repertoire : D:\ITU\S6\Mr Naina\Mp4\mp3-desktop\chanson
2026-06-22 10:37:31.917 [Thread-P1] INFO  com.mp3.desktop.Programme1 - Attente de 10000 ms avant le prochain scan...
2026-06-22 10:37:41.931 [Thread-P1] INFO  com.mp3.desktop.Programme1 - Scan du repertoire : D:\ITU\S6\Mr Naina\Mp4\mp3-desktop\chanson
2026-06-22 10:37:41.943 [Thread-P1] INFO  com.mp3.desktop.Programme1 - Attente de 10000 ms avant le prochain scan...
2026-06-22 10:37:51.957 [Thread-P1] INFO  com.mp3.desktop.Programme1 - Scan du repertoire : D:\ITU\S6\Mr Naina\Mp4\mp3-desktop\chanson
2026-06-22 10:37:51.974 [Thread-P1] INFO  com.mp3.desktop.Programme1 - Attente de 10000 ms avant le prochain scan...
2026-06-22 10:38:01.985 [Thread-P1] INFO  com.mp3.desktop.Programme1 - Scan du repertoire : D:\ITU\S6\Mr Naina\Mp4\mp3-desktop\chanson
2026-06-22 10:38:01.993 [Thread-P1] INFO  com.mp3.desktop.Programme1 - Attente de 10000 ms avant le prochain scan...
2026-06-22 10:38:11.994 [Thread-P1] INFO  com.mp3.desktop.Programme1 - Scan du repertoire : D:\ITU\S6\Mr Naina\Mp4\mp3-desktop\chanson
2026-06-22 10:38:12.004 [Thread-P1] INFO  com.mp3.desktop.Programme1 - Attente de 10000 ms avant le prochain scan...
2026-06-22 10:38:22.019 [Thread-P1] INFO  com.mp3.desktop.Programme1 - Scan du repertoire : D:\ITU\S6\Mr Naina\Mp4\mp3-desktop\chanson
2026-06-22 10:38:22.028 [Thread-P1] INFO  com.mp3.desktop.Programme1 - Attente de 10000 ms avant le prochain scan...
2026-06-22 10:38:32.044 [Thread-P1] INFO  com.mp3.desktop.Programme1 - Scan du repertoire : D:\ITU\S6\Mr Naina\Mp4\mp3-desktop\chanson
2026-06-22 10:38:32.054 [Thread-P1] INFO  com.mp3.desktop.Programme1 - Attente de 10000 ms avant le prochain scan...
2026-06-22 10:38:42.058 [Thread-P1] INFO  com.mp3.desktop.Programme1 - Scan du repertoire : D:\ITU\S6\Mr Naina\Mp4\mp3-desktop\chanson
2026-06-22 10:38:42.069 [Thread-P1] INFO  com.mp3.desktop.Programme1 - Attente de 10000 ms avant le prochain scan...
2026-06-22 10:38:52.075 [Thread-P1] INFO  com.mp3.desktop.Programme1 - Scan du repertoire : D:\ITU\S6\Mr Naina\Mp4\mp3-desktop\chanson
2026-06-22 10:38:52.086 [Thread-P1] INFO  com.mp3.desktop.Programme1 - Attente de 10000 ms avant le prochain scan...
2026-06-22 10:39:02.100 [Thread-P1] INFO  com.mp3.desktop.Programme1 - Scan du repertoire : D:\ITU\S6\Mr Naina\Mp4\mp3-desktop\chanson
2026-06-22 10:39:02.109 [Thread-P1] INFO  com.mp3.desktop.Programme1 - Attente de 10000 ms avant le prochain scan...
2026-06-22 10:39:12.113 [Thread-P1] INFO  com.mp3.desktop.Programme1 - Scan du repertoire : D:\ITU\S6\Mr Naina\Mp4\mp3-desktop\chanson
2026-06-22 10:39:12.124 [Thread-P1] INFO  com.mp3.desktop.Programme1 - Attente de 10000 ms avant le prochain scan...
2026-06-22 10:39:22.125 [Thread-P1] INFO  com.mp3.desktop.Programme1 - Scan du repertoire : D:\ITU\S6\Mr Naina\Mp4\mp3-desktop\chanson
2026-06-22 10:39:22.133 [Thread-P1] INFO  com.mp3.desktop.Programme1 - Attente de 10000 ms avant le prochain scan...
2026-06-22 10:39:32.134 [Thread-P1] INFO  com.mp3.desktop.Programme1 - Scan du repertoire : D:\ITU\S6\Mr Naina\Mp4\mp3-desktop\chanson
2026-06-22 10:39:32.142 [Thread-P1] INFO  com.mp3.desktop.Programme1 - Attente de 10000 ms avant le prochain scan...
2026-06-22 10:39:42.147 [Thread-P1] INFO  com.mp3.desktop.Programme1 - Scan du repertoire : D:\ITU\S6\Mr Naina\Mp4\mp3-desktop\chanson
2026-06-22 10:39:42.154 [Thread-P1] INFO  com.mp3.desktop.Programme1 - Attente de 10000 ms avant le prochain scan...
2026-06-22 10:39:52.156 [Thread-P1] INFO  com.mp3.desktop.Programme1 - Scan du repertoire : D:\ITU\S6\Mr Naina\Mp4\mp3-desktop\chanson
2026-06-22 10:39:52.163 [Thread-P1] INFO  com.mp3.desktop.Programme1 - Attente de 10000 ms avant le prochain scan...
2026-06-22 10:40:02.167 [Thread-P1] INFO  com.mp3.desktop.Programme1 - Scan du repertoire : D:\ITU\S6\Mr Naina\Mp4\mp3-desktop\chanson
2026-06-22 10:40:02.176 [Thread-P1] INFO  com.mp3.desktop.Programme1 - Attente de 10000 ms avant le prochain scan...
2026-06-22 10:40:12.178 [Thread-P1] INFO  com.mp3.desktop.Programme1 - Scan du repertoire : D:\ITU\S6\Mr Naina\Mp4\mp3-desktop\chanson
2026-06-22 10:40:12.189 [Thread-P1] INFO  com.mp3.desktop.Programme1 - Attente de 10000 ms avant le prochain scan...
2026-06-22 10:40:22.199 [Thread-P1] INFO  com.mp3.desktop.Programme1 - Scan du repertoire : D:\ITU\S6\Mr Naina\Mp4\mp3-desktop\chanson
2026-06-22 10:40:22.206 [Thread-P1] INFO  com.mp3.desktop.Programme1 - Attente de 10000 ms avant le prochain scan...
2026-06-22 10:40:32.217 [Thread-P1] INFO  com.mp3.desktop.Programme1 - Scan du repertoire : D:\ITU\S6\Mr Naina\Mp4\mp3-desktop\chanson
2026-06-22 10:40:32.224 [Thread-P1] INFO  com.mp3.desktop.Programme1 - Attente de 10000 ms avant le prochain scan...
2026-06-22 10:40:42.227 [Thread-P1] INFO  com.mp3.desktop.Programme1 - Scan du repertoire : D:\ITU\S6\Mr Naina\Mp4\mp3-desktop\chanson
2026-06-22 10:40:42.235 [Thread-P1] INFO  com.mp3.desktop.Programme1 - Attente de 10000 ms avant le prochain scan...
2026-06-22 10:40:52.240 [Thread-P1] INFO  com.mp3.desktop.Programme1 - Scan du repertoire : D:\ITU\S6\Mr Naina\Mp4\mp3-desktop\chanson
2026-06-22 10:40:52.247 [Thread-P1] INFO  com.mp3.desktop.Programme1 - Attente de 10000 ms avant le prochain scan...
2026-06-22 10:41:02.255 [Thread-P1] INFO  com.mp3.desktop.Programme1 - Scan du repertoire : D:\ITU\S6\Mr Naina\Mp4\mp3-desktop\chanson
2026-06-22 10:41:02.262 [Thread-P1] INFO  com.mp3.desktop.Programme1 - Attente de 10000 ms avant le prochain scan...
2026-06-22 10:41:12.271 [Thread-P1] INFO  com.mp3.desktop.Programme1 - Scan du repertoire : D:\ITU\S6\Mr Naina\Mp4\mp3-desktop\chanson
2026-06-22 10:41:12.299 [Thread-P1] INFO  com.mp3.desktop.Programme1 - Attente de 10000 ms avant le prochain scan...
2026-06-22 10:41:22.306 [Thread-P1] INFO  com.mp3.desktop.Programme1 - Scan du repertoire : D:\ITU\S6\Mr Naina\Mp4\mp3-desktop\chanson
2026-06-22 10:41:22.318 [Thread-P1] INFO  com.mp3.desktop.Programme1 - Attente de 10000 ms avant le prochain scan...
2026-06-22 10:41:32.329 [Thread-P1] INFO  com.mp3.desktop.Programme1 - Scan du repertoire : D:\ITU\S6\Mr Naina\Mp4\mp3-desktop\chanson
2026-06-22 10:41:32.340 [Thread-P1] INFO  com.mp3.desktop.Programme1 - Attente de 10000 ms avant le prochain scan...
2026-06-22 10:41:42.346 [Thread-P1] INFO  com.mp3.desktop.Programme1 - Scan du repertoire : D:\ITU\S6\Mr Naina\Mp4\mp3-desktop\chanson
2026-06-22 10:41:42.359 [Thread-P1] INFO  com.mp3.desktop.Programme1 - Attente de 10000 ms avant le prochain scan...
2026-06-22 10:41:52.373 [Thread-P1] INFO  com.mp3.desktop.Programme1 - Scan du repertoire : D:\ITU\S6\Mr Naina\Mp4\mp3-desktop\chanson
2026-06-22 10:41:52.385 [Thread-P1] INFO  com.mp3.desktop.Programme1 - Attente de 10000 ms avant le prochain scan...
2026-06-22 10:42:02.386 [Thread-P1] INFO  com.mp3.desktop.Programme1 - Scan du repertoire : D:\ITU\S6\Mr Naina\Mp4\mp3-desktop\chanson
2026-06-22 10:42:02.393 [Thread-P1] INFO  com.mp3.desktop.Programme1 - Attente de 10000 ms avant le prochain scan...
2026-06-22 10:42:12.395 [Thread-P1] INFO  com.mp3.desktop.Programme1 - Scan du repertoire : D:\ITU\S6\Mr Naina\Mp4\mp3-desktop\chanson
2026-06-22 10:42:12.407 [Thread-P1] INFO  com.mp3.desktop.Programme1 - Attente de 10000 ms avant le prochain scan...
2026-06-22 10:42:22.410 [Thread-P1] INFO  com.mp3.desktop.Programme1 - Scan du repertoire : D:\ITU\S6\Mr Naina\Mp4\mp3-desktop\chanson
2026-06-22 10:42:22.418 [Thread-P1] INFO  com.mp3.desktop.Programme1 - Attente de 10000 ms avant le prochain scan...
2026-06-22 10:42:32.423 [Thread-P1] INFO  com.mp3.desktop.Programme1 - Scan du repertoire : D:\ITU\S6\Mr Naina\Mp4\mp3-desktop\chanson
2026-06-22 10:42:32.432 [Thread-P1] INFO  com.mp3.desktop.Programme1 - Attente de 10000 ms avant le prochain scan...
2026-06-22 10:42:42.444 [Thread-P1] INFO  com.mp3.desktop.Programme1 - Scan du repertoire : D:\ITU\S6\Mr Naina\Mp4\mp3-desktop\chanson
2026-06-22 10:42:42.452 [Thread-P1] INFO  com.mp3.desktop.Programme1 - Attente de 10000 ms avant le prochain scan...
2026-06-22 10:42:52.456 [Thread-P1] INFO  com.mp3.desktop.Programme1 - Scan du repertoire : D:\ITU\S6\Mr Naina\Mp4\mp3-desktop\chanson
2026-06-22 10:42:52.467 [Thread-P1] INFO  com.mp3.desktop.Programme1 - Attente de 10000 ms avant le prochain scan...
2026-06-22 10:43:02.468 [Thread-P1] INFO  com.mp3.desktop.Programme1 - Scan du repertoire : D:\ITU\S6\Mr Naina\Mp4\mp3-desktop\chanson
2026-06-22 10:43:02.478 [Thread-P1] INFO  com.mp3.desktop.Programme1 - Attente de 10000 ms avant le prochain scan...
2026-06-22 10:43:12.486 [Thread-P1] INFO  com.mp3.desktop.Programme1 - Scan du repertoire : D:\ITU\S6\Mr Naina\Mp4\mp3-desktop\chanson
2026-06-22 10:43:12.496 [Thread-P1] INFO  com.mp3.desktop.Programme1 - Attente de 10000 ms avant le prochain scan...
2026-06-22 10:43:22.498 [Thread-P1] INFO  com.mp3.desktop.Programme1 - Scan du repertoire : D:\ITU\S6\Mr Naina\Mp4\mp3-desktop\chanson
2026-06-22 10:43:22.508 [Thread-P1] INFO  com.mp3.desktop.Programme1 - Attente de 10000 ms avant le prochain scan...
2026-06-22 10:43:32.510 [Thread-P1] INFO  com.mp3.desktop.Programme1 - Scan du repertoire : D:\ITU\S6\Mr Naina\Mp4\mp3-desktop\chanson
2026-06-22 10:43:32.522 [Thread-P1] INFO  com.mp3.desktop.Programme1 - Attente de 10000 ms avant le prochain scan...
2026-06-22 10:43:42.527 [Thread-P1] INFO  com.mp3.desktop.Programme1 - Scan du repertoire : D:\ITU\S6\Mr Naina\Mp4\mp3-desktop\chanson
2026-06-22 10:43:42.535 [Thread-P1] INFO  com.mp3.desktop.Programme1 - Attente de 10000 ms avant le prochain scan...
2026-06-22 10:43:52.548 [Thread-P1] INFO  com.mp3.desktop.Programme1 - Scan du repertoire : D:\ITU\S6\Mr Naina\Mp4\mp3-desktop\chanson
2026-06-22 10:43:52.555 [Thread-P1] INFO  com.mp3.desktop.Programme1 - Attente de 10000 ms avant le prochain scan...
2026-06-22 10:44:02.569 [Thread-P1] INFO  com.mp3.desktop.Programme1 - Scan du repertoire : D:\ITU\S6\Mr Naina\Mp4\mp3-desktop\chanson
2026-06-22 10:44:02.580 [Thread-P1] INFO  com.mp3.desktop.Programme1 - Attente de 10000 ms avant le prochain scan...
2026-06-22 10:44:12.582 [Thread-P1] INFO  com.mp3.desktop.Programme1 - Scan du repertoire : D:\ITU\S6\Mr Naina\Mp4\mp3-desktop\chanson
2026-06-22 10:44:12.592 [Thread-P1] INFO  com.mp3.desktop.Programme1 - Attente de 10000 ms avant le prochain scan...
2026-06-22 10:44:22.602 [Thread-P1] INFO  com.mp3.desktop.Programme1 - Scan du repertoire : D:\ITU\S6\Mr Naina\Mp4\mp3-desktop\chanson
2026-06-22 10:44:22.609 [Thread-P1] INFO  com.mp3.desktop.Programme1 - Attente de 10000 ms avant le prochain scan...
2026-06-22 10:44:32.625 [Thread-P1] INFO  com.mp3.desktop.Programme1 - Scan du repertoire : D:\ITU\S6\Mr Naina\Mp4\mp3-desktop\chanson
2026-06-22 10:44:32.636 [Thread-P1] INFO  com.mp3.desktop.Programme1 - Attente de 10000 ms avant le prochain scan...
2026-06-22 10:44:42.639 [Thread-P1] INFO  com.mp3.desktop.Programme1 - Scan du repertoire : D:\ITU\S6\Mr Naina\Mp4\mp3-desktop\chanson
2026-06-22 10:44:42.654 [Thread-P1] INFO  com.mp3.desktop.Programme1 - Attente de 10000 ms avant le prochain scan...
2026-06-22 15:09:50.095 [Thread-P1] INFO  com.mp3.desktop.Programme1 - === Demarrage du Programme 1 ===
2026-06-22 15:09:50.099 [Thread-P1] INFO  com.mp3.desktop.Programme1 - Scan du repertoire : D:\ITU\S6\Mr Naina\Mp4\mp3-desktop\chanson
2026-06-22 15:09:50.126 [Thread-P1] INFO  com.mp3.desktop.Programme1 - Attente de 10000 ms avant le prochain scan...
2026-06-22 15:10:00.132 [Thread-P1] INFO  com.mp3.desktop.Programme1 - Scan du repertoire : D:\ITU\S6\Mr Naina\Mp4\mp3-desktop\chanson
2026-06-22 15:10:00.144 [Thread-P1] INFO  com.mp3.desktop.Programme1 - Attente de 10000 ms avant le prochain scan...
2026-06-22 15:10:10.158 [Thread-P1] INFO  com.mp3.desktop.Programme1 - Scan du repertoire : D:\ITU\S6\Mr Naina\Mp4\mp3-desktop\chanson
2026-06-22 15:10:10.171 [Thread-P1] INFO  com.mp3.desktop.Programme1 - Attente de 10000 ms avant le prochain scan...
2026-06-22 15:10:20.187 [Thread-P1] INFO  com.mp3.desktop.Programme1 - Scan du repertoire : D:\ITU\S6\Mr Naina\Mp4\mp3-desktop\chanson
2026-06-22 15:10:20.204 [Thread-P1] INFO  com.mp3.desktop.Programme1 - Attente de 10000 ms avant le prochain scan...
2026-06-22 15:10:30.214 [Thread-P1] INFO  com.mp3.desktop.Programme1 - Scan du repertoire : D:\ITU\S6\Mr Naina\Mp4\mp3-desktop\chanson
2026-06-22 15:10:30.228 [Thread-P1] INFO  com.mp3.desktop.Programme1 - Attente de 10000 ms avant le prochain scan...
2026-06-22 15:10:40.239 [Thread-P1] INFO  com.mp3.desktop.Programme1 - Scan du repertoire : D:\ITU\S6\Mr Naina\Mp4\mp3-desktop\chanson
2026-06-22 15:10:40.260 [Thread-P1] INFO  com.mp3.desktop.Programme1 - Attente de 10000 ms avant le prochain scan...
2026-06-22 15:10:50.272 [Thread-P1] INFO  com.mp3.desktop.Programme1 - Scan du repertoire : D:\ITU\S6\Mr Naina\Mp4\mp3-desktop\chanson
2026-06-22 15:10:50.283 [Thread-P1] INFO  com.mp3.desktop.Programme1 - Attente de 10000 ms avant le prochain scan...
2026-06-22 15:11:00.297 [Thread-P1] INFO  com.mp3.desktop.Programme1 - Scan du repertoire : D:\ITU\S6\Mr Naina\Mp4\mp3-desktop\chanson
2026-06-22 15:11:00.322 [Thread-P1] INFO  com.mp3.desktop.Programme1 - Attente de 10000 ms avant le prochain scan...
2026-06-22 15:11:10.330 [Thread-P1] INFO  com.mp3.desktop.Programme1 - Scan du repertoire : D:\ITU\S6\Mr Naina\Mp4\mp3-desktop\chanson
2026-06-22 15:11:10.350 [Thread-P1] INFO  com.mp3.desktop.Programme1 - Attente de 10000 ms avant le prochain scan...
2026-06-22 15:11:20.357 [Thread-P1] INFO  com.mp3.desktop.Programme1 - Scan du repertoire : D:\ITU\S6\Mr Naina\Mp4\mp3-desktop\chanson
2026-06-22 15:11:20.371 [Thread-P1] INFO  com.mp3.desktop.Programme1 - Attente de 10000 ms avant le prochain scan...
2026-06-22 15:11:30.381 [Thread-P1] INFO  com.mp3.desktop.Programme1 - Scan du repertoire : D:\ITU\S6\Mr Naina\Mp4\mp3-desktop\chanson
2026-06-22 15:11:30.397 [Thread-P1] INFO  com.mp3.desktop.Programme1 - Attente de 10000 ms avant le prochain scan...
2026-06-22 15:11:40.405 [Thread-P1] INFO  com.mp3.desktop.Programme1 - Scan du repertoire : D:\ITU\S6\Mr Naina\Mp4\mp3-desktop\chanson
2026-06-22 15:11:40.422 [Thread-P1] INFO  com.mp3.desktop.Programme1 - Attente de 10000 ms avant le prochain scan...
2026-06-22 15:11:50.437 [Thread-P1] INFO  com.mp3.desktop.Programme1 - Scan du repertoire : D:\ITU\S6\Mr Naina\Mp4\mp3-desktop\chanson
2026-06-22 15:11:50.454 [Thread-P1] INFO  com.mp3.desktop.Programme1 - Attente de 10000 ms avant le prochain scan...
2026-06-22 15:12:00.468 [Thread-P1] INFO  com.mp3.desktop.Programme1 - Scan du repertoire : D:\ITU\S6\Mr Naina\Mp4\mp3-desktop\chanson
2026-06-22 15:12:00.483 [Thread-P1] INFO  com.mp3.desktop.Programme1 - Attente de 10000 ms avant le prochain scan...
2026-06-22 15:12:10.490 [Thread-P1] INFO  com.mp3.desktop.Programme1 - Scan du repertoire : D:\ITU\S6\Mr Naina\Mp4\mp3-desktop\chanson
2026-06-22 15:12:10.520 [Thread-P1] INFO  com.mp3.desktop.Programme1 - Attente de 10000 ms avant le prochain scan...
2026-06-22 15:12:20.530 [Thread-P1] INFO  com.mp3.desktop.Programme1 - Scan du repertoire : D:\ITU\S6\Mr Naina\Mp4\mp3-desktop\chanson
2026-06-22 15:12:20.543 [Thread-P1] INFO  com.mp3.desktop.Programme1 - Attente de 10000 ms avant le prochain scan...
2026-06-22 15:12:30.547 [Thread-P1] INFO  com.mp3.desktop.Programme1 - Scan du repertoire : D:\ITU\S6\Mr Naina\Mp4\mp3-desktop\chanson
2026-06-22 15:12:30.556 [Thread-P1] INFO  com.mp3.desktop.Programme1 - Attente de 10000 ms avant le prochain scan...
2026-06-22 15:12:40.563 [Thread-P1] INFO  com.mp3.desktop.Programme1 - Scan du repertoire : D:\ITU\S6\Mr Naina\Mp4\mp3-desktop\chanson
2026-06-22 15:12:40.573 [Thread-P1] INFO  com.mp3.desktop.Programme1 - Attente de 10000 ms avant le prochain scan...
2026-06-22 15:12:50.593 [Thread-P1] INFO  com.mp3.desktop.Programme1 - Scan du repertoire : D:\ITU\S6\Mr Naina\Mp4\mp3-desktop\chanson
2026-06-22 15:12:50.704 [Thread-P1] INFO  com.mp3.desktop.Programme1 - Attente de 10000 ms avant le prochain scan...
2026-06-22 15:13:00.710 [Thread-P1] INFO  com.mp3.desktop.Programme1 - Scan du repertoire : D:\ITU\S6\Mr Naina\Mp4\mp3-desktop\chanson
2026-06-22 15:13:00.726 [Thread-P1] INFO  com.mp3.desktop.Programme1 - Attente de 10000 ms avant le prochain scan...
2026-06-22 15:13:10.733 [Thread-P1] INFO  com.mp3.desktop.Programme1 - Scan du repertoire : D:\ITU\S6\Mr Naina\Mp4\mp3-desktop\chanson
2026-06-22 15:13:10.750 [Thread-P1] INFO  com.mp3.desktop.Programme1 - Attente de 10000 ms avant le prochain scan...
2026-06-22 15:13:20.764 [Thread-P1] INFO  com.mp3.desktop.Programme1 - Scan du repertoire : D:\ITU\S6\Mr Naina\Mp4\mp3-desktop\chanson
2026-06-22 15:13:20.776 [Thread-P1] INFO  com.mp3.desktop.Programme1 - Attente de 10000 ms avant le prochain scan...
2026-06-22 15:13:30.780 [Thread-P1] INFO  com.mp3.desktop.Programme1 - Scan du repertoire : D:\ITU\S6\Mr Naina\Mp4\mp3-desktop\chanson
2026-06-22 15:13:30.790 [Thread-P1] INFO  com.mp3.desktop.Programme1 - Attente de 10000 ms avant le prochain scan...
2026-06-22 15:13:40.804 [Thread-P1] INFO  com.mp3.desktop.Programme1 - Scan du repertoire : D:\ITU\S6\Mr Naina\Mp4\mp3-desktop\chanson
2026-06-22 15:13:40.839 [Thread-P1] INFO  com.mp3.desktop.Programme1 - Attente de 10000 ms avant le prochain scan...
2026-06-22 15:13:50.850 [Thread-P1] INFO  com.mp3.desktop.Programme1 - Scan du repertoire : D:\ITU\S6\Mr Naina\Mp4\mp3-desktop\chanson
2026-06-22 15:13:50.858 [Thread-P1] INFO  com.mp3.desktop.Programme1 - Attente de 10000 ms avant le prochain scan...
2026-06-22 15:14:00.864 [Thread-P1] INFO  com.mp3.desktop.Programme1 - Scan du repertoire : D:\ITU\S6\Mr Naina\Mp4\mp3-desktop\chanson
2026-06-22 15:14:00.867 [Thread-P1] INFO  com.mp3.desktop.Programme1 - Attente de 10000 ms avant le prochain scan...
2026-06-22 15:14:10.889 [Thread-P1] INFO  com.mp3.desktop.Programme1 - Scan du repertoire : D:\ITU\S6\Mr Naina\Mp4\mp3-desktop\chanson
2026-06-22 15:14:10.913 [Thread-P1] INFO  com.mp3.desktop.Programme1 - Attente de 10000 ms avant le prochain scan...
2026-06-22 15:14:20.919 [Thread-P1] INFO  com.mp3.desktop.Programme1 - Scan du repertoire : D:\ITU\S6\Mr Naina\Mp4\mp3-desktop\chanson
2026-06-22 15:14:20.943 [Thread-P1] INFO  com.mp3.desktop.Programme1 - Attente de 10000 ms avant le prochain scan...
2026-06-22 15:14:30.952 [Thread-P1] INFO  com.mp3.desktop.Programme1 - Scan du repertoire : D:\ITU\S6\Mr Naina\Mp4\mp3-desktop\chanson
2026-06-22 15:14:30.973 [Thread-P1] INFO  com.mp3.desktop.Programme1 - Attente de 10000 ms avant le prochain scan...
2026-06-22 15:14:40.983 [Thread-P1] INFO  com.mp3.desktop.Programme1 - Scan du repertoire : D:\ITU\S6\Mr Naina\Mp4\mp3-desktop\chanson
2026-06-22 15:14:40.989 [Thread-P1] INFO  com.mp3.desktop.Programme1 - Attente de 10000 ms avant le prochain scan...
2026-06-22 15:14:50.995 [Thread-P1] INFO  com.mp3.desktop.Programme1 - Scan du repertoire : D:\ITU\S6\Mr Naina\Mp4\mp3-desktop\chanson
2026-06-22 15:14:51.013 [Thread-P1] INFO  com.mp3.desktop.Programme1 - Attente de 10000 ms avant le prochain scan...
2026-06-22 15:15:01.023 [Thread-P1] INFO  com.mp3.desktop.Programme1 - Scan du repertoire : D:\ITU\S6\Mr Naina\Mp4\mp3-desktop\chanson
2026-06-22 15:15:01.029 [Thread-P1] INFO  com.mp3.desktop.Programme1 - Attente de 10000 ms avant le prochain scan...
2026-06-22 15:15:11.038 [Thread-P1] INFO  com.mp3.desktop.Programme1 - Scan du repertoire : D:\ITU\S6\Mr Naina\Mp4\mp3-desktop\chanson
2026-06-22 15:15:11.043 [Thread-P1] INFO  com.mp3.desktop.Programme1 - Attente de 10000 ms avant le prochain scan...
2026-06-22 15:15:21.053 [Thread-P1] INFO  com.mp3.desktop.Programme1 - Scan du repertoire : D:\ITU\S6\Mr Naina\Mp4\mp3-desktop\chanson
2026-06-22 15:15:21.064 [Thread-P1] INFO  com.mp3.desktop.Programme1 - Attente de 10000 ms avant le prochain scan...
2026-06-22 15:15:31.071 [Thread-P1] INFO  com.mp3.desktop.Programme1 - Scan du repertoire : D:\ITU\S6\Mr Naina\Mp4\mp3-desktop\chanson
2026-06-22 15:15:31.079 [Thread-P1] INFO  com.mp3.desktop.Programme1 - Attente de 10000 ms avant le prochain scan...
2026-06-22 15:15:41.086 [Thread-P1] INFO  com.mp3.desktop.Programme1 - Scan du repertoire : D:\ITU\S6\Mr Naina\Mp4\mp3-desktop\chanson
2026-06-22 15:15:41.093 [Thread-P1] INFO  com.mp3.desktop.Programme1 - Attente de 10000 ms avant le prochain scan...
2026-06-22 15:15:51.098 [Thread-P1] INFO  com.mp3.desktop.Programme1 - Scan du repertoire : D:\ITU\S6\Mr Naina\Mp4\mp3-desktop\chanson
2026-06-22 15:15:51.103 [Thread-P1] INFO  com.mp3.desktop.Programme1 - Attente de 10000 ms avant le prochain scan...
2026-06-22 15:16:01.117 [Thread-P1] INFO  com.mp3.desktop.Programme1 - Scan du repertoire : D:\ITU\S6\Mr Naina\Mp4\mp3-desktop\chanson
2026-06-22 15:16:01.126 [Thread-P1] INFO  com.mp3.desktop.Programme1 - Attente de 10000 ms avant le prochain scan...
2026-06-22 15:16:11.129 [Thread-P1] INFO  com.mp3.desktop.Programme1 - Scan du repertoire : D:\ITU\S6\Mr Naina\Mp4\mp3-desktop\chanson
2026-06-22 15:16:11.133 [Thread-P1] INFO  com.mp3.desktop.Programme1 - Attente de 10000 ms avant le prochain scan...
2026-06-22 15:16:21.142 [Thread-P1] INFO  com.mp3.desktop.Programme1 - Scan du repertoire : D:\ITU\S6\Mr Naina\Mp4\mp3-desktop\chanson
2026-06-22 15:16:21.150 [Thread-P1] INFO  com.mp3.desktop.Programme1 - Attente de 10000 ms avant le prochain scan...
2026-06-22 15:16:31.153 [Thread-P1] INFO  com.mp3.desktop.Programme1 - Scan du repertoire : D:\ITU\S6\Mr Naina\Mp4\mp3-desktop\chanson
2026-06-22 15:16:31.179 [Thread-P1] INFO  com.mp3.desktop.Programme1 - Attente de 10000 ms avant le prochain scan...
2026-06-22 15:16:41.184 [Thread-P1] INFO  com.mp3.desktop.Programme1 - Scan du repertoire : D:\ITU\S6\Mr Naina\Mp4\mp3-desktop\chanson
2026-06-22 15:16:41.195 [Thread-P1] INFO  com.mp3.desktop.Programme1 - Attente de 10000 ms avant le prochain scan...
2026-06-22 15:16:51.198 [Thread-P1] INFO  com.mp3.desktop.Programme1 - Scan du repertoire : D:\ITU\S6\Mr Naina\Mp4\mp3-desktop\chanson
2026-06-22 15:16:51.203 [Thread-P1] INFO  com.mp3.desktop.Programme1 - Attente de 10000 ms avant le prochain scan...
2026-06-22 15:17:01.210 [Thread-P1] INFO  com.mp3.desktop.Programme1 - Scan du repertoire : D:\ITU\S6\Mr Naina\Mp4\mp3-desktop\chanson
2026-06-22 15:17:01.220 [Thread-P1] INFO  com.mp3.desktop.Programme1 - Attente de 10000 ms avant le prochain scan...
2026-06-22 15:17:11.236 [Thread-P1] INFO  com.mp3.desktop.Programme1 - Scan du repertoire : D:\ITU\S6\Mr Naina\Mp4\mp3-desktop\chanson
2026-06-22 15:17:11.243 [Thread-P1] INFO  com.mp3.desktop.Programme1 - Attente de 10000 ms avant le prochain scan...
2026-06-22 15:17:21.260 [Thread-P1] INFO  com.mp3.desktop.Programme1 - Scan du repertoire : D:\ITU\S6\Mr Naina\Mp4\mp3-desktop\chanson
2026-06-22 15:17:21.267 [Thread-P1] INFO  com.mp3.desktop.Programme1 - Attente de 10000 ms avant le prochain scan...
2026-06-22 15:17:31.276 [Thread-P1] INFO  com.mp3.desktop.Programme1 - Scan du repertoire : D:\ITU\S6\Mr Naina\Mp4\mp3-desktop\chanson
2026-06-22 15:17:31.300 [Thread-P1] INFO  com.mp3.desktop.Programme1 - Attente de 10000 ms avant le prochain scan...
2026-06-22 15:17:41.305 [Thread-P1] INFO  com.mp3.desktop.Programme1 - Scan du repertoire : D:\ITU\S6\Mr Naina\Mp4\mp3-desktop\chanson
2026-06-22 15:17:41.313 [Thread-P1] INFO  com.mp3.desktop.Programme1 - Attente de 10000 ms avant le prochain scan...
2026-06-22 15:17:51.320 [Thread-P1] INFO  com.mp3.desktop.Programme1 - Scan du repertoire : D:\ITU\S6\Mr Naina\Mp4\mp3-desktop\chanson
2026-06-22 15:17:51.330 [Thread-P1] INFO  com.mp3.desktop.Programme1 - Attente de 10000 ms avant le prochain scan...
2026-06-22 15:18:01.332 [Thread-P1] INFO  com.mp3.desktop.Programme1 - Scan du repertoire : D:\ITU\S6\Mr Naina\Mp4\mp3-desktop\chanson
2026-06-22 15:18:01.337 [Thread-P1] INFO  com.mp3.desktop.Programme1 - Attente de 10000 ms avant le prochain scan...
2026-06-22 15:18:11.348 [Thread-P1] INFO  com.mp3.desktop.Programme1 - Scan du repertoire : D:\ITU\S6\Mr Naina\Mp4\mp3-desktop\chanson
2026-06-22 15:18:11.359 [Thread-P1] INFO  com.mp3.desktop.Programme1 - Attente de 10000 ms avant le prochain scan...
2026-06-22 15:18:21.362 [Thread-P1] INFO  com.mp3.desktop.Programme1 - Scan du repertoire : D:\ITU\S6\Mr Naina\Mp4\mp3-desktop\chanson
2026-06-22 15:18:21.379 [Thread-P1] INFO  com.mp3.desktop.Programme1 - Attente de 10000 ms avant le prochain scan...
2026-06-22 15:18:31.390 [Thread-P1] INFO  com.mp3.desktop.Programme1 - Scan du repertoire : D:\ITU\S6\Mr Naina\Mp4\mp3-desktop\chanson
2026-06-22 15:18:31.400 [Thread-P1] INFO  com.mp3.desktop.Programme1 - Attente de 10000 ms avant le prochain scan...
2026-06-22 15:18:41.405 [Thread-P1] INFO  com.mp3.desktop.Programme1 - Scan du repertoire : D:\ITU\S6\Mr Naina\Mp4\mp3-desktop\chanson
2026-06-22 15:18:41.418 [Thread-P1] INFO  com.mp3.desktop.Programme1 - Attente de 10000 ms avant le prochain scan...
2026-06-22 15:18:51.426 [Thread-P1] INFO  com.mp3.desktop.Programme1 - Scan du repertoire : D:\ITU\S6\Mr Naina\Mp4\mp3-desktop\chanson
2026-06-22 15:18:51.442 [Thread-P1] INFO  com.mp3.desktop.Programme1 - Attente de 10000 ms avant le prochain scan...
2026-06-22 15:19:01.455 [Thread-P1] INFO  com.mp3.desktop.Programme1 - Scan du repertoire : D:\ITU\S6\Mr Naina\Mp4\mp3-desktop\chanson
2026-06-22 15:19:01.463 [Thread-P1] INFO  com.mp3.desktop.Programme1 - Attente de 10000 ms avant le prochain scan...
2026-06-22 15:19:11.469 [Thread-P1] INFO  com.mp3.desktop.Programme1 - Scan du repertoire : D:\ITU\S6\Mr Naina\Mp4\mp3-desktop\chanson
2026-06-22 15:19:11.482 [Thread-P1] INFO  com.mp3.desktop.Programme1 - Attente de 10000 ms avant le prochain scan...
2026-06-22 15:19:21.501 [Thread-P1] INFO  com.mp3.desktop.Programme1 - Scan du repertoire : D:\ITU\S6\Mr Naina\Mp4\mp3-desktop\chanson
2026-06-22 15:19:21.582 [Thread-P1] INFO  com.mp3.desktop.Programme1 - Attente de 10000 ms avant le prochain scan...
2026-06-22 15:19:31.594 [Thread-P1] INFO  com.mp3.desktop.Programme1 - Scan du repertoire : D:\ITU\S6\Mr Naina\Mp4\mp3-desktop\chanson
2026-06-22 15:19:31.613 [Thread-P1] INFO  com.mp3.desktop.Programme1 - Attente de 10000 ms avant le prochain scan...
2026-06-22 15:19:41.621 [Thread-P1] INFO  com.mp3.desktop.Programme1 - Scan du repertoire : D:\ITU\S6\Mr Naina\Mp4\mp3-desktop\chanson
2026-06-22 15:19:41.650 [Thread-P1] INFO  com.mp3.desktop.Programme1 - Attente de 10000 ms avant le prochain scan...
2026-06-22 15:19:51.664 [Thread-P1] INFO  com.mp3.desktop.Programme1 - Scan du repertoire : D:\ITU\S6\Mr Naina\Mp4\mp3-desktop\chanson
2026-06-22 15:19:51.675 [Thread-P1] INFO  com.mp3.desktop.Programme1 - Attente de 10000 ms avant le prochain scan...
2026-06-22 15:20:01.682 [Thread-P1] INFO  com.mp3.desktop.Programme1 - Scan du repertoire : D:\ITU\S6\Mr Naina\Mp4\mp3-desktop\chanson
2026-06-22 15:20:01.697 [Thread-P1] INFO  com.mp3.desktop.Programme1 - Attente de 10000 ms avant le prochain scan...
2026-06-22 15:20:11.699 [Thread-P1] INFO  com.mp3.desktop.Programme1 - Scan du repertoire : D:\ITU\S6\Mr Naina\Mp4\mp3-desktop\chanson
2026-06-22 15:20:11.713 [Thread-P1] INFO  com.mp3.desktop.Programme1 - Attente de 10000 ms avant le prochain scan...
2026-06-22 15:20:21.714 [Thread-P1] INFO  com.mp3.desktop.Programme1 - Scan du repertoire : D:\ITU\S6\Mr Naina\Mp4\mp3-desktop\chanson
2026-06-22 15:20:21.721 [Thread-P1] INFO  com.mp3.desktop.Programme1 - Attente de 10000 ms avant le prochain scan...
2026-06-22 15:20:31.725 [Thread-P1] INFO  com.mp3.desktop.Programme1 - Scan du repertoire : D:\ITU\S6\Mr Naina\Mp4\mp3-desktop\chanson
2026-06-22 15:20:31.736 [Thread-P1] INFO  com.mp3.desktop.Programme1 - Attente de 10000 ms avant le prochain scan...
2026-06-22 15:20:41.746 [Thread-P1] INFO  com.mp3.desktop.Programme1 - Scan du repertoire : D:\ITU\S6\Mr Naina\Mp4\mp3-desktop\chanson
2026-06-22 15:20:41.755 [Thread-P1] INFO  com.mp3.desktop.Programme1 - Attente de 10000 ms avant le prochain scan...
2026-06-22 15:20:51.768 [Thread-P1] INFO  com.mp3.desktop.Programme1 - Scan du repertoire : D:\ITU\S6\Mr Naina\Mp4\mp3-desktop\chanson
2026-06-22 15:20:51.776 [Thread-P1] INFO  com.mp3.desktop.Programme1 - Attente de 10000 ms avant le prochain scan...
2026-06-22 15:21:01.782 [Thread-P1] INFO  com.mp3.desktop.Programme1 - Scan du repertoire : D:\ITU\S6\Mr Naina\Mp4\mp3-desktop\chanson
2026-06-22 15:21:01.788 [Thread-P1] INFO  com.mp3.desktop.Programme1 - Attente de 10000 ms avant le prochain scan...
2026-06-22 15:21:11.809 [Thread-P1] INFO  com.mp3.desktop.Programme1 - Scan du repertoire : D:\ITU\S6\Mr Naina\Mp4\mp3-desktop\chanson
2026-06-22 15:21:11.848 [Thread-P1] INFO  com.mp3.desktop.Programme1 - Attente de 10000 ms avant le prochain scan...
2026-06-22 15:21:21.874 [Thread-P1] INFO  com.mp3.desktop.Programme1 - Scan du repertoire : D:\ITU\S6\Mr Naina\Mp4\mp3-desktop\chanson
2026-06-22 15:21:21.891 [Thread-P1] INFO  com.mp3.desktop.Programme1 - Attente de 10000 ms avant le prochain scan...
2026-06-22 15:21:31.894 [Thread-P1] INFO  com.mp3.desktop.Programme1 - Scan du repertoire : D:\ITU\S6\Mr Naina\Mp4\mp3-desktop\chanson
2026-06-22 15:21:31.910 [Thread-P1] INFO  com.mp3.desktop.Programme1 - Attente de 10000 ms avant le prochain scan...
2026-06-22 15:21:41.919 [Thread-P1] INFO  com.mp3.desktop.Programme1 - Scan du repertoire : D:\ITU\S6\Mr Naina\Mp4\mp3-desktop\chanson
2026-06-22 15:21:41.927 [Thread-P1] INFO  com.mp3.desktop.Programme1 - Attente de 10000 ms avant le prochain scan...
2026-06-22 15:21:51.931 [Thread-P1] INFO  com.mp3.desktop.Programme1 - Scan du repertoire : D:\ITU\S6\Mr Naina\Mp4\mp3-desktop\chanson
2026-06-22 15:21:51.950 [Thread-P1] INFO  com.mp3.desktop.Programme1 - Attente de 10000 ms avant le prochain scan...
2026-06-22 15:22:01.958 [Thread-P1] INFO  com.mp3.desktop.Programme1 - Scan du repertoire : D:\ITU\S6\Mr Naina\Mp4\mp3-desktop\chanson
2026-06-22 15:22:01.978 [Thread-P1] INFO  com.mp3.desktop.Programme1 - Attente de 10000 ms avant le prochain scan...
2026-06-22 15:22:11.985 [Thread-P1] INFO  com.mp3.desktop.Programme1 - Scan du repertoire : D:\ITU\S6\Mr Naina\Mp4\mp3-desktop\chanson
2026-06-22 15:22:11.998 [Thread-P1] INFO  com.mp3.desktop.Programme1 - Attente de 10000 ms avant le prochain scan...
2026-06-22 15:22:22.003 [Thread-P1] INFO  com.mp3.desktop.Programme1 - Scan du repertoire : D:\ITU\S6\Mr Naina\Mp4\mp3-desktop\chanson
2026-06-22 15:22:22.022 [Thread-P1] INFO  com.mp3.desktop.Programme1 - Attente de 10000 ms avant le prochain scan...
2026-06-22 15:22:32.041 [Thread-P1] INFO  com.mp3.desktop.Programme1 - Scan du repertoire : D:\ITU\S6\Mr Naina\Mp4\mp3-desktop\chanson
2026-06-22 15:22:32.052 [Thread-P1] INFO  com.mp3.desktop.Programme1 - Attente de 10000 ms avant le prochain scan...
2026-06-22 15:22:42.065 [Thread-P1] INFO  com.mp3.desktop.Programme1 - Scan du repertoire : D:\ITU\S6\Mr Naina\Mp4\mp3-desktop\chanson
2026-06-22 15:22:42.082 [Thread-P1] INFO  com.mp3.desktop.Programme1 - Attente de 10000 ms avant le prochain scan...
2026-06-22 15:22:52.088 [Thread-P1] INFO  com.mp3.desktop.Programme1 - Scan du repertoire : D:\ITU\S6\Mr Naina\Mp4\mp3-desktop\chanson
2026-06-22 15:22:52.118 [Thread-P1] INFO  com.mp3.desktop.Programme1 - Attente de 10000 ms avant le prochain scan...
2026-06-22 15:23:02.119 [Thread-P1] INFO  com.mp3.desktop.Programme1 - Scan du repertoire : D:\ITU\S6\Mr Naina\Mp4\mp3-desktop\chanson
2026-06-22 15:23:02.126 [Thread-P1] INFO  com.mp3.desktop.Programme1 - Attente de 10000 ms avant le prochain scan...
2026-06-22 15:23:12.139 [Thread-P1] INFO  com.mp3.desktop.Programme1 - Scan du repertoire : D:\ITU\S6\Mr Naina\Mp4\mp3-desktop\chanson
2026-06-22 15:23:12.148 [Thread-P1] INFO  com.mp3.desktop.Programme1 - Attente de 10000 ms avant le prochain scan...
2026-06-22 15:23:22.152 [Thread-P1] INFO  com.mp3.desktop.Programme1 - Scan du repertoire : D:\ITU\S6\Mr Naina\Mp4\mp3-desktop\chanson
2026-06-22 15:23:22.163 [Thread-P1] INFO  com.mp3.desktop.Programme1 - Attente de 10000 ms avant le prochain scan...
2026-06-22 15:23:32.166 [Thread-P1] INFO  com.mp3.desktop.Programme1 - Scan du repertoire : D:\ITU\S6\Mr Naina\Mp4\mp3-desktop\chanson
2026-06-22 15:23:32.177 [Thread-P1] INFO  com.mp3.desktop.Programme1 - Attente de 10000 ms avant le prochain scan...
2026-06-22 15:23:42.180 [Thread-P1] INFO  com.mp3.desktop.Programme1 - Scan du repertoire : D:\ITU\S6\Mr Naina\Mp4\mp3-desktop\chanson
2026-06-22 15:23:42.191 [Thread-P1] INFO  com.mp3.desktop.Programme1 - Attente de 10000 ms avant le prochain scan...
2026-06-22 15:23:52.192 [Thread-P1] INFO  com.mp3.desktop.Programme1 - Scan du repertoire : D:\ITU\S6\Mr Naina\Mp4\mp3-desktop\chanson
2026-06-22 15:23:52.208 [Thread-P1] INFO  com.mp3.desktop.Programme1 - Attente de 10000 ms avant le prochain scan...
2026-06-22 15:24:02.218 [Thread-P1] INFO  com.mp3.desktop.Programme1 - Scan du repertoire : D:\ITU\S6\Mr Naina\Mp4\mp3-desktop\chanson
2026-06-22 15:24:02.229 [Thread-P1] INFO  com.mp3.desktop.Programme1 - Attente de 10000 ms avant le prochain scan...
2026-06-22 15:24:12.232 [Thread-P1] INFO  com.mp3.desktop.Programme1 - Scan du repertoire : D:\ITU\S6\Mr Naina\Mp4\mp3-desktop\chanson
2026-06-22 15:24:12.243 [Thread-P1] INFO  com.mp3.desktop.Programme1 - Attente de 10000 ms avant le prochain scan...
2026-06-22 15:24:22.256 [Thread-P1] INFO  com.mp3.desktop.Programme1 - Scan du repertoire : D:\ITU\S6\Mr Naina\Mp4\mp3-desktop\chanson
2026-06-22 15:24:22.267 [Thread-P1] INFO  com.mp3.desktop.Programme1 - Attente de 10000 ms avant le prochain scan...
2026-06-22 15:24:32.269 [Thread-P1] INFO  com.mp3.desktop.Programme1 - Scan du repertoire : D:\ITU\S6\Mr Naina\Mp4\mp3-desktop\chanson
2026-06-22 15:24:32.283 [Thread-P1] INFO  com.mp3.desktop.Programme1 - Attente de 10000 ms avant le prochain scan...
2026-06-22 15:24:42.288 [Thread-P1] INFO  com.mp3.desktop.Programme1 - Scan du repertoire : D:\ITU\S6\Mr Naina\Mp4\mp3-desktop\chanson
2026-06-22 15:24:42.299 [Thread-P1] INFO  com.mp3.desktop.Programme1 - Attente de 10000 ms avant le prochain scan...
2026-06-22 15:24:52.307 [Thread-P1] INFO  com.mp3.desktop.Programme1 - Scan du repertoire : D:\ITU\S6\Mr Naina\Mp4\mp3-desktop\chanson
2026-06-22 15:24:52.316 [Thread-P1] INFO  com.mp3.desktop.Programme1 - Attente de 10000 ms avant le prochain scan...
2026-06-22 15:25:02.322 [Thread-P1] INFO  com.mp3.desktop.Programme1 - Scan du repertoire : D:\ITU\S6\Mr Naina\Mp4\mp3-desktop\chanson
2026-06-22 15:25:02.331 [Thread-P1] INFO  com.mp3.desktop.Programme1 - Attente de 10000 ms avant le prochain scan...
2026-06-22 15:25:12.345 [Thread-P1] INFO  com.mp3.desktop.Programme1 - Scan du repertoire : D:\ITU\S6\Mr Naina\Mp4\mp3-desktop\chanson
2026-06-22 15:25:12.353 [Thread-P1] INFO  com.mp3.desktop.Programme1 - Attente de 10000 ms avant le prochain scan...
2026-06-22 15:25:22.359 [Thread-P1] INFO  com.mp3.desktop.Programme1 - Scan du repertoire : D:\ITU\S6\Mr Naina\Mp4\mp3-desktop\chanson
2026-06-22 15:25:22.370 [Thread-P1] INFO  com.mp3.desktop.Programme1 - Attente de 10000 ms avant le prochain scan...
2026-06-22 15:25:32.381 [Thread-P1] INFO  com.mp3.desktop.Programme1 - Scan du repertoire : D:\ITU\S6\Mr Naina\Mp4\mp3-desktop\chanson
2026-06-22 15:25:32.391 [Thread-P1] INFO  com.mp3.desktop.Programme1 - Attente de 10000 ms avant le prochain scan...
2026-06-22 15:25:42.399 [Thread-P1] INFO  com.mp3.desktop.Programme1 - Scan du repertoire : D:\ITU\S6\Mr Naina\Mp4\mp3-desktop\chanson
2026-06-22 15:25:42.407 [Thread-P1] INFO  com.mp3.desktop.Programme1 - Attente de 10000 ms avant le prochain scan...
2026-06-22 15:25:52.411 [Thread-P1] INFO  com.mp3.desktop.Programme1 - Scan du repertoire : D:\ITU\S6\Mr Naina\Mp4\mp3-desktop\chanson
2026-06-22 15:25:52.421 [Thread-P1] INFO  com.mp3.desktop.Programme1 - Attente de 10000 ms avant le prochain scan...
2026-06-22 15:26:02.422 [Thread-P1] INFO  com.mp3.desktop.Programme1 - Scan du repertoire : D:\ITU\S6\Mr Naina\Mp4\mp3-desktop\chanson
2026-06-22 15:26:02.431 [Thread-P1] INFO  com.mp3.desktop.Programme1 - Attente de 10000 ms avant le prochain scan...
2026-06-22 15:26:12.433 [Thread-P1] INFO  com.mp3.desktop.Programme1 - Scan du repertoire : D:\ITU\S6\Mr Naina\Mp4\mp3-desktop\chanson
2026-06-22 15:26:12.442 [Thread-P1] INFO  com.mp3.desktop.Programme1 - Attente de 10000 ms avant le prochain scan...
2026-06-22 15:26:22.443 [Thread-P1] INFO  com.mp3.desktop.Programme1 - Scan du repertoire : D:\ITU\S6\Mr Naina\Mp4\mp3-desktop\chanson
2026-06-22 15:26:22.454 [Thread-P1] INFO  com.mp3.desktop.Programme1 - Attente de 10000 ms avant le prochain scan...
2026-06-22 15:26:32.456 [Thread-P1] INFO  com.mp3.desktop.Programme1 - Scan du repertoire : D:\ITU\S6\Mr Naina\Mp4\mp3-desktop\chanson
2026-06-22 15:26:32.469 [Thread-P1] INFO  com.mp3.desktop.Programme1 - Attente de 10000 ms avant le prochain scan...
2026-06-22 15:26:42.482 [Thread-P1] INFO  com.mp3.desktop.Programme1 - Scan du repertoire : D:\ITU\S6\Mr Naina\Mp4\mp3-desktop\chanson
2026-06-22 15:26:42.495 [Thread-P1] INFO  com.mp3.desktop.Programme1 - Attente de 10000 ms avant le prochain scan...
2026-06-22 15:26:52.509 [Thread-P1] INFO  com.mp3.desktop.Programme1 - Scan du repertoire : D:\ITU\S6\Mr Naina\Mp4\mp3-desktop\chanson
2026-06-22 15:26:52.519 [Thread-P1] INFO  com.mp3.desktop.Programme1 - Attente de 10000 ms avant le prochain scan...
2026-06-22 15:27:02.520 [Thread-P1] INFO  com.mp3.desktop.Programme1 - Scan du repertoire : D:\ITU\S6\Mr Naina\Mp4\mp3-desktop\chanson
2026-06-22 15:27:02.534 [Thread-P1] INFO  com.mp3.desktop.Programme1 - Attente de 10000 ms avant le prochain scan...
2026-06-22 15:27:12.550 [Thread-P1] INFO  com.mp3.desktop.Programme1 - Scan du repertoire : D:\ITU\S6\Mr Naina\Mp4\mp3-desktop\chanson
2026-06-22 15:27:12.576 [Thread-P1] INFO  com.mp3.desktop.Programme1 - Attente de 10000 ms avant le prochain scan...
2026-06-22 15:27:22.592 [Thread-P1] INFO  com.mp3.desktop.Programme1 - Scan du repertoire : D:\ITU\S6\Mr Naina\Mp4\mp3-desktop\chanson
2026-06-22 15:27:22.602 [Thread-P1] INFO  com.mp3.desktop.Programme1 - Attente de 10000 ms avant le prochain scan...
2026-06-22 15:27:32.603 [Thread-P1] INFO  com.mp3.desktop.Programme1 - Scan du repertoire : D:\ITU\S6\Mr Naina\Mp4\mp3-desktop\chanson
2026-06-22 15:27:32.614 [Thread-P1] INFO  com.mp3.desktop.Programme1 - Attente de 10000 ms avant le prochain scan...
2026-06-22 15:27:42.614 [Thread-P1] INFO  com.mp3.desktop.Programme1 - Scan du repertoire : D:\ITU\S6\Mr Naina\Mp4\mp3-desktop\chanson
2026-06-22 15:27:42.624 [Thread-P1] INFO  com.mp3.desktop.Programme1 - Attente de 10000 ms avant le prochain scan...
2026-06-22 15:27:52.625 [Thread-P1] INFO  com.mp3.desktop.Programme1 - Scan du repertoire : D:\ITU\S6\Mr Naina\Mp4\mp3-desktop\chanson
2026-06-22 15:27:52.635 [Thread-P1] INFO  com.mp3.desktop.Programme1 - Attente de 10000 ms avant le prochain scan...
2026-06-22 15:28:02.638 [Thread-P1] INFO  com.mp3.desktop.Programme1 - Scan du repertoire : D:\ITU\S6\Mr Naina\Mp4\mp3-desktop\chanson
2026-06-22 15:28:02.647 [Thread-P1] INFO  com.mp3.desktop.Programme1 - Attente de 10000 ms avant le prochain scan...
2026-06-22 15:28:12.648 [Thread-P1] INFO  com.mp3.desktop.Programme1 - Scan du repertoire : D:\ITU\S6\Mr Naina\Mp4\mp3-desktop\chanson
2026-06-22 15:28:12.658 [Thread-P1] INFO  com.mp3.desktop.Programme1 - Attente de 10000 ms avant le prochain scan...
2026-06-22 15:28:22.678 [Thread-P1] INFO  com.mp3.desktop.Programme1 - Scan du repertoire : D:\ITU\S6\Mr Naina\Mp4\mp3-desktop\chanson
2026-06-22 15:28:22.744 [Thread-P1] INFO  com.mp3.desktop.Programme1 - Attente de 10000 ms avant le prochain scan...
2026-06-22 15:28:32.763 [Thread-P1] INFO  com.mp3.desktop.Programme1 - Scan du repertoire : D:\ITU\S6\Mr Naina\Mp4\mp3-desktop\chanson
2026-06-22 15:28:32.772 [Thread-P1] INFO  com.mp3.desktop.Programme1 - Attente de 10000 ms avant le prochain scan...
2026-06-22 15:28:42.781 [Thread-P1] INFO  com.mp3.desktop.Programme1 - Scan du repertoire : D:\ITU\S6\Mr Naina\Mp4\mp3-desktop\chanson
2026-06-22 15:28:42.791 [Thread-P1] INFO  com.mp3.desktop.Programme1 - Attente de 10000 ms avant le prochain scan...
2026-06-22 15:28:52.801 [Thread-P1] INFO  com.mp3.desktop.Programme1 - Scan du repertoire : D:\ITU\S6\Mr Naina\Mp4\mp3-desktop\chanson
2026-06-22 15:28:52.833 [Thread-P1] INFO  com.mp3.desktop.Programme1 - Attente de 10000 ms avant le prochain scan...
2026-06-22 15:29:02.837 [Thread-P1] INFO  com.mp3.desktop.Programme1 - Scan du repertoire : D:\ITU\S6\Mr Naina\Mp4\mp3-desktop\chanson
2026-06-22 15:29:02.868 [Thread-P1] INFO  com.mp3.desktop.Programme1 - Attente de 10000 ms avant le prochain scan...
2026-06-22 15:29:12.881 [Thread-P1] INFO  com.mp3.desktop.Programme1 - Scan du repertoire : D:\ITU\S6\Mr Naina\Mp4\mp3-desktop\chanson
2026-06-22 15:29:12.890 [Thread-P1] INFO  com.mp3.desktop.Programme1 - Attente de 10000 ms avant le prochain scan...
2026-06-22 15:29:22.893 [Thread-P1] INFO  com.mp3.desktop.Programme1 - Scan du repertoire : D:\ITU\S6\Mr Naina\Mp4\mp3-desktop\chanson
2026-06-22 15:29:22.908 [Thread-P1] INFO  com.mp3.desktop.Programme1 - Attente de 10000 ms avant le prochain scan...
2026-06-22 15:29:32.919 [Thread-P1] INFO  com.mp3.desktop.Programme1 - Scan du repertoire : D:\ITU\S6\Mr Naina\Mp4\mp3-desktop\chanson
2026-06-22 15:29:32.928 [Thread-P1] INFO  com.mp3.desktop.Programme1 - Attente de 10000 ms avant le prochain scan...
2026-06-22 15:29:42.931 [Thread-P1] INFO  com.mp3.desktop.Programme1 - Scan du repertoire : D:\ITU\S6\Mr Naina\Mp4\mp3-desktop\chanson
2026-06-22 15:29:42.942 [Thread-P1] INFO  com.mp3.desktop.Programme1 - Attente de 10000 ms avant le prochain scan...
2026-06-22 15:29:52.950 [Thread-P1] INFO  com.mp3.desktop.Programme1 - Scan du repertoire : D:\ITU\S6\Mr Naina\Mp4\mp3-desktop\chanson
2026-06-22 15:29:52.961 [Thread-P1] INFO  com.mp3.desktop.Programme1 - Attente de 10000 ms avant le prochain scan...
2026-06-22 15:30:02.967 [Thread-P1] INFO  com.mp3.desktop.Programme1 - Scan du repertoire : D:\ITU\S6\Mr Naina\Mp4\mp3-desktop\chanson
2026-06-22 15:30:02.979 [Thread-P1] INFO  com.mp3.desktop.Programme1 - Attente de 10000 ms avant le prochain scan...
2026-06-22 15:30:12.985 [Thread-P1] INFO  com.mp3.desktop.Programme1 - Scan du repertoire : D:\ITU\S6\Mr Naina\Mp4\mp3-desktop\chanson
2026-06-22 15:30:13.005 [Thread-P1] INFO  com.mp3.desktop.Programme1 - Attente de 10000 ms avant le prochain scan...
2026-06-22 15:30:23.008 [Thread-P1] INFO  com.mp3.desktop.Programme1 - Scan du repertoire : D:\ITU\S6\Mr Naina\Mp4\mp3-desktop\chanson
2026-06-22 15:30:23.018 [Thread-P1] INFO  com.mp3.desktop.Programme1 - Attente de 10000 ms avant le prochain scan...
2026-06-22 15:30:33.020 [Thread-P1] INFO  com.mp3.desktop.Programme1 - Scan du repertoire : D:\ITU\S6\Mr Naina\Mp4\mp3-desktop\chanson
2026-06-22 15:30:33.031 [Thread-P1] INFO  com.mp3.desktop.Programme1 - Attente de 10000 ms avant le prochain scan...
2026-06-22 15:30:43.046 [Thread-P1] INFO  com.mp3.desktop.Programme1 - Scan du repertoire : D:\ITU\S6\Mr Naina\Mp4\mp3-desktop\chanson
2026-06-22 15:30:43.056 [Thread-P1] INFO  com.mp3.desktop.Programme1 - Attente de 10000 ms avant le prochain scan...
2026-06-22 15:30:53.057 [Thread-P1] INFO  com.mp3.desktop.Programme1 - Scan du repertoire : D:\ITU\S6\Mr Naina\Mp4\mp3-desktop\chanson
2026-06-22 15:30:53.066 [Thread-P1] INFO  com.mp3.desktop.Programme1 - Attente de 10000 ms avant le prochain scan...
2026-06-22 15:31:03.069 [Thread-P1] INFO  com.mp3.desktop.Programme1 - Scan du repertoire : D:\ITU\S6\Mr Naina\Mp4\mp3-desktop\chanson
2026-06-22 15:31:03.079 [Thread-P1] INFO  com.mp3.desktop.Programme1 - Attente de 10000 ms avant le prochain scan...
2026-06-22 15:31:13.086 [Thread-P1] INFO  com.mp3.desktop.Programme1 - Scan du repertoire : D:\ITU\S6\Mr Naina\Mp4\mp3-desktop\chanson
2026-06-22 15:31:13.096 [Thread-P1] INFO  com.mp3.desktop.Programme1 - Attente de 10000 ms avant le prochain scan...
2026-06-22 15:31:23.108 [Thread-P1] INFO  com.mp3.desktop.Programme1 - Scan du repertoire : D:\ITU\S6\Mr Naina\Mp4\mp3-desktop\chanson
2026-06-22 15:31:23.120 [Thread-P1] INFO  com.mp3.desktop.Programme1 - Attente de 10000 ms avant le prochain scan...
2026-06-22 15:31:33.134 [Thread-P1] INFO  com.mp3.desktop.Programme1 - Scan du repertoire : D:\ITU\S6\Mr Naina\Mp4\mp3-desktop\chanson
2026-06-22 15:31:33.144 [Thread-P1] INFO  com.mp3.desktop.Programme1 - Attente de 10000 ms avant le prochain scan...
2026-06-22 15:31:43.147 [Thread-P1] INFO  com.mp3.desktop.Programme1 - Scan du repertoire : D:\ITU\S6\Mr Naina\Mp4\mp3-desktop\chanson
2026-06-22 15:31:43.159 [Thread-P1] INFO  com.mp3.desktop.Programme1 - Attente de 10000 ms avant le prochain scan...
2026-06-22 15:31:53.173 [Thread-P1] INFO  com.mp3.desktop.Programme1 - Scan du repertoire : D:\ITU\S6\Mr Naina\Mp4\mp3-desktop\chanson
2026-06-22 15:31:53.183 [Thread-P1] INFO  com.mp3.desktop.Programme1 - Attente de 10000 ms avant le prochain scan...
2026-06-22 15:32:03.185 [Thread-P1] INFO  com.mp3.desktop.Programme1 - Scan du repertoire : D:\ITU\S6\Mr Naina\Mp4\mp3-desktop\chanson
2026-06-22 15:32:03.194 [Thread-P1] INFO  com.mp3.desktop.Programme1 - Attente de 10000 ms avant le prochain scan...
2026-06-22 15:32:13.195 [Thread-P1] INFO  com.mp3.desktop.Programme1 - Scan du repertoire : D:\ITU\S6\Mr Naina\Mp4\mp3-desktop\chanson
2026-06-22 15:32:13.207 [Thread-P1] INFO  com.mp3.desktop.Programme1 - Attente de 10000 ms avant le prochain scan...
2026-06-22 15:32:23.223 [Thread-P1] INFO  com.mp3.desktop.Programme1 - Scan du repertoire : D:\ITU\S6\Mr Naina\Mp4\mp3-desktop\chanson
2026-06-22 15:32:23.241 [Thread-P1] INFO  com.mp3.desktop.Programme1 - Attente de 10000 ms avant le prochain scan...
2026-06-22 15:32:33.250 [Thread-P1] INFO  com.mp3.desktop.Programme1 - Scan du repertoire : D:\ITU\S6\Mr Naina\Mp4\mp3-desktop\chanson
2026-06-22 15:32:33.259 [Thread-P1] INFO  com.mp3.desktop.Programme1 - Attente de 10000 ms avant le prochain scan...
2026-06-22 15:32:43.262 [Thread-P1] INFO  com.mp3.desktop.Programme1 - Scan du repertoire : D:\ITU\S6\Mr Naina\Mp4\mp3-desktop\chanson
2026-06-22 15:32:43.271 [Thread-P1] INFO  com.mp3.desktop.Programme1 - Attente de 10000 ms avant le prochain scan...
2026-06-22 15:32:53.272 [Thread-P1] INFO  com.mp3.desktop.Programme1 - Scan du repertoire : D:\ITU\S6\Mr Naina\Mp4\mp3-desktop\chanson
2026-06-22 15:32:53.283 [Thread-P1] INFO  com.mp3.desktop.Programme1 - Attente de 10000 ms avant le prochain scan...
2026-06-22 15:33:03.284 [Thread-P1] INFO  com.mp3.desktop.Programme1 - Scan du repertoire : D:\ITU\S6\Mr Naina\Mp4\mp3-desktop\chanson
2026-06-22 15:33:03.310 [Thread-P1] INFO  com.mp3.desktop.Programme1 - Attente de 10000 ms avant le prochain scan...
2026-06-22 15:33:13.313 [Thread-P1] INFO  com.mp3.desktop.Programme1 - Scan du repertoire : D:\ITU\S6\Mr Naina\Mp4\mp3-desktop\chanson
2026-06-22 15:33:13.322 [Thread-P1] INFO  com.mp3.desktop.Programme1 - Attente de 10000 ms avant le prochain scan...
2026-06-22 15:33:23.328 [Thread-P1] INFO  com.mp3.desktop.Programme1 - Scan du repertoire : D:\ITU\S6\Mr Naina\Mp4\mp3-desktop\chanson
2026-06-22 15:33:23.341 [Thread-P1] INFO  com.mp3.desktop.Programme1 - Attente de 10000 ms avant le prochain scan...
2026-06-22 15:33:33.353 [Thread-P1] INFO  com.mp3.desktop.Programme1 - Scan du repertoire : D:\ITU\S6\Mr Naina\Mp4\mp3-desktop\chanson
2026-06-22 15:33:33.376 [Thread-P1] INFO  com.mp3.desktop.Programme1 - Attente de 10000 ms avant le prochain scan...
2026-06-22 15:33:43.392 [Thread-P1] INFO  com.mp3.desktop.Programme1 - Scan du repertoire : D:\ITU\S6\Mr Naina\Mp4\mp3-desktop\chanson
2026-06-22 15:33:43.400 [Thread-P1] INFO  com.mp3.desktop.Programme1 - Attente de 10000 ms avant le prochain scan...
2026-06-22 15:33:53.413 [Thread-P1] INFO  com.mp3.desktop.Programme1 - Scan du repertoire : D:\ITU\S6\Mr Naina\Mp4\mp3-desktop\chanson
2026-06-22 15:33:53.429 [Thread-P1] INFO  com.mp3.desktop.Programme1 - Attente de 10000 ms avant le prochain scan...
2026-06-22 15:34:03.436 [Thread-P1] INFO  com.mp3.desktop.Programme1 - Scan du repertoire : D:\ITU\S6\Mr Naina\Mp4\mp3-desktop\chanson
2026-06-22 15:34:03.449 [Thread-P1] INFO  com.mp3.desktop.Programme1 - Attente de 10000 ms avant le prochain scan...
2026-06-22 15:34:13.461 [Thread-P1] INFO  com.mp3.desktop.Programme1 - Scan du repertoire : D:\ITU\S6\Mr Naina\Mp4\mp3-desktop\chanson
2026-06-22 15:34:13.467 [Thread-P1] INFO  com.mp3.desktop.Programme1 - Attente de 10000 ms avant le prochain scan...
2026-06-22 15:34:23.471 [Thread-P1] INFO  com.mp3.desktop.Programme1 - Scan du repertoire : D:\ITU\S6\Mr Naina\Mp4\mp3-desktop\chanson
2026-06-22 15:34:23.481 [Thread-P1] INFO  com.mp3.desktop.Programme1 - Attente de 10000 ms avant le prochain scan...
2026-06-22 15:34:33.484 [Thread-P1] INFO  com.mp3.desktop.Programme1 - Scan du repertoire : D:\ITU\S6\Mr Naina\Mp4\mp3-desktop\chanson
2026-06-22 15:34:33.494 [Thread-P1] INFO  com.mp3.desktop.Programme1 - Attente de 10000 ms avant le prochain scan...
2026-06-22 15:34:43.508 [Thread-P1] INFO  com.mp3.desktop.Programme1 - Scan du repertoire : D:\ITU\S6\Mr Naina\Mp4\mp3-desktop\chanson
2026-06-22 15:34:43.516 [Thread-P1] INFO  com.mp3.desktop.Programme1 - Attente de 10000 ms avant le prochain scan...
2026-06-22 15:34:53.528 [Thread-P1] INFO  com.mp3.desktop.Programme1 - Scan du repertoire : D:\ITU\S6\Mr Naina\Mp4\mp3-desktop\chanson
2026-06-22 15:34:53.529 [Thread-P1] INFO  com.mp3.desktop.Programme1 - Attente de 10000 ms avant le prochain scan...
2026-06-22 15:35:03.548 [Thread-P1] INFO  com.mp3.desktop.Programme1 - Scan du repertoire : D:\ITU\S6\Mr Naina\Mp4\mp3-desktop\chanson
2026-06-22 15:35:03.574 [Thread-P1] INFO  com.mp3.desktop.Programme1 - Attente de 10000 ms avant le prochain scan...
2026-06-22 15:35:13.589 [Thread-P1] INFO  com.mp3.desktop.Programme1 - Scan du repertoire : D:\ITU\S6\Mr Naina\Mp4\mp3-desktop\chanson
2026-06-22 15:35:13.613 [Thread-P1] INFO  com.mp3.desktop.Programme1 - Attente de 10000 ms avant le prochain scan...
2026-06-22 15:35:23.619 [Thread-P1] INFO  com.mp3.desktop.Programme1 - Scan du repertoire : D:\ITU\S6\Mr Naina\Mp4\mp3-desktop\chanson
2026-06-22 15:35:23.630 [Thread-P1] INFO  com.mp3.desktop.Programme1 - Attente de 10000 ms avant le prochain scan...
2026-06-22 15:35:33.635 [Thread-P1] INFO  com.mp3.desktop.Programme1 - Scan du repertoire : D:\ITU\S6\Mr Naina\Mp4\mp3-desktop\chanson
2026-06-22 15:35:33.635 [Thread-P1] INFO  com.mp3.desktop.Programme1 - Attente de 10000 ms avant le prochain scan...
2026-06-22 15:35:43.648 [Thread-P1] INFO  com.mp3.desktop.Programme1 - Scan du repertoire : D:\ITU\S6\Mr Naina\Mp4\mp3-desktop\chanson
2026-06-22 15:35:43.668 [Thread-P1] INFO  com.mp3.desktop.Programme1 - Attente de 10000 ms avant le prochain scan...
2026-06-22 15:35:53.674 [Thread-P1] INFO  com.mp3.desktop.Programme1 - Scan du repertoire : D:\ITU\S6\Mr Naina\Mp4\mp3-desktop\chanson
2026-06-22 15:35:53.693 [Thread-P1] INFO  com.mp3.desktop.Programme1 - Attente de 10000 ms avant le prochain scan...
2026-06-22 15:36:03.713 [Thread-P1] INFO  com.mp3.desktop.Programme1 - Scan du repertoire : D:\ITU\S6\Mr Naina\Mp4\mp3-desktop\chanson
2026-06-22 15:36:03.734 [Thread-P1] INFO  com.mp3.desktop.Programme1 - Attente de 10000 ms avant le prochain scan...
2026-06-22 15:36:13.742 [Thread-P1] INFO  com.mp3.desktop.Programme1 - Scan du repertoire : D:\ITU\S6\Mr Naina\Mp4\mp3-desktop\chanson
2026-06-22 15:36:13.750 [Thread-P1] INFO  com.mp3.desktop.Programme1 - Attente de 10000 ms avant le prochain scan...
2026-06-22 15:36:23.766 [Thread-P1] INFO  com.mp3.desktop.Programme1 - Scan du repertoire : D:\ITU\S6\Mr Naina\Mp4\mp3-desktop\chanson
2026-06-22 15:36:23.777 [Thread-P1] INFO  com.mp3.desktop.Programme1 - Attente de 10000 ms avant le prochain scan...
2026-06-22 15:36:33.788 [Thread-P1] INFO  com.mp3.desktop.Programme1 - Scan du repertoire : D:\ITU\S6\Mr Naina\Mp4\mp3-desktop\chanson
2026-06-22 15:36:33.808 [Thread-P1] INFO  com.mp3.desktop.Programme1 - Attente de 10000 ms avant le prochain scan...
2026-06-22 15:36:43.824 [Thread-P1] INFO  com.mp3.desktop.Programme1 - Scan du repertoire : D:\ITU\S6\Mr Naina\Mp4\mp3-desktop\chanson
2026-06-22 15:36:43.846 [Thread-P1] INFO  com.mp3.desktop.Programme1 - Attente de 10000 ms avant le prochain scan...
2026-06-22 15:36:53.855 [Thread-P1] INFO  com.mp3.desktop.Programme1 - Scan du repertoire : D:\ITU\S6\Mr Naina\Mp4\mp3-desktop\chanson
2026-06-22 15:36:53.862 [Thread-P1] INFO  com.mp3.desktop.Programme1 - Attente de 10000 ms avant le prochain scan...
2026-06-22 15:37:03.867 [Thread-P1] INFO  com.mp3.desktop.Programme1 - Scan du repertoire : D:\ITU\S6\Mr Naina\Mp4\mp3-desktop\chanson
2026-06-22 15:37:03.880 [Thread-P1] INFO  com.mp3.desktop.Programme1 - Attente de 10000 ms avant le prochain scan...
2026-06-22 15:37:13.896 [Thread-P1] INFO  com.mp3.desktop.Programme1 - Scan du repertoire : D:\ITU\S6\Mr Naina\Mp4\mp3-desktop\chanson
2026-06-22 15:37:13.903 [Thread-P1] INFO  com.mp3.desktop.Programme1 - Attente de 10000 ms avant le prochain scan...
2026-06-22 15:37:23.915 [Thread-P1] INFO  com.mp3.desktop.Programme1 - Scan du repertoire : D:\ITU\S6\Mr Naina\Mp4\mp3-desktop\chanson
2026-06-22 15:37:23.931 [Thread-P1] INFO  com.mp3.desktop.Programme1 - Attente de 10000 ms avant le prochain scan...
2026-06-22 15:37:33.944 [Thread-P1] INFO  com.mp3.desktop.Programme1 - Scan du repertoire : D:\ITU\S6\Mr Naina\Mp4\mp3-desktop\chanson
2026-06-22 15:37:33.973 [Thread-P1] INFO  com.mp3.desktop.Programme1 - Attente de 10000 ms avant le prochain scan...
2026-06-22 15:37:43.976 [Thread-P1] INFO  com.mp3.desktop.Programme1 - Scan du repertoire : D:\ITU\S6\Mr Naina\Mp4\mp3-desktop\chanson
2026-06-22 15:37:43.979 [Thread-P1] INFO  com.mp3.desktop.Programme1 - Attente de 10000 ms avant le prochain scan...
2026-06-22 15:37:53.999 [Thread-P1] INFO  com.mp3.desktop.Programme1 - Scan du repertoire : D:\ITU\S6\Mr Naina\Mp4\mp3-desktop\chanson
2026-06-22 15:37:54.015 [Thread-P1] INFO  com.mp3.desktop.Programme1 - Attente de 10000 ms avant le prochain scan...
2026-06-22 15:38:04.023 [Thread-P1] INFO  com.mp3.desktop.Programme1 - Scan du repertoire : D:\ITU\S6\Mr Naina\Mp4\mp3-desktop\chanson
2026-06-22 15:38:04.046 [Thread-P1] INFO  com.mp3.desktop.Programme1 - Attente de 10000 ms avant le prochain scan...
2026-06-22 15:38:14.057 [Thread-P1] INFO  com.mp3.desktop.Programme1 - Scan du repertoire : D:\ITU\S6\Mr Naina\Mp4\mp3-desktop\chanson
2026-06-22 15:38:14.079 [Thread-P1] INFO  com.mp3.desktop.Programme1 - Attente de 10000 ms avant le prochain scan...
2026-06-22 15:38:24.085 [Thread-P1] INFO  com.mp3.desktop.Programme1 - Scan du repertoire : D:\ITU\S6\Mr Naina\Mp4\mp3-desktop\chanson
2026-06-22 15:38:24.103 [Thread-P1] INFO  com.mp3.desktop.Programme1 - Attente de 10000 ms avant le prochain scan...
2026-06-22 15:38:34.120 [Thread-P1] INFO  com.mp3.desktop.Programme1 - Scan du repertoire : D:\ITU\S6\Mr Naina\Mp4\mp3-desktop\chanson
2026-06-22 15:38:34.136 [Thread-P1] INFO  com.mp3.desktop.Programme1 - Attente de 10000 ms avant le prochain scan...
2026-06-22 15:38:44.145 [Thread-P1] INFO  com.mp3.desktop.Programme1 - Scan du repertoire : D:\ITU\S6\Mr Naina\Mp4\mp3-desktop\chanson
2026-06-22 15:38:44.161 [Thread-P1] INFO  com.mp3.desktop.Programme1 - Attente de 10000 ms avant le prochain scan...
2026-06-22 15:38:54.170 [Thread-P1] INFO  com.mp3.desktop.Programme1 - Scan du repertoire : D:\ITU\S6\Mr Naina\Mp4\mp3-desktop\chanson
2026-06-22 15:38:54.180 [Thread-P1] INFO  com.mp3.desktop.Programme1 - Attente de 10000 ms avant le prochain scan...
2026-06-22 15:39:04.185 [Thread-P1] INFO  com.mp3.desktop.Programme1 - Scan du repertoire : D:\ITU\S6\Mr Naina\Mp4\mp3-desktop\chanson
2026-06-22 15:39:04.193 [Thread-P1] INFO  com.mp3.desktop.Programme1 - Attente de 10000 ms avant le prochain scan...
2026-06-22 15:39:14.197 [Thread-P1] INFO  com.mp3.desktop.Programme1 - Scan du repertoire : D:\ITU\S6\Mr Naina\Mp4\mp3-desktop\chanson
2026-06-22 15:39:14.203 [Thread-P1] INFO  com.mp3.desktop.Programme1 - Attente de 10000 ms avant le prochain scan...
2026-06-22 15:39:24.220 [Thread-P1] INFO  com.mp3.desktop.Programme1 - Scan du repertoire : D:\ITU\S6\Mr Naina\Mp4\mp3-desktop\chanson
2026-06-22 15:39:24.230 [Thread-P1] INFO  com.mp3.desktop.Programme1 - Attente de 10000 ms avant le prochain scan...
2026-06-22 15:39:34.246 [Thread-P1] INFO  com.mp3.desktop.Programme1 - Scan du repertoire : D:\ITU\S6\Mr Naina\Mp4\mp3-desktop\chanson
2026-06-22 15:39:34.254 [Thread-P1] INFO  com.mp3.desktop.Programme1 - Attente de 10000 ms avant le prochain scan...
2026-06-22 15:39:44.258 [Thread-P1] INFO  com.mp3.desktop.Programme1 - Scan du repertoire : D:\ITU\S6\Mr Naina\Mp4\mp3-desktop\chanson
2026-06-22 15:39:44.281 [Thread-P1] INFO  com.mp3.desktop.Programme1 - Attente de 10000 ms avant le prochain scan...
2026-06-22 15:39:54.287 [Thread-P1] INFO  com.mp3.desktop.Programme1 - Scan du repertoire : D:\ITU\S6\Mr Naina\Mp4\mp3-desktop\chanson
2026-06-22 15:39:54.313 [Thread-P1] INFO  com.mp3.desktop.Programme1 - Attente de 10000 ms avant le prochain scan...
2026-06-22 15:40:04.315 [Thread-P1] INFO  com.mp3.desktop.Programme1 - Scan du repertoire : D:\ITU\S6\Mr Naina\Mp4\mp3-desktop\chanson
2026-06-22 15:40:04.337 [Thread-P1] INFO  com.mp3.desktop.Programme1 - Attente de 10000 ms avant le prochain scan...
2026-06-22 15:40:14.341 [Thread-P1] INFO  com.mp3.desktop.Programme1 - Scan du repertoire : D:\ITU\S6\Mr Naina\Mp4\mp3-desktop\chanson
2026-06-22 15:40:14.350 [Thread-P1] INFO  com.mp3.desktop.Programme1 - Attente de 10000 ms avant le prochain scan...
2026-06-22 15:40:24.362 [Thread-P1] INFO  com.mp3.desktop.Programme1 - Scan du repertoire : D:\ITU\S6\Mr Naina\Mp4\mp3-desktop\chanson
2026-06-22 15:40:24.373 [Thread-P1] INFO  com.mp3.desktop.Programme1 - Attente de 10000 ms avant le prochain scan...
2026-06-22 15:40:34.389 [Thread-P1] INFO  com.mp3.desktop.Programme1 - Scan du repertoire : D:\ITU\S6\Mr Naina\Mp4\mp3-desktop\chanson
2026-06-22 15:40:34.406 [Thread-P1] INFO  com.mp3.desktop.Programme1 - Attente de 10000 ms avant le prochain scan...
2026-06-22 15:40:44.411 [Thread-P1] INFO  com.mp3.desktop.Programme1 - Scan du repertoire : D:\ITU\S6\Mr Naina\Mp4\mp3-desktop\chanson
2026-06-22 15:40:44.429 [Thread-P1] INFO  com.mp3.desktop.Programme1 - Attente de 10000 ms avant le prochain scan...
2026-06-22 15:40:54.452 [Thread-P1] INFO  com.mp3.desktop.Programme1 - Scan du repertoire : D:\ITU\S6\Mr Naina\Mp4\mp3-desktop\chanson
2026-06-22 15:40:54.479 [Thread-P1] INFO  com.mp3.desktop.Programme1 - Attente de 10000 ms avant le prochain scan...
2026-06-22 15:41:04.494 [Thread-P1] INFO  com.mp3.desktop.Programme1 - Scan du repertoire : D:\ITU\S6\Mr Naina\Mp4\mp3-desktop\chanson
2026-06-22 15:41:04.517 [Thread-P1] INFO  com.mp3.desktop.Programme1 - Attente de 10000 ms avant le prochain scan...
2026-06-22 15:41:14.524 [Thread-P1] INFO  com.mp3.desktop.Programme1 - Scan du repertoire : D:\ITU\S6\Mr Naina\Mp4\mp3-desktop\chanson
2026-06-22 15:41:14.540 [Thread-P1] INFO  com.mp3.desktop.Programme1 - Attente de 10000 ms avant le prochain scan...
2026-06-22 15:41:24.550 [Thread-P1] INFO  com.mp3.desktop.Programme1 - Scan du repertoire : D:\ITU\S6\Mr Naina\Mp4\mp3-desktop\chanson
2026-06-22 15:41:24.558 [Thread-P1] INFO  com.mp3.desktop.Programme1 - Attente de 10000 ms avant le prochain scan...
2026-06-22 15:41:34.563 [Thread-P1] INFO  com.mp3.desktop.Programme1 - Scan du repertoire : D:\ITU\S6\Mr Naina\Mp4\mp3-desktop\chanson
2026-06-22 15:41:34.572 [Thread-P1] INFO  com.mp3.desktop.Programme1 - Attente de 10000 ms avant le prochain scan...
2026-06-22 15:41:44.575 [Thread-P1] INFO  com.mp3.desktop.Programme1 - Scan du repertoire : D:\ITU\S6\Mr Naina\Mp4\mp3-desktop\chanson
2026-06-22 15:41:44.584 [Thread-P1] INFO  com.mp3.desktop.Programme1 - Attente de 10000 ms avant le prochain scan...
2026-06-22 15:41:54.590 [Thread-P1] INFO  com.mp3.desktop.Programme1 - Scan du repertoire : D:\ITU\S6\Mr Naina\Mp4\mp3-desktop\chanson
2026-06-22 15:41:54.604 [Thread-P1] INFO  com.mp3.desktop.Programme1 - Attente de 10000 ms avant le prochain scan...
2026-06-22 15:42:04.615 [Thread-P1] INFO  com.mp3.desktop.Programme1 - Scan du repertoire : D:\ITU\S6\Mr Naina\Mp4\mp3-desktop\chanson
2026-06-22 15:42:04.635 [Thread-P1] INFO  com.mp3.desktop.Programme1 - Attente de 10000 ms avant le prochain scan...
2026-06-22 15:42:14.641 [Thread-P1] INFO  com.mp3.desktop.Programme1 - Scan du repertoire : D:\ITU\S6\Mr Naina\Mp4\mp3-desktop\chanson
2026-06-22 15:42:14.648 [Thread-P1] INFO  com.mp3.desktop.Programme1 - Attente de 10000 ms avant le prochain scan...
2026-06-22 15:42:24.650 [Thread-P1] INFO  com.mp3.desktop.Programme1 - Scan du repertoire : D:\ITU\S6\Mr Naina\Mp4\mp3-desktop\chanson
2026-06-22 15:42:24.663 [Thread-P1] INFO  com.mp3.desktop.Programme1 - Attente de 10000 ms avant le prochain scan...
2026-06-22 15:42:34.666 [Thread-P1] INFO  com.mp3.desktop.Programme1 - Scan du repertoire : D:\ITU\S6\Mr Naina\Mp4\mp3-desktop\chanson
2026-06-22 15:42:34.675 [Thread-P1] INFO  com.mp3.desktop.Programme1 - Attente de 10000 ms avant le prochain scan...
2026-06-22 15:42:44.681 [Thread-P1] INFO  com.mp3.desktop.Programme1 - Scan du repertoire : D:\ITU\S6\Mr Naina\Mp4\mp3-desktop\chanson
2026-06-22 15:42:44.687 [Thread-P1] INFO  com.mp3.desktop.Programme1 - Attente de 10000 ms avant le prochain scan...
2026-06-22 15:42:54.692 [Thread-P1] INFO  com.mp3.desktop.Programme1 - Scan du repertoire : D:\ITU\S6\Mr Naina\Mp4\mp3-desktop\chanson
2026-06-22 15:42:54.705 [Thread-P1] INFO  com.mp3.desktop.Programme1 - Attente de 10000 ms avant le prochain scan...
2026-06-22 15:43:04.714 [Thread-P1] INFO  com.mp3.desktop.Programme1 - Scan du repertoire : D:\ITU\S6\Mr Naina\Mp4\mp3-desktop\chanson
2026-06-22 15:43:04.723 [Thread-P1] INFO  com.mp3.desktop.Programme1 - Attente de 10000 ms avant le prochain scan...
2026-06-22 15:43:14.738 [Thread-P1] INFO  com.mp3.desktop.Programme1 - Scan du repertoire : D:\ITU\S6\Mr Naina\Mp4\mp3-desktop\chanson
2026-06-22 15:43:14.746 [Thread-P1] INFO  com.mp3.desktop.Programme1 - Attente de 10000 ms avant le prochain scan...
2026-06-22 15:43:24.748 [Thread-P1] INFO  com.mp3.desktop.Programme1 - Scan du repertoire : D:\ITU\S6\Mr Naina\Mp4\mp3-desktop\chanson
2026-06-22 15:43:24.760 [Thread-P1] INFO  com.mp3.desktop.Programme1 - Attente de 10000 ms avant le prochain scan...
2026-06-22 15:43:34.765 [Thread-P1] INFO  com.mp3.desktop.Programme1 - Scan du repertoire : D:\ITU\S6\Mr Naina\Mp4\mp3-desktop\chanson
2026-06-22 15:43:34.780 [Thread-P1] INFO  com.mp3.desktop.Programme1 - Attente de 10000 ms avant le prochain scan...
2026-06-22 15:43:44.786 [Thread-P1] INFO  com.mp3.desktop.Programme1 - Scan du repertoire : D:\ITU\S6\Mr Naina\Mp4\mp3-desktop\chanson
2026-06-22 15:43:44.807 [Thread-P1] INFO  com.mp3.desktop.Programme1 - Attente de 10000 ms avant le prochain scan...
2026-06-22 15:43:54.822 [Thread-P1] INFO  com.mp3.desktop.Programme1 - Scan du repertoire : D:\ITU\S6\Mr Naina\Mp4\mp3-desktop\chanson
2026-06-22 15:43:54.846 [Thread-P1] INFO  com.mp3.desktop.Programme1 - Attente de 10000 ms avant le prochain scan...
2026-06-22 15:44:04.848 [Thread-P1] INFO  com.mp3.desktop.Programme1 - Scan du repertoire : D:\ITU\S6\Mr Naina\Mp4\mp3-desktop\chanson
2026-06-22 15:44:04.870 [Thread-P1] INFO  com.mp3.desktop.Programme1 - Attente de 10000 ms avant le prochain scan...
2026-06-22 15:44:14.884 [Thread-P1] INFO  com.mp3.desktop.Programme1 - Scan du repertoire : D:\ITU\S6\Mr Naina\Mp4\mp3-desktop\chanson
2026-06-22 15:44:14.906 [Thread-P1] INFO  com.mp3.desktop.Programme1 - Attente de 10000 ms avant le prochain scan...
2026-06-22 15:44:24.913 [Thread-P1] INFO  com.mp3.desktop.Programme1 - Scan du repertoire : D:\ITU\S6\Mr Naina\Mp4\mp3-desktop\chanson
2026-06-22 15:44:24.933 [Thread-P1] INFO  com.mp3.desktop.Programme1 - Attente de 10000 ms avant le prochain scan...
2026-06-22 15:44:34.947 [Thread-P1] INFO  com.mp3.desktop.Programme1 - Scan du repertoire : D:\ITU\S6\Mr Naina\Mp4\mp3-desktop\chanson
2026-06-22 15:44:34.962 [Thread-P1] INFO  com.mp3.desktop.Programme1 - Attente de 10000 ms avant le prochain scan...
2026-06-22 15:44:44.971 [Thread-P1] INFO  com.mp3.desktop.Programme1 - Scan du repertoire : D:\ITU\S6\Mr Naina\Mp4\mp3-desktop\chanson
2026-06-22 15:44:44.996 [Thread-P1] INFO  com.mp3.desktop.Programme1 - Attente de 10000 ms avant le prochain scan...
2026-06-22 15:44:55.008 [Thread-P1] INFO  com.mp3.desktop.Programme1 - Scan du repertoire : D:\ITU\S6\Mr Naina\Mp4\mp3-desktop\chanson
2026-06-22 15:44:55.027 [Thread-P1] INFO  com.mp3.desktop.Programme1 - Attente de 10000 ms avant le prochain scan...
2026-06-22 15:45:05.035 [Thread-P1] INFO  com.mp3.desktop.Programme1 - Scan du repertoire : D:\ITU\S6\Mr Naina\Mp4\mp3-desktop\chanson
2026-06-22 15:45:05.045 [Thread-P1] INFO  com.mp3.desktop.Programme1 - Attente de 10000 ms avant le prochain scan...
2026-06-22 15:45:15.053 [Thread-P1] INFO  com.mp3.desktop.Programme1 - Scan du repertoire : D:\ITU\S6\Mr Naina\Mp4\mp3-desktop\chanson
2026-06-22 15:45:15.074 [Thread-P1] INFO  com.mp3.desktop.Programme1 - Attente de 10000 ms avant le prochain scan...
2026-06-22 15:45:25.082 [Thread-P1] INFO  com.mp3.desktop.Programme1 - Scan du repertoire : D:\ITU\S6\Mr Naina\Mp4\mp3-desktop\chanson
2026-06-22 15:45:25.094 [Thread-P1] INFO  com.mp3.desktop.Programme1 - Attente de 10000 ms avant le prochain scan...
2026-06-22 15:45:35.098 [Thread-P1] INFO  com.mp3.desktop.Programme1 - Scan du repertoire : D:\ITU\S6\Mr Naina\Mp4\mp3-desktop\chanson
2026-06-22 15:45:35.116 [Thread-P1] INFO  com.mp3.desktop.Programme1 - Attente de 10000 ms avant le prochain scan...
2026-06-22 15:45:45.121 [Thread-P1] INFO  com.mp3.desktop.Programme1 - Scan du repertoire : D:\ITU\S6\Mr Naina\Mp4\mp3-desktop\chanson
2026-06-22 15:45:45.136 [Thread-P1] INFO  com.mp3.desktop.Programme1 - Attente de 10000 ms avant le prochain scan...
2026-06-22 15:45:55.149 [Thread-P1] INFO  com.mp3.desktop.Programme1 - Scan du repertoire : D:\ITU\S6\Mr Naina\Mp4\mp3-desktop\chanson
2026-06-22 15:45:55.160 [Thread-P1] INFO  com.mp3.desktop.Programme1 - Attente de 10000 ms avant le prochain scan...
2026-06-22 15:46:05.177 [Thread-P1] INFO  com.mp3.desktop.Programme1 - Scan du repertoire : D:\ITU\S6\Mr Naina\Mp4\mp3-desktop\chanson
2026-06-22 15:46:05.188 [Thread-P1] INFO  com.mp3.desktop.Programme1 - Attente de 10000 ms avant le prochain scan...
2026-06-22 15:46:15.204 [Thread-P1] INFO  com.mp3.desktop.Programme1 - Scan du repertoire : D:\ITU\S6\Mr Naina\Mp4\mp3-desktop\chanson
2026-06-22 15:46:15.226 [Thread-P1] INFO  com.mp3.desktop.Programme1 - Attente de 10000 ms avant le prochain scan...
2026-06-22 15:46:25.245 [Thread-P1] INFO  com.mp3.desktop.Programme1 - Scan du repertoire : D:\ITU\S6\Mr Naina\Mp4\mp3-desktop\chanson
2026-06-22 15:46:25.261 [Thread-P1] INFO  com.mp3.desktop.Programme1 - Attente de 10000 ms avant le prochain scan...
2026-06-22 15:46:35.276 [Thread-P1] INFO  com.mp3.desktop.Programme1 - Scan du repertoire : D:\ITU\S6\Mr Naina\Mp4\mp3-desktop\chanson
2026-06-22 15:46:35.301 [Thread-P1] INFO  com.mp3.desktop.Programme1 - Attente de 10000 ms avant le prochain scan...
2026-06-22 15:46:45.305 [Thread-P1] INFO  com.mp3.desktop.Programme1 - Scan du repertoire : D:\ITU\S6\Mr Naina\Mp4\mp3-desktop\chanson
2026-06-22 15:46:45.310 [Thread-P1] INFO  com.mp3.desktop.Programme1 - Attente de 10000 ms avant le prochain scan...
2026-06-22 15:46:55.316 [Thread-P1] INFO  com.mp3.desktop.Programme1 - Scan du repertoire : D:\ITU\S6\Mr Naina\Mp4\mp3-desktop\chanson
2026-06-22 15:46:55.319 [Thread-P1] INFO  com.mp3.desktop.Programme1 - Attente de 10000 ms avant le prochain scan...
2026-06-22 15:47:05.337 [Thread-P1] INFO  com.mp3.desktop.Programme1 - Scan du repertoire : D:\ITU\S6\Mr Naina\Mp4\mp3-desktop\chanson
2026-06-22 15:47:05.346 [Thread-P1] INFO  com.mp3.desktop.Programme1 - Attente de 10000 ms avant le prochain scan...
2026-06-22 15:47:15.350 [Thread-P1] INFO  com.mp3.desktop.Programme1 - Scan du repertoire : D:\ITU\S6\Mr Naina\Mp4\mp3-desktop\chanson
2026-06-22 15:47:15.359 [Thread-P1] INFO  com.mp3.desktop.Programme1 - Attente de 10000 ms avant le prochain scan...
2026-06-22 15:47:25.370 [Thread-P1] INFO  com.mp3.desktop.Programme1 - Scan du repertoire : D:\ITU\S6\Mr Naina\Mp4\mp3-desktop\chanson
2026-06-22 15:47:25.395 [Thread-P1] INFO  com.mp3.desktop.Programme1 - Attente de 10000 ms avant le prochain scan...
2026-06-22 15:47:35.410 [Thread-P1] INFO  com.mp3.desktop.Programme1 - Scan du repertoire : D:\ITU\S6\Mr Naina\Mp4\mp3-desktop\chanson
2026-06-22 15:47:35.419 [Thread-P1] INFO  com.mp3.desktop.Programme1 - Attente de 10000 ms avant le prochain scan...
2026-06-22 15:47:45.422 [Thread-P1] INFO  com.mp3.desktop.Programme1 - Scan du repertoire : D:\ITU\S6\Mr Naina\Mp4\mp3-desktop\chanson
2026-06-22 15:47:45.447 [Thread-P1] INFO  com.mp3.desktop.Programme1 - Attente de 10000 ms avant le prochain scan...
2026-06-22 15:47:55.449 [Thread-P1] INFO  com.mp3.desktop.Programme1 - Scan du repertoire : D:\ITU\S6\Mr Naina\Mp4\mp3-desktop\chanson
2026-06-22 15:47:55.469 [Thread-P1] INFO  com.mp3.desktop.Programme1 - Attente de 10000 ms avant le prochain scan...
2026-06-22 15:48:05.476 [Thread-P1] INFO  com.mp3.desktop.Programme1 - Scan du repertoire : D:\ITU\S6\Mr Naina\Mp4\mp3-desktop\chanson
2026-06-22 15:48:05.503 [Thread-P1] INFO  com.mp3.desktop.Programme1 - Attente de 10000 ms avant le prochain scan...
2026-06-22 15:48:15.509 [Thread-P1] INFO  com.mp3.desktop.Programme1 - Scan du repertoire : D:\ITU\S6\Mr Naina\Mp4\mp3-desktop\chanson
2026-06-22 15:48:15.519 [Thread-P1] INFO  com.mp3.desktop.Programme1 - Attente de 10000 ms avant le prochain scan...
2026-06-22 15:48:25.534 [Thread-P1] INFO  com.mp3.desktop.Programme1 - Scan du repertoire : D:\ITU\S6\Mr Naina\Mp4\mp3-desktop\chanson
2026-06-22 15:48:25.562 [Thread-P1] INFO  com.mp3.desktop.Programme1 - Attente de 10000 ms avant le prochain scan...
2026-06-22 15:48:35.571 [Thread-P1] INFO  com.mp3.desktop.Programme1 - Scan du repertoire : D:\ITU\S6\Mr Naina\Mp4\mp3-desktop\chanson
2026-06-22 15:48:35.592 [Thread-P1] INFO  com.mp3.desktop.Programme1 - Attente de 10000 ms avant le prochain scan...
2026-06-22 15:48:45.602 [Thread-P1] INFO  com.mp3.desktop.Programme1 - Scan du repertoire : D:\ITU\S6\Mr Naina\Mp4\mp3-desktop\chanson
2026-06-22 15:48:45.625 [Thread-P1] INFO  com.mp3.desktop.Programme1 - Attente de 10000 ms avant le prochain scan...
2026-06-22 15:48:55.630 [Thread-P1] INFO  com.mp3.desktop.Programme1 - Scan du repertoire : D:\ITU\S6\Mr Naina\Mp4\mp3-desktop\chanson
2026-06-22 15:48:55.655 [Thread-P1] INFO  com.mp3.desktop.Programme1 - Attente de 10000 ms avant le prochain scan...
2026-06-22 15:49:05.661 [Thread-P1] INFO  com.mp3.desktop.Programme1 - Scan du repertoire : D:\ITU\S6\Mr Naina\Mp4\mp3-desktop\chanson
2026-06-22 15:49:05.683 [Thread-P1] INFO  com.mp3.desktop.Programme1 - Attente de 10000 ms avant le prochain scan...
2026-06-22 15:49:15.698 [Thread-P1] INFO  com.mp3.desktop.Programme1 - Scan du repertoire : D:\ITU\S6\Mr Naina\Mp4\mp3-desktop\chanson
2026-06-22 15:49:15.719 [Thread-P1] INFO  com.mp3.desktop.Programme1 - Attente de 10000 ms avant le prochain scan...
2026-06-22 15:49:25.730 [Thread-P1] INFO  com.mp3.desktop.Programme1 - Scan du repertoire : D:\ITU\S6\Mr Naina\Mp4\mp3-desktop\chanson
2026-06-22 15:49:25.744 [Thread-P1] INFO  com.mp3.desktop.Programme1 - Attente de 10000 ms avant le prochain scan...
2026-06-22 15:49:35.756 [Thread-P1] INFO  com.mp3.desktop.Programme1 - Scan du repertoire : D:\ITU\S6\Mr Naina\Mp4\mp3-desktop\chanson
2026-06-22 15:49:35.769 [Thread-P1] INFO  com.mp3.desktop.Programme1 - Attente de 10000 ms avant le prochain scan...
2026-06-22 15:49:45.777 [Thread-P1] INFO  com.mp3.desktop.Programme1 - Scan du repertoire : D:\ITU\S6\Mr Naina\Mp4\mp3-desktop\chanson
2026-06-22 15:49:45.801 [Thread-P1] INFO  com.mp3.desktop.Programme1 - Attente de 10000 ms avant le prochain scan...
2026-06-22 15:49:55.806 [Thread-P1] INFO  com.mp3.desktop.Programme1 - Scan du repertoire : D:\ITU\S6\Mr Naina\Mp4\mp3-desktop\chanson
2026-06-22 15:49:55.833 [Thread-P1] INFO  com.mp3.desktop.Programme1 - Attente de 10000 ms avant le prochain scan...
2026-06-22 15:50:05.836 [Thread-P1] INFO  com.mp3.desktop.Programme1 - Scan du repertoire : D:\ITU\S6\Mr Naina\Mp4\mp3-desktop\chanson
2026-06-22 15:50:05.850 [Thread-P1] INFO  com.mp3.desktop.Programme1 - Attente de 10000 ms avant le prochain scan...
2026-06-22 15:50:15.865 [Thread-P1] INFO  com.mp3.desktop.Programme1 - Scan du repertoire : D:\ITU\S6\Mr Naina\Mp4\mp3-desktop\chanson
2026-06-22 15:50:15.888 [Thread-P1] INFO  com.mp3.desktop.Programme1 - Attente de 10000 ms avant le prochain scan...
2026-06-22 15:50:25.897 [Thread-P1] INFO  com.mp3.desktop.Programme1 - Scan du repertoire : D:\ITU\S6\Mr Naina\Mp4\mp3-desktop\chanson
2026-06-22 15:50:25.922 [Thread-P1] INFO  com.mp3.desktop.Programme1 - Attente de 10000 ms avant le prochain scan...
2026-06-22 15:50:35.927 [Thread-P1] INFO  com.mp3.desktop.Programme1 - Scan du repertoire : D:\ITU\S6\Mr Naina\Mp4\mp3-desktop\chanson
2026-06-22 15:50:35.950 [Thread-P1] INFO  com.mp3.desktop.Programme1 - Attente de 10000 ms avant le prochain scan...
2026-06-22 15:50:45.960 [Thread-P1] INFO  com.mp3.desktop.Programme1 - Scan du repertoire : D:\ITU\S6\Mr Naina\Mp4\mp3-desktop\chanson
2026-06-22 15:50:45.975 [Thread-P1] INFO  com.mp3.desktop.Programme1 - Attente de 10000 ms avant le prochain scan...
2026-06-22 15:50:55.990 [Thread-P1] INFO  com.mp3.desktop.Programme1 - Scan du repertoire : D:\ITU\S6\Mr Naina\Mp4\mp3-desktop\chanson
2026-06-22 15:50:56.013 [Thread-P1] INFO  com.mp3.desktop.Programme1 - Attente de 10000 ms avant le prochain scan...
2026-06-22 15:51:06.023 [Thread-P1] INFO  com.mp3.desktop.Programme1 - Scan du repertoire : D:\ITU\S6\Mr Naina\Mp4\mp3-desktop\chanson
2026-06-22 15:51:06.045 [Thread-P1] INFO  com.mp3.desktop.Programme1 - Attente de 10000 ms avant le prochain scan...
2026-06-22 15:51:16.050 [Thread-P1] INFO  com.mp3.desktop.Programme1 - Scan du repertoire : D:\ITU\S6\Mr Naina\Mp4\mp3-desktop\chanson
2026-06-22 15:51:16.059 [Thread-P1] INFO  com.mp3.desktop.Programme1 - Attente de 10000 ms avant le prochain scan...
2026-06-22 15:51:26.066 [Thread-P1] INFO  com.mp3.desktop.Programme1 - Scan du repertoire : D:\ITU\S6\Mr Naina\Mp4\mp3-desktop\chanson
2026-06-22 15:51:26.090 [Thread-P1] INFO  com.mp3.desktop.Programme1 - Attente de 10000 ms avant le prochain scan...
2026-06-22 15:51:36.094 [Thread-P1] INFO  com.mp3.desktop.Programme1 - Scan du repertoire : D:\ITU\S6\Mr Naina\Mp4\mp3-desktop\chanson
2026-06-22 15:51:36.109 [Thread-P1] INFO  com.mp3.desktop.Programme1 - Attente de 10000 ms avant le prochain scan...
2026-06-22 15:51:46.124 [Thread-P1] INFO  com.mp3.desktop.Programme1 - Scan du repertoire : D:\ITU\S6\Mr Naina\Mp4\mp3-desktop\chanson
2026-06-22 15:51:46.137 [Thread-P1] INFO  com.mp3.desktop.Programme1 - Attente de 10000 ms avant le prochain scan...
2026-06-22 15:51:56.138 [Thread-P1] INFO  com.mp3.desktop.Programme1 - Scan du repertoire : D:\ITU\S6\Mr Naina\Mp4\mp3-desktop\chanson
2026-06-22 15:51:56.171 [Thread-P1] INFO  com.mp3.desktop.Programme1 - Attente de 10000 ms avant le prochain scan...
2026-06-22 15:52:06.186 [Thread-P1] INFO  com.mp3.desktop.Programme1 - Scan du repertoire : D:\ITU\S6\Mr Naina\Mp4\mp3-desktop\chanson
2026-06-22 15:52:06.211 [Thread-P1] INFO  com.mp3.desktop.Programme1 - Attente de 10000 ms avant le prochain scan...
2026-06-22 15:52:16.213 [Thread-P1] INFO  com.mp3.desktop.Programme1 - Scan du repertoire : D:\ITU\S6\Mr Naina\Mp4\mp3-desktop\chanson
2026-06-22 15:52:16.233 [Thread-P1] INFO  com.mp3.desktop.Programme1 - Attente de 10000 ms avant le prochain scan...
2026-06-22 15:52:26.244 [Thread-P1] INFO  com.mp3.desktop.Programme1 - Scan du repertoire : D:\ITU\S6\Mr Naina\Mp4\mp3-desktop\chanson
2026-06-22 15:52:26.267 [Thread-P1] INFO  com.mp3.desktop.Programme1 - Attente de 10000 ms avant le prochain scan...
2026-06-22 15:52:36.273 [Thread-P1] INFO  com.mp3.desktop.Programme1 - Scan du repertoire : D:\ITU\S6\Mr Naina\Mp4\mp3-desktop\chanson
2026-06-22 15:52:36.296 [Thread-P1] INFO  com.mp3.desktop.Programme1 - Attente de 10000 ms avant le prochain scan...
2026-06-22 15:52:46.302 [Thread-P1] INFO  com.mp3.desktop.Programme1 - Scan du repertoire : D:\ITU\S6\Mr Naina\Mp4\mp3-desktop\chanson
2026-06-22 15:52:46.313 [Thread-P1] INFO  com.mp3.desktop.Programme1 - Attente de 10000 ms avant le prochain scan...
2026-06-22 15:52:56.324 [Thread-P1] INFO  com.mp3.desktop.Programme1 - Scan du repertoire : D:\ITU\S6\Mr Naina\Mp4\mp3-desktop\chanson
2026-06-22 15:52:56.348 [Thread-P1] INFO  com.mp3.desktop.Programme1 - Attente de 10000 ms avant le prochain scan...
2026-06-22 15:53:06.356 [Thread-P1] INFO  com.mp3.desktop.Programme1 - Scan du repertoire : D:\ITU\S6\Mr Naina\Mp4\mp3-desktop\chanson
2026-06-22 15:53:06.371 [Thread-P1] INFO  com.mp3.desktop.Programme1 - Attente de 10000 ms avant le prochain scan...
2026-06-22 15:53:16.372 [Thread-P1] INFO  com.mp3.desktop.Programme1 - Scan du repertoire : D:\ITU\S6\Mr Naina\Mp4\mp3-desktop\chanson
2026-06-22 15:53:16.391 [Thread-P1] INFO  com.mp3.desktop.Programme1 - Attente de 10000 ms avant le prochain scan...
2026-06-22 15:53:26.396 [Thread-P1] INFO  com.mp3.desktop.Programme1 - Scan du repertoire : D:\ITU\S6\Mr Naina\Mp4\mp3-desktop\chanson
2026-06-22 15:53:26.423 [Thread-P1] INFO  com.mp3.desktop.Programme1 - Attente de 10000 ms avant le prochain scan...
2026-06-22 15:53:36.427 [Thread-P1] INFO  com.mp3.desktop.Programme1 - Scan du repertoire : D:\ITU\S6\Mr Naina\Mp4\mp3-desktop\chanson
2026-06-22 15:53:36.440 [Thread-P1] INFO  com.mp3.desktop.Programme1 - Attente de 10000 ms avant le prochain scan...
2026-06-22 15:53:46.454 [Thread-P1] INFO  com.mp3.desktop.Programme1 - Scan du repertoire : D:\ITU\S6\Mr Naina\Mp4\mp3-desktop\chanson
2026-06-22 15:53:46.461 [Thread-P1] INFO  com.mp3.desktop.Programme1 - Attente de 10000 ms avant le prochain scan...
2026-06-22 15:53:56.470 [Thread-P1] INFO  com.mp3.desktop.Programme1 - Scan du repertoire : D:\ITU\S6\Mr Naina\Mp4\mp3-desktop\chanson
2026-06-22 15:53:56.482 [Thread-P1] INFO  com.mp3.desktop.Programme1 - Attente de 10000 ms avant le prochain scan...
2026-06-22 15:54:06.484 [Thread-P1] INFO  com.mp3.desktop.Programme1 - Scan du repertoire : D:\ITU\S6\Mr Naina\Mp4\mp3-desktop\chanson
2026-06-22 15:54:06.504 [Thread-P1] INFO  com.mp3.desktop.Programme1 - Attente de 10000 ms avant le prochain scan...
2026-06-22 15:54:16.513 [Thread-P1] INFO  com.mp3.desktop.Programme1 - Scan du repertoire : D:\ITU\S6\Mr Naina\Mp4\mp3-desktop\chanson
2026-06-22 15:54:16.519 [Thread-P1] INFO  com.mp3.desktop.Programme1 - Attente de 10000 ms avant le prochain scan...
2026-06-22 15:54:26.527 [Thread-P1] INFO  com.mp3.desktop.Programme1 - Scan du repertoire : D:\ITU\S6\Mr Naina\Mp4\mp3-desktop\chanson
2026-06-22 15:54:26.532 [Thread-P1] INFO  com.mp3.desktop.Programme1 - Attente de 10000 ms avant le prochain scan...
2026-06-22 15:54:36.539 [Thread-P1] INFO  com.mp3.desktop.Programme1 - Scan du repertoire : D:\ITU\S6\Mr Naina\Mp4\mp3-desktop\chanson
2026-06-22 15:54:36.541 [Thread-P1] INFO  com.mp3.desktop.Programme1 - Attente de 10000 ms avant le prochain scan...
2026-06-22 15:54:46.554 [Thread-P1] INFO  com.mp3.desktop.Programme1 - Scan du repertoire : D:\ITU\S6\Mr Naina\Mp4\mp3-desktop\chanson
2026-06-22 15:54:46.565 [Thread-P1] INFO  com.mp3.desktop.Programme1 - Attente de 10000 ms avant le prochain scan...
2026-06-22 15:54:56.566 [Thread-P1] INFO  com.mp3.desktop.Programme1 - Scan du repertoire : D:\ITU\S6\Mr Naina\Mp4\mp3-desktop\chanson
2026-06-22 15:54:56.568 [Thread-P1] INFO  com.mp3.desktop.Programme1 - Attente de 10000 ms avant le prochain scan...
2026-06-22 15:55:06.579 [Thread-P1] INFO  com.mp3.desktop.Programme1 - Scan du repertoire : D:\ITU\S6\Mr Naina\Mp4\mp3-desktop\chanson
2026-06-22 15:55:06.595 [Thread-P1] INFO  com.mp3.desktop.Programme1 - Attente de 10000 ms avant le prochain scan...
2026-06-22 15:55:16.606 [Thread-P1] INFO  com.mp3.desktop.Programme1 - Scan du repertoire : D:\ITU\S6\Mr Naina\Mp4\mp3-desktop\chanson
2026-06-22 15:55:16.619 [Thread-P1] INFO  com.mp3.desktop.Programme1 - Attente de 10000 ms avant le prochain scan...
2026-06-22 15:55:26.622 [Thread-P1] INFO  com.mp3.desktop.Programme1 - Scan du repertoire : D:\ITU\S6\Mr Naina\Mp4\mp3-desktop\chanson
2026-06-22 15:55:26.645 [Thread-P1] INFO  com.mp3.desktop.Programme1 - Attente de 10000 ms avant le prochain scan...
2026-06-22 15:55:36.654 [Thread-P1] INFO  com.mp3.desktop.Programme1 - Scan du repertoire : D:\ITU\S6\Mr Naina\Mp4\mp3-desktop\chanson
2026-06-22 15:55:36.672 [Thread-P1] INFO  com.mp3.desktop.Programme1 - Attente de 10000 ms avant le prochain scan...
2026-06-22 15:55:46.682 [Thread-P1] INFO  com.mp3.desktop.Programme1 - Scan du repertoire : D:\ITU\S6\Mr Naina\Mp4\mp3-desktop\chanson
2026-06-22 15:55:46.690 [Thread-P1] INFO  com.mp3.desktop.Programme1 - Attente de 10000 ms avant le prochain scan...
2026-06-22 15:55:56.706 [Thread-P1] INFO  com.mp3.desktop.Programme1 - Scan du repertoire : D:\ITU\S6\Mr Naina\Mp4\mp3-desktop\chanson
2026-06-22 15:55:56.721 [Thread-P1] INFO  com.mp3.desktop.Programme1 - Attente de 10000 ms avant le prochain scan...
2026-06-22 15:56:06.731 [Thread-P1] INFO  com.mp3.desktop.Programme1 - Scan du repertoire : D:\ITU\S6\Mr Naina\Mp4\mp3-desktop\chanson
2026-06-22 15:56:06.747 [Thread-P1] INFO  com.mp3.desktop.Programme1 - Attente de 10000 ms avant le prochain scan...
2026-06-22 15:56:16.766 [Thread-P1] INFO  com.mp3.desktop.Programme1 - Scan du repertoire : D:\ITU\S6\Mr Naina\Mp4\mp3-desktop\chanson
2026-06-22 15:56:16.791 [Thread-P1] INFO  com.mp3.desktop.Programme1 - Attente de 10000 ms avant le prochain scan...
2026-06-22 15:56:26.795 [Thread-P1] INFO  com.mp3.desktop.Programme1 - Scan du repertoire : D:\ITU\S6\Mr Naina\Mp4\mp3-desktop\chanson
2026-06-22 15:56:26.811 [Thread-P1] INFO  com.mp3.desktop.Programme1 - Attente de 10000 ms avant le prochain scan...
2026-06-22 15:56:36.822 [Thread-P1] INFO  com.mp3.desktop.Programme1 - Scan du repertoire : D:\ITU\S6\Mr Naina\Mp4\mp3-desktop\chanson
2026-06-22 15:56:36.831 [Thread-P1] INFO  com.mp3.desktop.Programme1 - Attente de 10000 ms avant le prochain scan...
2026-06-22 15:56:46.843 [Thread-P1] INFO  com.mp3.desktop.Programme1 - Scan du repertoire : D:\ITU\S6\Mr Naina\Mp4\mp3-desktop\chanson
2026-06-22 15:56:46.858 [Thread-P1] INFO  com.mp3.desktop.Programme1 - Attente de 10000 ms avant le prochain scan...
2026-06-22 15:56:56.861 [Thread-P1] INFO  com.mp3.desktop.Programme1 - Scan du repertoire : D:\ITU\S6\Mr Naina\Mp4\mp3-desktop\chanson
2026-06-22 15:56:56.869 [Thread-P1] INFO  com.mp3.desktop.Programme1 - Attente de 10000 ms avant le prochain scan...
2026-06-22 15:57:06.881 [Thread-P1] INFO  com.mp3.desktop.Programme1 - Scan du repertoire : D:\ITU\S6\Mr Naina\Mp4\mp3-desktop\chanson
2026-06-22 15:57:06.891 [Thread-P1] INFO  com.mp3.desktop.Programme1 - Attente de 10000 ms avant le prochain scan...
2026-06-22 15:57:16.893 [Thread-P1] INFO  com.mp3.desktop.Programme1 - Scan du repertoire : D:\ITU\S6\Mr Naina\Mp4\mp3-desktop\chanson
2026-06-22 15:57:16.911 [Thread-P1] INFO  com.mp3.desktop.Programme1 - Attente de 10000 ms avant le prochain scan...
2026-06-22 15:57:26.926 [Thread-P1] INFO  com.mp3.desktop.Programme1 - Scan du repertoire : D:\ITU\S6\Mr Naina\Mp4\mp3-desktop\chanson
2026-06-22 15:57:26.951 [Thread-P1] INFO  com.mp3.desktop.Programme1 - Attente de 10000 ms avant le prochain scan...
2026-06-22 15:57:36.968 [Thread-P1] INFO  com.mp3.desktop.Programme1 - Scan du repertoire : D:\ITU\S6\Mr Naina\Mp4\mp3-desktop\chanson
2026-06-22 15:57:36.979 [Thread-P1] INFO  com.mp3.desktop.Programme1 - Attente de 10000 ms avant le prochain scan...
2026-06-22 15:57:46.989 [Thread-P1] INFO  com.mp3.desktop.Programme1 - Scan du repertoire : D:\ITU\S6\Mr Naina\Mp4\mp3-desktop\chanson
2026-06-22 15:57:47.010 [Thread-P1] INFO  com.mp3.desktop.Programme1 - Attente de 10000 ms avant le prochain scan...
2026-06-22 15:57:57.024 [Thread-P1] INFO  com.mp3.desktop.Programme1 - Scan du repertoire : D:\ITU\S6\Mr Naina\Mp4\mp3-desktop\chanson
2026-06-22 15:57:57.032 [Thread-P1] INFO  com.mp3.desktop.Programme1 - Attente de 10000 ms avant le prochain scan...
2026-06-22 15:58:07.050 [Thread-P1] INFO  com.mp3.desktop.Programme1 - Scan du repertoire : D:\ITU\S6\Mr Naina\Mp4\mp3-desktop\chanson
2026-06-22 15:58:07.070 [Thread-P1] INFO  com.mp3.desktop.Programme1 - Attente de 10000 ms avant le prochain scan...
2026-06-22 15:58:17.081 [Thread-P1] INFO  com.mp3.desktop.Programme1 - Scan du repertoire : D:\ITU\S6\Mr Naina\Mp4\mp3-desktop\chanson
2026-06-22 15:58:17.095 [Thread-P1] INFO  com.mp3.desktop.Programme1 - Attente de 10000 ms avant le prochain scan...
2026-06-22 15:58:27.106 [Thread-P1] INFO  com.mp3.desktop.Programme1 - Scan du repertoire : D:\ITU\S6\Mr Naina\Mp4\mp3-desktop\chanson
2026-06-22 15:58:27.133 [Thread-P1] INFO  com.mp3.desktop.Programme1 - Attente de 10000 ms avant le prochain scan...
2026-06-22 15:58:37.138 [Thread-P1] INFO  com.mp3.desktop.Programme1 - Scan du repertoire : D:\ITU\S6\Mr Naina\Mp4\mp3-desktop\chanson
2026-06-22 15:58:37.158 [Thread-P1] INFO  com.mp3.desktop.Programme1 - Attente de 10000 ms avant le prochain scan...
2026-06-22 15:58:47.172 [Thread-P1] INFO  com.mp3.desktop.Programme1 - Scan du repertoire : D:\ITU\S6\Mr Naina\Mp4\mp3-desktop\chanson
2026-06-22 15:58:47.191 [Thread-P1] INFO  com.mp3.desktop.Programme1 - Attente de 10000 ms avant le prochain scan...
2026-06-22 15:58:57.205 [Thread-P1] INFO  com.mp3.desktop.Programme1 - Scan du repertoire : D:\ITU\S6\Mr Naina\Mp4\mp3-desktop\chanson
2026-06-22 15:58:57.231 [Thread-P1] INFO  com.mp3.desktop.Programme1 - Attente de 10000 ms avant le prochain scan...
2026-06-22 15:59:07.236 [Thread-P1] INFO  com.mp3.desktop.Programme1 - Scan du repertoire : D:\ITU\S6\Mr Naina\Mp4\mp3-desktop\chanson
2026-06-22 15:59:07.258 [Thread-P1] INFO  com.mp3.desktop.Programme1 - Attente de 10000 ms avant le prochain scan...
2026-06-22 15:59:17.263 [Thread-P1] INFO  com.mp3.desktop.Programme1 - Scan du repertoire : D:\ITU\S6\Mr Naina\Mp4\mp3-desktop\chanson
2026-06-22 15:59:17.268 [Thread-P1] INFO  com.mp3.desktop.Programme1 - Attente de 10000 ms avant le prochain scan...
2026-06-22 15:59:27.278 [Thread-P1] INFO  com.mp3.desktop.Programme1 - Scan du repertoire : D:\ITU\S6\Mr Naina\Mp4\mp3-desktop\chanson
2026-06-22 15:59:27.295 [Thread-P1] INFO  com.mp3.desktop.Programme1 - Attente de 10000 ms avant le prochain scan...
2026-06-22 15:59:37.318 [Thread-P1] INFO  com.mp3.desktop.Programme1 - Scan du repertoire : D:\ITU\S6\Mr Naina\Mp4\mp3-desktop\chanson
2026-06-22 15:59:37.339 [Thread-P1] INFO  com.mp3.desktop.Programme1 - Attente de 10000 ms avant le prochain scan...
2026-06-22 15:59:47.342 [Thread-P1] INFO  com.mp3.desktop.Programme1 - Scan du repertoire : D:\ITU\S6\Mr Naina\Mp4\mp3-desktop\chanson
2026-06-22 15:59:47.357 [Thread-P1] INFO  com.mp3.desktop.Programme1 - Attente de 10000 ms avant le prochain scan...
2026-06-22 15:59:57.361 [Thread-P1] INFO  com.mp3.desktop.Programme1 - Scan du repertoire : D:\ITU\S6\Mr Naina\Mp4\mp3-desktop\chanson
2026-06-22 15:59:57.383 [Thread-P1] INFO  com.mp3.desktop.Programme1 - Attente de 10000 ms avant le prochain scan...
2026-06-22 16:00:07.400 [Thread-P1] INFO  com.mp3.desktop.Programme1 - Scan du repertoire : D:\ITU\S6\Mr Naina\Mp4\mp3-desktop\chanson
2026-06-22 16:00:07.410 [Thread-P1] INFO  com.mp3.desktop.Programme1 - Attente de 10000 ms avant le prochain scan...
2026-06-22 16:00:17.414 [Thread-P1] INFO  com.mp3.desktop.Programme1 - Scan du repertoire : D:\ITU\S6\Mr Naina\Mp4\mp3-desktop\chanson
2026-06-22 16:00:17.439 [Thread-P1] INFO  com.mp3.desktop.Programme1 - Attente de 10000 ms avant le prochain scan...
2026-06-22 16:00:27.441 [Thread-P1] INFO  com.mp3.desktop.Programme1 - Scan du repertoire : D:\ITU\S6\Mr Naina\Mp4\mp3-desktop\chanson
2026-06-22 16:00:27.452 [Thread-P1] INFO  com.mp3.desktop.Programme1 - Attente de 10000 ms avant le prochain scan...
2026-06-22 16:00:37.467 [Thread-P1] INFO  com.mp3.desktop.Programme1 - Scan du repertoire : D:\ITU\S6\Mr Naina\Mp4\mp3-desktop\chanson
2026-06-22 16:00:37.493 [Thread-P1] INFO  com.mp3.desktop.Programme1 - Attente de 10000 ms avant le prochain scan...
2026-06-22 16:00:47.494 [Thread-P1] INFO  com.mp3.desktop.Programme1 - Scan du repertoire : D:\ITU\S6\Mr Naina\Mp4\mp3-desktop\chanson
2026-06-22 16:00:47.504 [Thread-P1] INFO  com.mp3.desktop.Programme1 - Attente de 10000 ms avant le prochain scan...
2026-06-22 16:00:57.515 [Thread-P1] INFO  com.mp3.desktop.Programme1 - Scan du repertoire : D:\ITU\S6\Mr Naina\Mp4\mp3-desktop\chanson
2026-06-22 16:00:57.544 [Thread-P1] INFO  com.mp3.desktop.Programme1 - Attente de 10000 ms avant le prochain scan...
2026-06-22 16:01:07.554 [Thread-P1] INFO  com.mp3.desktop.Programme1 - Scan du repertoire : D:\ITU\S6\Mr Naina\Mp4\mp3-desktop\chanson
2026-06-22 16:01:07.563 [Thread-P1] INFO  com.mp3.desktop.Programme1 - Attente de 10000 ms avant le prochain scan...
2026-06-22 16:01:17.576 [Thread-P1] INFO  com.mp3.desktop.Programme1 - Scan du repertoire : D:\ITU\S6\Mr Naina\Mp4\mp3-desktop\chanson
2026-06-22 16:01:17.604 [Thread-P1] INFO  com.mp3.desktop.Programme1 - Attente de 10000 ms avant le prochain scan...
2026-06-22 16:01:27.620 [Thread-P1] INFO  com.mp3.desktop.Programme1 - Scan du repertoire : D:\ITU\S6\Mr Naina\Mp4\mp3-desktop\chanson
2026-06-22 16:01:27.656 [Thread-P1] INFO  com.mp3.desktop.Programme1 - Attente de 10000 ms avant le prochain scan...
2026-06-22 16:01:37.665 [Thread-P1] INFO  com.mp3.desktop.Programme1 - Scan du repertoire : D:\ITU\S6\Mr Naina\Mp4\mp3-desktop\chanson
2026-06-22 16:01:37.689 [Thread-P1] INFO  com.mp3.desktop.Programme1 - Attente de 10000 ms avant le prochain scan...
2026-06-22 16:01:47.695 [Thread-P1] INFO  com.mp3.desktop.Programme1 - Scan du repertoire : D:\ITU\S6\Mr Naina\Mp4\mp3-desktop\chanson
2026-06-22 16:01:47.709 [Thread-P1] INFO  com.mp3.desktop.Programme1 - Attente de 10000 ms avant le prochain scan...
2026-06-22 16:01:57.724 [Thread-P1] INFO  com.mp3.desktop.Programme1 - Scan du repertoire : D:\ITU\S6\Mr Naina\Mp4\mp3-desktop\chanson
2026-06-22 16:01:57.746 [Thread-P1] INFO  com.mp3.desktop.Programme1 - Attente de 10000 ms avant le prochain scan...
2026-06-22 16:02:07.751 [Thread-P1] INFO  com.mp3.desktop.Programme1 - Scan du repertoire : D:\ITU\S6\Mr Naina\Mp4\mp3-desktop\chanson
2026-06-22 16:02:07.759 [Thread-P1] INFO  com.mp3.desktop.Programme1 - Attente de 10000 ms avant le prochain scan...
2026-06-22 16:02:17.768 [Thread-P1] INFO  com.mp3.desktop.Programme1 - Scan du repertoire : D:\ITU\S6\Mr Naina\Mp4\mp3-desktop\chanson
2026-06-22 16:02:17.786 [Thread-P1] INFO  com.mp3.desktop.Programme1 - Attente de 10000 ms avant le prochain scan...
2026-06-22 16:02:27.794 [Thread-P1] INFO  com.mp3.desktop.Programme1 - Scan du repertoire : D:\ITU\S6\Mr Naina\Mp4\mp3-desktop\chanson
2026-06-22 16:02:27.815 [Thread-P1] INFO  com.mp3.desktop.Programme1 - Attente de 10000 ms avant le prochain scan...
2026-06-22 16:02:37.829 [Thread-P1] INFO  com.mp3.desktop.Programme1 - Scan du repertoire : D:\ITU\S6\Mr Naina\Mp4\mp3-desktop\chanson
2026-06-22 16:02:37.841 [Thread-P1] INFO  com.mp3.desktop.Programme1 - Attente de 10000 ms avant le prochain scan...
2026-06-22 16:02:47.844 [Thread-P1] INFO  com.mp3.desktop.Programme1 - Scan du repertoire : D:\ITU\S6\Mr Naina\Mp4\mp3-desktop\chanson
2026-06-22 16:02:47.864 [Thread-P1] INFO  com.mp3.desktop.Programme1 - Attente de 10000 ms avant le prochain scan...
2026-06-22 16:02:57.872 [Thread-P1] INFO  com.mp3.desktop.Programme1 - Scan du repertoire : D:\ITU\S6\Mr Naina\Mp4\mp3-desktop\chanson
2026-06-22 16:02:57.897 [Thread-P1] INFO  com.mp3.desktop.Programme1 - Attente de 10000 ms avant le prochain scan...
2026-06-22 16:03:07.900 [Thread-P1] INFO  com.mp3.desktop.Programme1 - Scan du repertoire : D:\ITU\S6\Mr Naina\Mp4\mp3-desktop\chanson
2026-06-22 16:03:07.910 [Thread-P1] INFO  com.mp3.desktop.Programme1 - Attente de 10000 ms avant le prochain scan...
2026-06-22 16:03:17.912 [Thread-P1] INFO  com.mp3.desktop.Programme1 - Scan du repertoire : D:\ITU\S6\Mr Naina\Mp4\mp3-desktop\chanson
2026-06-22 16:03:17.920 [Thread-P1] INFO  com.mp3.desktop.Programme1 - Attente de 10000 ms avant le prochain scan...
2026-06-22 16:03:27.920 [Thread-P1] INFO  com.mp3.desktop.Programme1 - Scan du repertoire : D:\ITU\S6\Mr Naina\Mp4\mp3-desktop\chanson
2026-06-22 16:03:27.943 [Thread-P1] INFO  com.mp3.desktop.Programme1 - Attente de 10000 ms avant le prochain scan...
2026-06-22 16:03:37.951 [Thread-P1] INFO  com.mp3.desktop.Programme1 - Scan du repertoire : D:\ITU\S6\Mr Naina\Mp4\mp3-desktop\chanson
2026-06-22 16:03:37.969 [Thread-P1] INFO  com.mp3.desktop.Programme1 - Attente de 10000 ms avant le prochain scan...
2026-06-22 16:03:47.980 [Thread-P1] INFO  com.mp3.desktop.Programme1 - Scan du repertoire : D:\ITU\S6\Mr Naina\Mp4\mp3-desktop\chanson
2026-06-22 16:03:48.002 [Thread-P1] INFO  com.mp3.desktop.Programme1 - Attente de 10000 ms avant le prochain scan...
2026-06-22 16:03:58.016 [Thread-P1] INFO  com.mp3.desktop.Programme1 - Scan du repertoire : D:\ITU\S6\Mr Naina\Mp4\mp3-desktop\chanson
2026-06-22 16:03:58.040 [Thread-P1] INFO  com.mp3.desktop.Programme1 - Attente de 10000 ms avant le prochain scan...
2026-06-22 16:04:08.047 [Thread-P1] INFO  com.mp3.desktop.Programme1 - Scan du repertoire : D:\ITU\S6\Mr Naina\Mp4\mp3-desktop\chanson
2026-06-22 16:04:08.059 [Thread-P1] INFO  com.mp3.desktop.Programme1 - Attente de 10000 ms avant le prochain scan...
2026-06-22 16:04:18.063 [Thread-P1] INFO  com.mp3.desktop.Programme1 - Scan du repertoire : D:\ITU\S6\Mr Naina\Mp4\mp3-desktop\chanson
2026-06-22 16:04:18.087 [Thread-P1] INFO  com.mp3.desktop.Programme1 - Attente de 10000 ms avant le prochain scan...
2026-06-22 16:04:28.097 [Thread-P1] INFO  com.mp3.desktop.Programme1 - Scan du repertoire : D:\ITU\S6\Mr Naina\Mp4\mp3-desktop\chanson
2026-06-22 16:04:28.110 [Thread-P1] INFO  com.mp3.desktop.Programme1 - Attente de 10000 ms avant le prochain scan...
2026-06-22 16:04:38.117 [Thread-P1] INFO  com.mp3.desktop.Programme1 - Scan du repertoire : D:\ITU\S6\Mr Naina\Mp4\mp3-desktop\chanson
2026-06-22 16:04:38.148 [Thread-P1] INFO  com.mp3.desktop.Programme1 - Attente de 10000 ms avant le prochain scan...
2026-06-22 16:04:48.154 [Thread-P1] INFO  com.mp3.desktop.Programme1 - Scan du repertoire : D:\ITU\S6\Mr Naina\Mp4\mp3-desktop\chanson
2026-06-22 16:04:48.170 [Thread-P1] INFO  com.mp3.desktop.Programme1 - Attente de 10000 ms avant le prochain scan...
2026-06-22 16:04:58.172 [Thread-P1] INFO  com.mp3.desktop.Programme1 - Scan du repertoire : D:\ITU\S6\Mr Naina\Mp4\mp3-desktop\chanson
2026-06-22 16:04:58.181 [Thread-P1] INFO  com.mp3.desktop.Programme1 - Attente de 10000 ms avant le prochain scan...
2026-06-22 16:05:08.182 [Thread-P1] INFO  com.mp3.desktop.Programme1 - Scan du repertoire : D:\ITU\S6\Mr Naina\Mp4\mp3-desktop\chanson
2026-06-22 16:05:08.197 [Thread-P1] INFO  com.mp3.desktop.Programme1 - Attente de 10000 ms avant le prochain scan...
2026-06-22 16:05:18.209 [Thread-P1] INFO  com.mp3.desktop.Programme1 - Scan du repertoire : D:\ITU\S6\Mr Naina\Mp4\mp3-desktop\chanson
2026-06-22 16:05:18.221 [Thread-P1] INFO  com.mp3.desktop.Programme1 - Attente de 10000 ms avant le prochain scan...
2026-06-22 16:05:28.222 [Thread-P1] INFO  com.mp3.desktop.Programme1 - Scan du repertoire : D:\ITU\S6\Mr Naina\Mp4\mp3-desktop\chanson
2026-06-22 16:05:28.250 [Thread-P1] INFO  com.mp3.desktop.Programme1 - Attente de 10000 ms avant le prochain scan...
2026-06-22 16:05:38.251 [Thread-P1] INFO  com.mp3.desktop.Programme1 - Scan du repertoire : D:\ITU\S6\Mr Naina\Mp4\mp3-desktop\chanson
2026-06-22 16:05:38.275 [Thread-P1] INFO  com.mp3.desktop.Programme1 - Attente de 10000 ms avant le prochain scan...
2026-06-22 16:05:48.291 [Thread-P1] INFO  com.mp3.desktop.Programme1 - Scan du repertoire : D:\ITU\S6\Mr Naina\Mp4\mp3-desktop\chanson
2026-06-22 16:05:48.315 [Thread-P1] INFO  com.mp3.desktop.Programme1 - Attente de 10000 ms avant le prochain scan...
2026-06-22 16:05:58.322 [Thread-P1] INFO  com.mp3.desktop.Programme1 - Scan du repertoire : D:\ITU\S6\Mr Naina\Mp4\mp3-desktop\chanson
2026-06-22 16:05:58.349 [Thread-P1] INFO  com.mp3.desktop.Programme1 - Attente de 10000 ms avant le prochain scan...
2026-06-22 16:06:08.365 [Thread-P1] INFO  com.mp3.desktop.Programme1 - Scan du repertoire : D:\ITU\S6\Mr Naina\Mp4\mp3-desktop\chanson
2026-06-22 16:06:08.389 [Thread-P1] INFO  com.mp3.desktop.Programme1 - Attente de 10000 ms avant le prochain scan...
2026-06-22 16:06:18.392 [Thread-P1] INFO  com.mp3.desktop.Programme1 - Scan du repertoire : D:\ITU\S6\Mr Naina\Mp4\mp3-desktop\chanson
2026-06-22 16:06:18.406 [Thread-P1] INFO  com.mp3.desktop.Programme1 - Attente de 10000 ms avant le prochain scan...
2026-06-22 16:06:28.421 [Thread-P1] INFO  com.mp3.desktop.Programme1 - Scan du repertoire : D:\ITU\S6\Mr Naina\Mp4\mp3-desktop\chanson
2026-06-22 16:06:28.449 [Thread-P1] INFO  com.mp3.desktop.Programme1 - Attente de 10000 ms avant le prochain scan...
2026-06-22 16:06:38.465 [Thread-P1] INFO  com.mp3.desktop.Programme1 - Scan du repertoire : D:\ITU\S6\Mr Naina\Mp4\mp3-desktop\chanson
2026-06-22 16:06:38.475 [Thread-P1] INFO  com.mp3.desktop.Programme1 - Attente de 10000 ms avant le prochain scan...
2026-06-22 16:06:48.477 [Thread-P1] INFO  com.mp3.desktop.Programme1 - Scan du repertoire : D:\ITU\S6\Mr Naina\Mp4\mp3-desktop\chanson
2026-06-22 16:06:48.511 [Thread-P1] INFO  com.mp3.desktop.Programme1 - Attente de 10000 ms avant le prochain scan...
2026-06-22 16:06:58.521 [Thread-P1] INFO  com.mp3.desktop.Programme1 - Scan du repertoire : D:\ITU\S6\Mr Naina\Mp4\mp3-desktop\chanson
2026-06-22 16:06:58.531 [Thread-P1] INFO  com.mp3.desktop.Programme1 - Attente de 10000 ms avant le prochain scan...
2026-06-22 16:07:08.540 [Thread-P1] INFO  com.mp3.desktop.Programme1 - Scan du repertoire : D:\ITU\S6\Mr Naina\Mp4\mp3-desktop\chanson
2026-06-22 16:07:08.554 [Thread-P1] INFO  com.mp3.desktop.Programme1 - Attente de 10000 ms avant le prochain scan...
2026-06-22 16:07:18.558 [Thread-P1] INFO  com.mp3.desktop.Programme1 - Scan du repertoire : D:\ITU\S6\Mr Naina\Mp4\mp3-desktop\chanson
2026-06-22 16:07:18.582 [Thread-P1] INFO  com.mp3.desktop.Programme1 - Attente de 10000 ms avant le prochain scan...
2026-06-22 16:07:28.585 [Thread-P1] INFO  com.mp3.desktop.Programme1 - Scan du repertoire : D:\ITU\S6\Mr Naina\Mp4\mp3-desktop\chanson
2026-06-22 16:07:28.610 [Thread-P1] INFO  com.mp3.desktop.Programme1 - Attente de 10000 ms avant le prochain scan...
2026-06-22 16:07:38.615 [Thread-P1] INFO  com.mp3.desktop.Programme1 - Scan du repertoire : D:\ITU\S6\Mr Naina\Mp4\mp3-desktop\chanson
2026-06-22 16:07:38.640 [Thread-P1] INFO  com.mp3.desktop.Programme1 - Attente de 10000 ms avant le prochain scan...
2026-06-22 16:07:48.641 [Thread-P1] INFO  com.mp3.desktop.Programme1 - Scan du repertoire : D:\ITU\S6\Mr Naina\Mp4\mp3-desktop\chanson
2026-06-22 16:07:48.665 [Thread-P1] INFO  com.mp3.desktop.Programme1 - Attente de 10000 ms avant le prochain scan...
2026-06-22 16:07:58.669 [Thread-P1] INFO  com.mp3.desktop.Programme1 - Scan du repertoire : D:\ITU\S6\Mr Naina\Mp4\mp3-desktop\chanson
2026-06-22 16:07:58.694 [Thread-P1] INFO  com.mp3.desktop.Programme1 - Attente de 10000 ms avant le prochain scan...
2026-06-22 16:08:08.695 [Thread-P1] INFO  com.mp3.desktop.Programme1 - Scan du repertoire : D:\ITU\S6\Mr Naina\Mp4\mp3-desktop\chanson
2026-06-22 16:08:08.720 [Thread-P1] INFO  com.mp3.desktop.Programme1 - Attente de 10000 ms avant le prochain scan...
2026-06-22 16:08:18.723 [Thread-P1] INFO  com.mp3.desktop.Programme1 - Scan du repertoire : D:\ITU\S6\Mr Naina\Mp4\mp3-desktop\chanson
2026-06-22 16:08:18.746 [Thread-P1] INFO  com.mp3.desktop.Programme1 - Attente de 10000 ms avant le prochain scan...
2026-06-22 16:08:28.753 [Thread-P1] INFO  com.mp3.desktop.Programme1 - Scan du repertoire : D:\ITU\S6\Mr Naina\Mp4\mp3-desktop\chanson
2026-06-22 16:08:28.773 [Thread-P1] INFO  com.mp3.desktop.Programme1 - Attente de 10000 ms avant le prochain scan...
2026-06-22 16:08:38.780 [Thread-P1] INFO  com.mp3.desktop.Programme1 - Scan du repertoire : D:\ITU\S6\Mr Naina\Mp4\mp3-desktop\chanson
2026-06-22 16:08:38.786 [Thread-P1] INFO  com.mp3.desktop.Programme1 - Attente de 10000 ms avant le prochain scan...
2026-06-22 16:08:48.792 [Thread-P1] INFO  com.mp3.desktop.Programme1 - Scan du repertoire : D:\ITU\S6\Mr Naina\Mp4\mp3-desktop\chanson
2026-06-22 16:08:48.819 [Thread-P1] INFO  com.mp3.desktop.Programme1 - Attente de 10000 ms avant le prochain scan...
2026-06-22 16:08:58.834 [Thread-P1] INFO  com.mp3.desktop.Programme1 - Scan du repertoire : D:\ITU\S6\Mr Naina\Mp4\mp3-desktop\chanson
2026-06-22 16:08:58.859 [Thread-P1] INFO  com.mp3.desktop.Programme1 - Attente de 10000 ms avant le prochain scan...
2026-06-22 16:09:08.863 [Thread-P1] INFO  com.mp3.desktop.Programme1 - Scan du repertoire : D:\ITU\S6\Mr Naina\Mp4\mp3-desktop\chanson
2026-06-22 16:09:08.873 [Thread-P1] INFO  com.mp3.desktop.Programme1 - Attente de 10000 ms avant le prochain scan...
2026-06-22 16:09:18.873 [Thread-P1] INFO  com.mp3.desktop.Programme1 - Scan du repertoire : D:\ITU\S6\Mr Naina\Mp4\mp3-desktop\chanson
2026-06-22 16:09:18.896 [Thread-P1] INFO  com.mp3.desktop.Programme1 - Attente de 10000 ms avant le prochain scan...
2026-06-22 16:09:28.902 [Thread-P1] INFO  com.mp3.desktop.Programme1 - Scan du repertoire : D:\ITU\S6\Mr Naina\Mp4\mp3-desktop\chanson
2026-06-22 16:09:28.919 [Thread-P1] INFO  com.mp3.desktop.Programme1 - Attente de 10000 ms avant le prochain scan...
2026-06-22 16:09:38.928 [Thread-P1] INFO  com.mp3.desktop.Programme1 - Scan du repertoire : D:\ITU\S6\Mr Naina\Mp4\mp3-desktop\chanson
2026-06-22 16:09:38.950 [Thread-P1] INFO  com.mp3.desktop.Programme1 - Attente de 10000 ms avant le prochain scan...
2026-06-22 16:09:48.958 [Thread-P1] INFO  com.mp3.desktop.Programme1 - Scan du repertoire : D:\ITU\S6\Mr Naina\Mp4\mp3-desktop\chanson
2026-06-22 16:09:48.981 [Thread-P1] INFO  com.mp3.desktop.Programme1 - Attente de 10000 ms avant le prochain scan...
2026-06-22 16:09:58.984 [Thread-P1] INFO  com.mp3.desktop.Programme1 - Scan du repertoire : D:\ITU\S6\Mr Naina\Mp4\mp3-desktop\chanson
2026-06-22 16:09:58.993 [Thread-P1] INFO  com.mp3.desktop.Programme1 - Attente de 10000 ms avant le prochain scan...
2026-06-22 16:10:09.006 [Thread-P1] INFO  com.mp3.desktop.Programme1 - Scan du repertoire : D:\ITU\S6\Mr Naina\Mp4\mp3-desktop\chanson
2026-06-22 16:10:09.019 [Thread-P1] INFO  com.mp3.desktop.Programme1 - Attente de 10000 ms avant le prochain scan...
2026-06-22 16:10:19.021 [Thread-P1] INFO  com.mp3.desktop.Programme1 - Scan du repertoire : D:\ITU\S6\Mr Naina\Mp4\mp3-desktop\chanson
2026-06-22 16:10:19.029 [Thread-P1] INFO  com.mp3.desktop.Programme1 - Attente de 10000 ms avant le prochain scan...
2026-06-22 16:10:29.032 [Thread-P1] INFO  com.mp3.desktop.Programme1 - Scan du repertoire : D:\ITU\S6\Mr Naina\Mp4\mp3-desktop\chanson
2026-06-22 16:10:29.040 [Thread-P1] INFO  com.mp3.desktop.Programme1 - Attente de 10000 ms avant le prochain scan...
2026-06-22 16:10:39.052 [Thread-P1] INFO  com.mp3.desktop.Programme1 - Scan du repertoire : D:\ITU\S6\Mr Naina\Mp4\mp3-desktop\chanson
2026-06-22 16:10:39.070 [Thread-P1] INFO  com.mp3.desktop.Programme1 - Attente de 10000 ms avant le prochain scan...
2026-06-22 16:10:49.086 [Thread-P1] INFO  com.mp3.desktop.Programme1 - Scan du repertoire : D:\ITU\S6\Mr Naina\Mp4\mp3-desktop\chanson
2026-06-22 16:10:49.108 [Thread-P1] INFO  com.mp3.desktop.Programme1 - Attente de 10000 ms avant le prochain scan...
2026-06-22 16:10:59.117 [Thread-P1] INFO  com.mp3.desktop.Programme1 - Scan du repertoire : D:\ITU\S6\Mr Naina\Mp4\mp3-desktop\chanson
2026-06-22 16:10:59.132 [Thread-P1] INFO  com.mp3.desktop.Programme1 - Attente de 10000 ms avant le prochain scan...
2026-06-22 16:11:09.138 [Thread-P1] INFO  com.mp3.desktop.Programme1 - Scan du repertoire : D:\ITU\S6\Mr Naina\Mp4\mp3-desktop\chanson
2026-06-22 16:11:09.143 [Thread-P1] INFO  com.mp3.desktop.Programme1 - Attente de 10000 ms avant le prochain scan...
2026-06-22 16:11:19.149 [Thread-P1] INFO  com.mp3.desktop.Programme1 - Scan du repertoire : D:\ITU\S6\Mr Naina\Mp4\mp3-desktop\chanson
2026-06-22 16:11:19.163 [Thread-P1] INFO  com.mp3.desktop.Programme1 - Attente de 10000 ms avant le prochain scan...
2026-06-22 16:11:29.173 [Thread-P1] INFO  com.mp3.desktop.Programme1 - Scan du repertoire : D:\ITU\S6\Mr Naina\Mp4\mp3-desktop\chanson
2026-06-22 16:11:29.190 [Thread-P1] INFO  com.mp3.desktop.Programme1 - Attente de 10000 ms avant le prochain scan...
2026-06-22 16:11:39.206 [Thread-P1] INFO  com.mp3.desktop.Programme1 - Scan du repertoire : D:\ITU\S6\Mr Naina\Mp4\mp3-desktop\chanson
2026-06-22 16:11:39.215 [Thread-P1] INFO  com.mp3.desktop.Programme1 - Attente de 10000 ms avant le prochain scan...
2026-06-22 16:11:49.218 [Thread-P1] INFO  com.mp3.desktop.Programme1 - Scan du repertoire : D:\ITU\S6\Mr Naina\Mp4\mp3-desktop\chanson
2026-06-22 16:11:49.219 [Thread-P1] INFO  com.mp3.desktop.Programme1 - Attente de 10000 ms avant le prochain scan...
2026-06-22 16:11:59.227 [Thread-P1] INFO  com.mp3.desktop.Programme1 - Scan du repertoire : D:\ITU\S6\Mr Naina\Mp4\mp3-desktop\chanson
2026-06-22 16:11:59.243 [Thread-P1] INFO  com.mp3.desktop.Programme1 - Attente de 10000 ms avant le prochain scan...
2026-06-22 16:12:09.252 [Thread-P1] INFO  com.mp3.desktop.Programme1 - Scan du repertoire : D:\ITU\S6\Mr Naina\Mp4\mp3-desktop\chanson
2026-06-22 16:12:09.269 [Thread-P1] INFO  com.mp3.desktop.Programme1 - Attente de 10000 ms avant le prochain scan...
2026-06-22 16:12:19.273 [Thread-P1] INFO  com.mp3.desktop.Programme1 - Scan du repertoire : D:\ITU\S6\Mr Naina\Mp4\mp3-desktop\chanson
2026-06-22 16:12:19.286 [Thread-P1] INFO  com.mp3.desktop.Programme1 - Attente de 10000 ms avant le prochain scan...
2026-06-22 16:12:29.288 [Thread-P1] INFO  com.mp3.desktop.Programme1 - Scan du repertoire : D:\ITU\S6\Mr Naina\Mp4\mp3-desktop\chanson
2026-06-22 16:12:29.304 [Thread-P1] INFO  com.mp3.desktop.Programme1 - Attente de 10000 ms avant le prochain scan...
2026-06-22 16:12:39.308 [Thread-P1] INFO  com.mp3.desktop.Programme1 - Scan du repertoire : D:\ITU\S6\Mr Naina\Mp4\mp3-desktop\chanson
2026-06-22 16:12:39.318 [Thread-P1] INFO  com.mp3.desktop.Programme1 - Attente de 10000 ms avant le prochain scan...
2026-06-22 16:12:49.332 [Thread-P1] INFO  com.mp3.desktop.Programme1 - Scan du repertoire : D:\ITU\S6\Mr Naina\Mp4\mp3-desktop\chanson
2026-06-22 16:12:49.342 [Thread-P1] INFO  com.mp3.desktop.Programme1 - Attente de 10000 ms avant le prochain scan...
2026-06-22 16:12:59.349 [Thread-P1] INFO  com.mp3.desktop.Programme1 - Scan du repertoire : D:\ITU\S6\Mr Naina\Mp4\mp3-desktop\chanson
2026-06-22 16:12:59.358 [Thread-P1] INFO  com.mp3.desktop.Programme1 - Attente de 10000 ms avant le prochain scan...
2026-06-22 16:13:09.365 [Thread-P1] INFO  com.mp3.desktop.Programme1 - Scan du repertoire : D:\ITU\S6\Mr Naina\Mp4\mp3-desktop\chanson
2026-06-22 16:13:09.381 [Thread-P1] INFO  com.mp3.desktop.Programme1 - Attente de 10000 ms avant le prochain scan...
2026-06-22 16:13:19.396 [Thread-P1] INFO  com.mp3.desktop.Programme1 - Scan du repertoire : D:\ITU\S6\Mr Naina\Mp4\mp3-desktop\chanson
2026-06-22 16:13:19.416 [Thread-P1] INFO  com.mp3.desktop.Programme1 - Attente de 10000 ms avant le prochain scan...
2026-06-22 16:13:29.426 [Thread-P1] INFO  com.mp3.desktop.Programme1 - Scan du repertoire : D:\ITU\S6\Mr Naina\Mp4\mp3-desktop\chanson
2026-06-22 16:13:29.454 [Thread-P1] INFO  com.mp3.desktop.Programme1 - Attente de 10000 ms avant le prochain scan...
2026-06-22 16:13:39.470 [Thread-P1] INFO  com.mp3.desktop.Programme1 - Scan du repertoire : D:\ITU\S6\Mr Naina\Mp4\mp3-desktop\chanson
2026-06-22 16:13:39.479 [Thread-P1] INFO  com.mp3.desktop.Programme1 - Attente de 10000 ms avant le prochain scan...
2026-06-22 16:13:49.491 [Thread-P1] INFO  com.mp3.desktop.Programme1 - Scan du repertoire : D:\ITU\S6\Mr Naina\Mp4\mp3-desktop\chanson
2026-06-22 16:13:49.492 [Thread-P1] INFO  com.mp3.desktop.Programme1 - Attente de 10000 ms avant le prochain scan...
2026-06-22 16:13:59.510 [Thread-P1] INFO  com.mp3.desktop.Programme1 - Scan du repertoire : D:\ITU\S6\Mr Naina\Mp4\mp3-desktop\chanson
2026-06-22 16:13:59.536 [Thread-P1] INFO  com.mp3.desktop.Programme1 - Attente de 10000 ms avant le prochain scan...
2026-06-22 16:14:09.546 [Thread-P1] INFO  com.mp3.desktop.Programme1 - Scan du repertoire : D:\ITU\S6\Mr Naina\Mp4\mp3-desktop\chanson
2026-06-22 16:14:09.569 [Thread-P1] INFO  com.mp3.desktop.Programme1 - Attente de 10000 ms avant le prochain scan...
2026-06-22 16:14:19.586 [Thread-P1] INFO  com.mp3.desktop.Programme1 - Scan du repertoire : D:\ITU\S6\Mr Naina\Mp4\mp3-desktop\chanson
2026-06-22 16:14:19.590 [Thread-P1] INFO  com.mp3.desktop.Programme1 - Attente de 10000 ms avant le prochain scan...
2026-06-22 16:14:29.612 [Thread-P1] INFO  com.mp3.desktop.Programme1 - Scan du repertoire : D:\ITU\S6\Mr Naina\Mp4\mp3-desktop\chanson
2026-06-22 16:14:29.628 [Thread-P1] INFO  com.mp3.desktop.Programme1 - Attente de 10000 ms avant le prochain scan...
2026-06-22 16:14:39.630 [Thread-P1] INFO  com.mp3.desktop.Programme1 - Scan du repertoire : D:\ITU\S6\Mr Naina\Mp4\mp3-desktop\chanson
2026-06-22 16:14:39.640 [Thread-P1] INFO  com.mp3.desktop.Programme1 - Attente de 10000 ms avant le prochain scan...
2026-06-22 16:14:49.651 [Thread-P1] INFO  com.mp3.desktop.Programme1 - Scan du repertoire : D:\ITU\S6\Mr Naina\Mp4\mp3-desktop\chanson
2026-06-22 16:14:49.683 [Thread-P1] INFO  com.mp3.desktop.Programme1 - -> Message envoye a RabbitMQ [queue_liste_mp3] : D:\ITU\S6\Mr Naina\Mp4\mp3-desktop\chanson\Billie Eilish - Happier Than Ever (Official Music Video)(MP3_160K).mp3
2026-06-22 16:14:49.684 [Thread-P1] INFO  com.mp3.desktop.Programme1 - -> Message envoye a RabbitMQ [queue_liste_mp3] : D:\ITU\S6\Mr Naina\Mp4\mp3-desktop\chanson\HATRAIZA _ AZA AVELA - REKO(MP3_160K).mp3
2026-06-22 16:14:49.685 [Thread-P1] INFO  com.mp3.desktop.Programme1 - -> Message envoye a RabbitMQ [queue_liste_mp3] : D:\ITU\S6\Mr Naina\Mp4\mp3-desktop\chanson\Louane - Maman (2015) Official Music Video(MP3_160K).mp3
2026-06-22 16:14:49.685 [Thread-P1] INFO  com.mp3.desktop.Programme1 - -> Message envoye a RabbitMQ [queue_liste_mp3] : D:\ITU\S6\Mr Naina\Mp4\mp3-desktop\chanson\Matsiro kosa ny nanaovan_i Fy Rasolofoniaina ny hiran_ny tarika _Zay teto.(480P_SD).mp3
2026-06-22 16:14:49.686 [Thread-P1] INFO  com.mp3.desktop.Programme1 - -> Message envoye a RabbitMQ [queue_liste_mp3] : D:\ITU\S6\Mr Naina\Mp4\mp3-desktop\chanson\MISIA - REKO(MP3_160K).mp3
2026-06-22 16:14:49.687 [Thread-P1] INFO  com.mp3.desktop.Programme1 - -> Message envoye a RabbitMQ [queue_liste_mp3] : D:\ITU\S6\Mr Naina\Mp4\mp3-desktop\chanson\MITONIA - REKO (Official lyrics video)(MP3_160K).mp3
2026-06-22 16:14:49.687 [Thread-P1] INFO  com.mp3.desktop.Programme1 - -> Message envoye a RabbitMQ [queue_liste_mp3] : D:\ITU\S6\Mr Naina\Mp4\mp3-desktop\chanson\NY ANARANAO - REKO(MP3_160K).mp3
2026-06-22 16:14:49.689 [Thread-P1] INFO  com.mp3.desktop.Programme1 - -> Message envoye a RabbitMQ [queue_liste_mp3] : D:\ITU\S6\Mr Naina\Mp4\mp3-desktop\chanson\ROTOROTO - REKO(MP3_160K).mp3
2026-06-22 16:14:49.689 [Thread-P1] INFO  com.mp3.desktop.Programme1 - -> Message envoye a RabbitMQ [queue_liste_mp3] : D:\ITU\S6\Mr Naina\Mp4\mp3-desktop\chanson\TONGASOA - REKO(MP3_160K).mp3
2026-06-22 16:14:49.692 [Thread-P1] INFO  com.mp3.desktop.Programme1 - Attente de 10000 ms avant le prochain scan...
2026-06-22 16:14:59.694 [Thread-P1] INFO  com.mp3.desktop.Programme1 - Scan du repertoire : D:\ITU\S6\Mr Naina\Mp4\mp3-desktop\chanson
2026-06-22 16:14:59.719 [Thread-P1] INFO  com.mp3.desktop.Programme1 - Attente de 10000 ms avant le prochain scan...
2026-06-22 16:15:09.727 [Thread-P1] INFO  com.mp3.desktop.Programme1 - Scan du repertoire : D:\ITU\S6\Mr Naina\Mp4\mp3-desktop\chanson
2026-06-22 16:15:09.737 [Thread-P1] INFO  com.mp3.desktop.Programme1 - Attente de 10000 ms avant le prochain scan...
2026-06-22 16:15:19.742 [Thread-P1] INFO  com.mp3.desktop.Programme1 - Scan du repertoire : D:\ITU\S6\Mr Naina\Mp4\mp3-desktop\chanson
2026-06-22 16:15:19.760 [Thread-P1] INFO  com.mp3.desktop.Programme1 - Attente de 10000 ms avant le prochain scan...
2026-06-22 16:15:29.764 [Thread-P1] INFO  com.mp3.desktop.Programme1 - Scan du repertoire : D:\ITU\S6\Mr Naina\Mp4\mp3-desktop\chanson
2026-06-22 16:15:29.768 [Thread-P1] INFO  com.mp3.desktop.Programme1 - Attente de 10000 ms avant le prochain scan...
2026-06-22 16:15:39.791 [Thread-P1] INFO  com.mp3.desktop.Programme1 - Scan du repertoire : D:\ITU\S6\Mr Naina\Mp4\mp3-desktop\chanson
2026-06-22 16:15:39.802 [Thread-P1] INFO  com.mp3.desktop.Programme1 - Attente de 10000 ms avant le prochain scan...
2026-06-22 16:15:49.806 [Thread-P1] INFO  com.mp3.desktop.Programme1 - Scan du repertoire : D:\ITU\S6\Mr Naina\Mp4\mp3-desktop\chanson
2026-06-22 16:15:49.825 [Thread-P1] INFO  com.mp3.desktop.Programme1 - Attente de 10000 ms avant le prochain scan...
2026-06-22 16:15:59.828 [Thread-P1] INFO  com.mp3.desktop.Programme1 - Scan du repertoire : D:\ITU\S6\Mr Naina\Mp4\mp3-desktop\chanson
2026-06-22 16:15:59.840 [Thread-P1] INFO  com.mp3.desktop.Programme1 - Attente de 10000 ms avant le prochain scan...
2026-06-22 16:16:09.855 [Thread-P1] INFO  com.mp3.desktop.Programme1 - Scan du repertoire : D:\ITU\S6\Mr Naina\Mp4\mp3-desktop\chanson
2026-06-22 16:16:09.865 [Thread-P1] INFO  com.mp3.desktop.Programme1 - Attente de 10000 ms avant le prochain scan...
2026-06-22 16:16:19.879 [Thread-P1] INFO  com.mp3.desktop.Programme1 - Scan du repertoire : D:\ITU\S6\Mr Naina\Mp4\mp3-desktop\chanson
2026-06-22 16:16:19.895 [Thread-P1] INFO  com.mp3.desktop.Programme1 - Attente de 10000 ms avant le prochain scan...
2026-06-22 16:16:29.908 [Thread-P1] INFO  com.mp3.desktop.Programme1 - Scan du repertoire : D:\ITU\S6\Mr Naina\Mp4\mp3-desktop\chanson
2026-06-22 16:16:29.918 [Thread-P1] INFO  com.mp3.desktop.Programme1 - Attente de 10000 ms avant le prochain scan...
2026-06-22 16:16:39.922 [Thread-P1] INFO  com.mp3.desktop.Programme1 - Scan du repertoire : D:\ITU\S6\Mr Naina\Mp4\mp3-desktop\chanson
2026-06-22 16:16:39.930 [Thread-P1] INFO  com.mp3.desktop.Programme1 - Attente de 10000 ms avant le prochain scan...
2026-06-22 16:16:49.940 [Thread-P1] INFO  com.mp3.desktop.Programme1 - Scan du repertoire : D:\ITU\S6\Mr Naina\Mp4\mp3-desktop\chanson
2026-06-22 16:16:49.946 [Thread-P1] INFO  com.mp3.desktop.Programme1 - Attente de 10000 ms avant le prochain scan...
2026-06-22 16:16:59.952 [Thread-P1] INFO  com.mp3.desktop.Programme1 - Scan du repertoire : D:\ITU\S6\Mr Naina\Mp4\mp3-desktop\chanson
2026-06-22 16:16:59.961 [Thread-P1] INFO  com.mp3.desktop.Programme1 - Attente de 10000 ms avant le prochain scan...
2026-06-22 16:17:09.961 [Thread-P1] INFO  com.mp3.desktop.Programme1 - Scan du repertoire : D:\ITU\S6\Mr Naina\Mp4\mp3-desktop\chanson
2026-06-22 16:17:09.981 [Thread-P1] INFO  com.mp3.desktop.Programme1 - Attente de 10000 ms avant le prochain scan...
2026-06-22 16:17:19.992 [Thread-P1] INFO  com.mp3.desktop.Programme1 - Scan du repertoire : D:\ITU\S6\Mr Naina\Mp4\mp3-desktop\chanson
2026-06-22 16:17:20.002 [Thread-P1] INFO  com.mp3.desktop.Programme1 - Attente de 10000 ms avant le prochain scan...
2026-06-22 16:17:30.014 [Thread-P1] INFO  com.mp3.desktop.Programme1 - Scan du repertoire : D:\ITU\S6\Mr Naina\Mp4\mp3-desktop\chanson
2026-06-22 16:17:30.040 [Thread-P1] INFO  com.mp3.desktop.Programme1 - Attente de 10000 ms avant le prochain scan...
2026-06-22 16:17:40.042 [Thread-P1] INFO  com.mp3.desktop.Programme1 - Scan du repertoire : D:\ITU\S6\Mr Naina\Mp4\mp3-desktop\chanson
2026-06-22 16:17:40.052 [Thread-P1] INFO  com.mp3.desktop.Programme1 - Attente de 10000 ms avant le prochain scan...
2026-06-22 16:17:50.053 [Thread-P1] INFO  com.mp3.desktop.Programme1 - Scan du repertoire : D:\ITU\S6\Mr Naina\Mp4\mp3-desktop\chanson
2026-06-22 16:17:50.065 [Thread-P1] INFO  com.mp3.desktop.Programme1 - Attente de 10000 ms avant le prochain scan...
2026-06-22 16:18:00.079 [Thread-P1] INFO  com.mp3.desktop.Programme1 - Scan du repertoire : D:\ITU\S6\Mr Naina\Mp4\mp3-desktop\chanson
2026-06-22 16:18:00.088 [Thread-P1] INFO  com.mp3.desktop.Programme1 - Attente de 10000 ms avant le prochain scan...
2026-06-22 16:18:10.093 [Thread-P1] INFO  com.mp3.desktop.Programme1 - Scan du repertoire : D:\ITU\S6\Mr Naina\Mp4\mp3-desktop\chanson
2026-06-22 16:18:10.104 [Thread-P1] INFO  com.mp3.desktop.Programme1 - Attente de 10000 ms avant le prochain scan...
2026-06-22 16:18:20.106 [Thread-P1] INFO  com.mp3.desktop.Programme1 - Scan du repertoire : D:\ITU\S6\Mr Naina\Mp4\mp3-desktop\chanson
2026-06-22 16:18:20.131 [Thread-P1] INFO  com.mp3.desktop.Programme1 - Attente de 10000 ms avant le prochain scan...
2026-06-22 16:18:30.141 [Thread-P1] INFO  com.mp3.desktop.Programme1 - Scan du repertoire : D:\ITU\S6\Mr Naina\Mp4\mp3-desktop\chanson
2026-06-22 16:18:30.169 [Thread-P1] INFO  com.mp3.desktop.Programme1 - Attente de 10000 ms avant le prochain scan...
2026-06-22 16:18:40.176 [Thread-P1] INFO  com.mp3.desktop.Programme1 - Scan du repertoire : D:\ITU\S6\Mr Naina\Mp4\mp3-desktop\chanson
2026-06-22 16:18:40.201 [Thread-P1] INFO  com.mp3.desktop.Programme1 - Attente de 10000 ms avant le prochain scan...
2026-06-22 16:18:50.214 [Thread-P1] INFO  com.mp3.desktop.Programme1 - Scan du repertoire : D:\ITU\S6\Mr Naina\Mp4\mp3-desktop\chanson
2026-06-22 16:18:50.236 [Thread-P1] INFO  com.mp3.desktop.Programme1 - Attente de 10000 ms avant le prochain scan...
2026-06-22 16:19:00.242 [Thread-P1] INFO  com.mp3.desktop.Programme1 - Scan du repertoire : D:\ITU\S6\Mr Naina\Mp4\mp3-desktop\chanson
2026-06-22 16:19:00.266 [Thread-P1] INFO  com.mp3.desktop.Programme1 - Attente de 10000 ms avant le prochain scan...
2026-06-22 16:19:10.271 [Thread-P1] INFO  com.mp3.desktop.Programme1 - Scan du repertoire : D:\ITU\S6\Mr Naina\Mp4\mp3-desktop\chanson
2026-06-22 16:19:10.283 [Thread-P1] INFO  com.mp3.desktop.Programme1 - Attente de 10000 ms avant le prochain scan...
2026-06-22 16:19:20.288 [Thread-P1] INFO  com.mp3.desktop.Programme1 - Scan du repertoire : D:\ITU\S6\Mr Naina\Mp4\mp3-desktop\chanson
2026-06-22 16:19:20.309 [Thread-P1] INFO  com.mp3.desktop.Programme1 - -> Message envoye a RabbitMQ [queue_liste_mp3] : D:\ITU\S6\Mr Naina\Mp4\mp3-desktop\chanson\Billie Eilish - Happier Than Ever (Official Music Video)(MP3_160K).mp3
2026-06-22 16:19:20.310 [Thread-P1] INFO  com.mp3.desktop.Programme1 - -> Message envoye a RabbitMQ [queue_liste_mp3] : D:\ITU\S6\Mr Naina\Mp4\mp3-desktop\chanson\HATRAIZA _ AZA AVELA - REKO(MP3_160K).mp3
2026-06-22 16:19:20.310 [Thread-P1] INFO  com.mp3.desktop.Programme1 - -> Message envoye a RabbitMQ [queue_liste_mp3] : D:\ITU\S6\Mr Naina\Mp4\mp3-desktop\chanson\Louane - Maman (2015) Official Music Video(MP3_160K).mp3
2026-06-22 16:19:20.310 [Thread-P1] INFO  com.mp3.desktop.Programme1 - -> Message envoye a RabbitMQ [queue_liste_mp3] : D:\ITU\S6\Mr Naina\Mp4\mp3-desktop\chanson\Matsiro kosa ny nanaovan_i Fy Rasolofoniaina ny hiran_ny tarika _Zay teto.(480P_SD).mp3
2026-06-22 16:19:20.310 [Thread-P1] INFO  com.mp3.desktop.Programme1 - -> Message envoye a RabbitMQ [queue_liste_mp3] : D:\ITU\S6\Mr Naina\Mp4\mp3-desktop\chanson\MISIA - REKO(MP3_160K).mp3
2026-06-22 16:19:20.310 [Thread-P1] INFO  com.mp3.desktop.Programme1 - -> Message envoye a RabbitMQ [queue_liste_mp3] : D:\ITU\S6\Mr Naina\Mp4\mp3-desktop\chanson\MITONIA - REKO (Official lyrics video)(MP3_160K).mp3
2026-06-22 16:19:20.316 [Thread-P1] INFO  com.mp3.desktop.Programme1 - -> Message envoye a RabbitMQ [queue_liste_mp3] : D:\ITU\S6\Mr Naina\Mp4\mp3-desktop\chanson\NY ANARANAO - REKO(MP3_160K).mp3
2026-06-22 16:19:20.316 [Thread-P1] INFO  com.mp3.desktop.Programme1 - -> Message envoye a RabbitMQ [queue_liste_mp3] : D:\ITU\S6\Mr Naina\Mp4\mp3-desktop\chanson\ROTOROTO - REKO(MP3_160K).mp3
2026-06-22 16:19:20.316 [Thread-P1] INFO  com.mp3.desktop.Programme1 - -> Message envoye a RabbitMQ [queue_liste_mp3] : D:\ITU\S6\Mr Naina\Mp4\mp3-desktop\chanson\TONGASOA - REKO(MP3_160K).mp3
2026-06-22 16:19:20.320 [Thread-P1] INFO  com.mp3.desktop.Programme1 - Attente de 10000 ms avant le prochain scan...
2026-06-22 16:19:30.329 [Thread-P1] INFO  com.mp3.desktop.Programme1 - Scan du repertoire : D:\ITU\S6\Mr Naina\Mp4\mp3-desktop\chanson
2026-06-22 16:19:30.353 [Thread-P1] INFO  com.mp3.desktop.Programme1 - Attente de 10000 ms avant le prochain scan...
2026-06-22 16:19:40.367 [Thread-P1] INFO  com.mp3.desktop.Programme1 - Scan du repertoire : D:\ITU\S6\Mr Naina\Mp4\mp3-desktop\chanson
2026-06-22 16:19:40.368 [Thread-P1] INFO  com.mp3.desktop.Programme1 - Attente de 10000 ms avant le prochain scan...
2026-06-22 16:19:50.385 [Thread-P1] INFO  com.mp3.desktop.Programme1 - Scan du repertoire : D:\ITU\S6\Mr Naina\Mp4\mp3-desktop\chanson
2026-06-22 16:19:50.410 [Thread-P1] INFO  com.mp3.desktop.Programme1 - Attente de 10000 ms avant le prochain scan...
2026-06-22 16:20:00.413 [Thread-P1] INFO  com.mp3.desktop.Programme1 - Scan du repertoire : D:\ITU\S6\Mr Naina\Mp4\mp3-desktop\chanson
2026-06-22 16:20:00.427 [Thread-P1] INFO  com.mp3.desktop.Programme1 - Attente de 10000 ms avant le prochain scan...
2026-06-22 16:20:10.432 [Thread-P1] INFO  com.mp3.desktop.Programme1 - Scan du repertoire : D:\ITU\S6\Mr Naina\Mp4\mp3-desktop\chanson
2026-06-22 16:20:10.439 [Thread-P1] INFO  com.mp3.desktop.Programme1 - Attente de 10000 ms avant le prochain scan...
2026-06-22 16:20:20.452 [Thread-P1] INFO  com.mp3.desktop.Programme1 - Scan du repertoire : D:\ITU\S6\Mr Naina\Mp4\mp3-desktop\chanson
2026-06-22 16:20:20.463 [Thread-P1] INFO  com.mp3.desktop.Programme1 - Attente de 10000 ms avant le prochain scan...
2026-06-22 16:20:30.470 [Thread-P1] INFO  com.mp3.desktop.Programme1 - Scan du repertoire : D:\ITU\S6\Mr Naina\Mp4\mp3-desktop\chanson
2026-06-22 16:20:30.482 [Thread-P1] INFO  com.mp3.desktop.Programme1 - Attente de 10000 ms avant le prochain scan...
2026-06-22 16:20:40.491 [Thread-P1] INFO  com.mp3.desktop.Programme1 - Scan du repertoire : D:\ITU\S6\Mr Naina\Mp4\mp3-desktop\chanson
2026-06-22 16:20:40.516 [Thread-P1] INFO  com.mp3.desktop.Programme1 - Attente de 10000 ms avant le prochain scan...
2026-06-22 16:20:50.519 [Thread-P1] INFO  com.mp3.desktop.Programme1 - Scan du repertoire : D:\ITU\S6\Mr Naina\Mp4\mp3-desktop\chanson
2026-06-22 16:20:50.527 [Thread-P1] INFO  com.mp3.desktop.Programme1 - Attente de 10000 ms avant le prochain scan...
2026-06-22 16:21:00.542 [Thread-P1] INFO  com.mp3.desktop.Programme1 - Scan du repertoire : D:\ITU\S6\Mr Naina\Mp4\mp3-desktop\chanson
2026-06-22 16:21:00.553 [Thread-P1] INFO  com.mp3.desktop.Programme1 - Attente de 10000 ms avant le prochain scan...
2026-06-22 16:21:10.559 [Thread-P1] INFO  com.mp3.desktop.Programme1 - Scan du repertoire : D:\ITU\S6\Mr Naina\Mp4\mp3-desktop\chanson
2026-06-22 16:21:10.565 [Thread-P1] INFO  com.mp3.desktop.Programme1 - Attente de 10000 ms avant le prochain scan...
2026-06-22 16:21:20.572 [Thread-P1] INFO  com.mp3.desktop.Programme1 - Scan du repertoire : D:\ITU\S6\Mr Naina\Mp4\mp3-desktop\chanson
2026-06-22 16:21:20.591 [Thread-P1] INFO  com.mp3.desktop.Programme1 - Attente de 10000 ms avant le prochain scan...
2026-06-22 16:21:30.609 [Thread-P1] INFO  com.mp3.desktop.Programme1 - Scan du repertoire : D:\ITU\S6\Mr Naina\Mp4\mp3-desktop\chanson
2026-06-22 16:21:30.622 [Thread-P1] INFO  com.mp3.desktop.Programme1 - Attente de 10000 ms avant le prochain scan...
2026-06-22 16:21:40.624 [Thread-P1] INFO  com.mp3.desktop.Programme1 - Scan du repertoire : D:\ITU\S6\Mr Naina\Mp4\mp3-desktop\chanson
2026-06-22 16:21:40.632 [Thread-P1] INFO  com.mp3.desktop.Programme1 - Attente de 10000 ms avant le prochain scan...
2026-06-22 16:21:45.759 [Thread-P1] WARN  com.mp3.desktop.Programme1 - Programme 1 interrompu
2026-06-22 16:22:03.462 [Thread-P1] INFO  com.mp3.desktop.Programme1 - === Demarrage du Programme 1 ===
2026-06-22 16:22:03.464 [Thread-P1] INFO  com.mp3.desktop.Programme1 - Scan du repertoire : D:\ITU\S6\Mr Naina\Mp4\mp3-desktop\chanson
2026-06-22 16:22:03.553 [Thread-P1] INFO  com.mp3.desktop.Programme1 - Attente de 10000 ms avant le prochain scan...
2026-06-22 16:22:13.558 [Thread-P1] INFO  com.mp3.desktop.Programme1 - Scan du repertoire : D:\ITU\S6\Mr Naina\Mp4\mp3-desktop\chanson
2026-06-22 16:22:13.569 [Thread-P1] INFO  com.mp3.desktop.Programme1 - Attente de 10000 ms avant le prochain scan...
2026-06-22 16:22:23.577 [Thread-P1] INFO  com.mp3.desktop.Programme1 - Scan du repertoire : D:\ITU\S6\Mr Naina\Mp4\mp3-desktop\chanson
2026-06-22 16:22:23.594 [Thread-P1] INFO  com.mp3.desktop.Programme1 - Attente de 10000 ms avant le prochain scan...
2026-06-22 16:22:33.608 [Thread-P1] INFO  com.mp3.desktop.Programme1 - Scan du repertoire : D:\ITU\S6\Mr Naina\Mp4\mp3-desktop\chanson
2026-06-22 16:22:33.619 [Thread-P1] INFO  com.mp3.desktop.Programme1 - Attente de 10000 ms avant le prochain scan...
2026-06-22 16:22:43.621 [Thread-P1] INFO  com.mp3.desktop.Programme1 - Scan du repertoire : D:\ITU\S6\Mr Naina\Mp4\mp3-desktop\chanson
2026-06-22 16:22:43.662 [Thread-P1] INFO  com.mp3.desktop.Programme1 - Attente de 10000 ms avant le prochain scan...
2026-06-22 16:22:53.677 [Thread-P1] INFO  com.mp3.desktop.Programme1 - Scan du repertoire : D:\ITU\S6\Mr Naina\Mp4\mp3-desktop\chanson
2026-06-22 16:22:53.704 [Thread-P1] INFO  com.mp3.desktop.Programme1 - Attente de 10000 ms avant le prochain scan...
2026-06-22 16:23:03.710 [Thread-P1] INFO  com.mp3.desktop.Programme1 - Scan du repertoire : D:\ITU\S6\Mr Naina\Mp4\mp3-desktop\chanson
2026-06-22 16:23:03.736 [Thread-P1] INFO  com.mp3.desktop.Programme1 - Attente de 10000 ms avant le prochain scan...
2026-06-22 16:23:13.741 [Thread-P1] INFO  com.mp3.desktop.Programme1 - Scan du repertoire : D:\ITU\S6\Mr Naina\Mp4\mp3-desktop\chanson
2026-06-22 16:23:13.753 [Thread-P1] INFO  com.mp3.desktop.Programme1 - Attente de 10000 ms avant le prochain scan...
2026-06-22 16:23:23.763 [Thread-P1] INFO  com.mp3.desktop.Programme1 - Scan du repertoire : D:\ITU\S6\Mr Naina\Mp4\mp3-desktop\chanson
2026-06-22 16:23:23.777 [Thread-P1] INFO  com.mp3.desktop.Programme1 - Attente de 10000 ms avant le prochain scan...
2026-06-22 16:23:33.790 [Thread-P1] INFO  com.mp3.desktop.Programme1 - Scan du repertoire : D:\ITU\S6\Mr Naina\Mp4\mp3-desktop\chanson
2026-06-22 16:23:33.867 [Thread-P1] INFO  com.mp3.desktop.Programme1 - Attente de 10000 ms avant le prochain scan...
2026-06-22 16:23:43.911 [Thread-P1] INFO  com.mp3.desktop.Programme1 - Scan du repertoire : D:\ITU\S6\Mr Naina\Mp4\mp3-desktop\chanson
2026-06-22 16:23:43.933 [Thread-P1] INFO  com.mp3.desktop.Programme1 - Attente de 10000 ms avant le prochain scan...
2026-06-22 16:23:53.945 [Thread-P1] INFO  com.mp3.desktop.Programme1 - Scan du repertoire : D:\ITU\S6\Mr Naina\Mp4\mp3-desktop\chanson
2026-06-22 16:23:53.969 [Thread-P1] INFO  com.mp3.desktop.Programme1 - Attente de 10000 ms avant le prochain scan...
2026-06-22 16:24:03.985 [Thread-P1] INFO  com.mp3.desktop.Programme1 - Scan du repertoire : D:\ITU\S6\Mr Naina\Mp4\mp3-desktop\chanson
2026-06-22 16:24:04.014 [Thread-P1] INFO  com.mp3.desktop.Programme1 - Attente de 10000 ms avant le prochain scan...
2026-06-22 16:24:14.029 [Thread-P1] INFO  com.mp3.desktop.Programme1 - Scan du repertoire : D:\ITU\S6\Mr Naina\Mp4\mp3-desktop\chanson
2026-06-22 16:24:14.040 [Thread-P1] INFO  com.mp3.desktop.Programme1 - Attente de 10000 ms avant le prochain scan...
2026-06-22 16:24:24.054 [Thread-P1] INFO  com.mp3.desktop.Programme1 - Scan du repertoire : D:\ITU\S6\Mr Naina\Mp4\mp3-desktop\chanson
2026-06-22 16:24:24.092 [Thread-P1] INFO  com.mp3.desktop.Programme1 - Attente de 10000 ms avant le prochain scan...
2026-06-22 16:24:34.106 [Thread-P1] INFO  com.mp3.desktop.Programme1 - Scan du repertoire : D:\ITU\S6\Mr Naina\Mp4\mp3-desktop\chanson
2026-06-22 16:24:34.135 [Thread-P1] INFO  com.mp3.desktop.Programme1 - -> Message envoye a RabbitMQ [queue_liste_mp3] : D:\ITU\S6\Mr Naina\Mp4\mp3-desktop\chanson\Billie Eilish - Happier Than Ever (Official Music Video)(MP3_160K).mp3
2026-06-22 16:24:34.138 [Thread-P1] INFO  com.mp3.desktop.Programme1 - -> Message envoye a RabbitMQ [queue_liste_mp3] : D:\ITU\S6\Mr Naina\Mp4\mp3-desktop\chanson\HATRAIZA _ AZA AVELA - REKO(MP3_160K).mp3
2026-06-22 16:24:34.139 [Thread-P1] INFO  com.mp3.desktop.Programme1 - -> Message envoye a RabbitMQ [queue_liste_mp3] : D:\ITU\S6\Mr Naina\Mp4\mp3-desktop\chanson\Louane - Maman (2015) Official Music Video(MP3_160K).mp3
2026-06-22 16:24:34.141 [Thread-P1] INFO  com.mp3.desktop.Programme1 - -> Message envoye a RabbitMQ [queue_liste_mp3] : D:\ITU\S6\Mr Naina\Mp4\mp3-desktop\chanson\Matsiro kosa ny nanaovan_i Fy Rasolofoniaina ny hiran_ny tarika _Zay teto.(480P_SD).mp3
2026-06-22 16:24:34.144 [Thread-P1] INFO  com.mp3.desktop.Programme1 - -> Message envoye a RabbitMQ [queue_liste_mp3] : D:\ITU\S6\Mr Naina\Mp4\mp3-desktop\chanson\MISIA - REKO(MP3_160K).mp3
2026-06-22 16:24:34.144 [Thread-P1] INFO  com.mp3.desktop.Programme1 - -> Message envoye a RabbitMQ [queue_liste_mp3] : D:\ITU\S6\Mr Naina\Mp4\mp3-desktop\chanson\MITONIA - REKO (Official lyrics video)(MP3_160K).mp3
2026-06-22 16:24:34.144 [Thread-P1] INFO  com.mp3.desktop.Programme1 - -> Message envoye a RabbitMQ [queue_liste_mp3] : D:\ITU\S6\Mr Naina\Mp4\mp3-desktop\chanson\NY ANARANAO - REKO(MP3_160K).mp3
2026-06-22 16:24:34.149 [Thread-P1] INFO  com.mp3.desktop.Programme1 - -> Message envoye a RabbitMQ [queue_liste_mp3] : D:\ITU\S6\Mr Naina\Mp4\mp3-desktop\chanson\ROTOROTO - REKO(MP3_160K).mp3
2026-06-22 16:24:34.152 [Thread-P1] INFO  com.mp3.desktop.Programme1 - -> Message envoye a RabbitMQ [queue_liste_mp3] : D:\ITU\S6\Mr Naina\Mp4\mp3-desktop\chanson\TONGASOA - REKO(MP3_160K).mp3
2026-06-22 16:24:34.154 [Thread-P1] INFO  com.mp3.desktop.Programme1 - Attente de 10000 ms avant le prochain scan...
2026-06-22 16:24:44.162 [Thread-P1] INFO  com.mp3.desktop.Programme1 - Scan du repertoire : D:\ITU\S6\Mr Naina\Mp4\mp3-desktop\chanson
2026-06-22 16:24:44.188 [Thread-P1] INFO  com.mp3.desktop.Programme1 - Attente de 10000 ms avant le prochain scan...
2026-06-22 16:24:54.202 [Thread-P1] INFO  com.mp3.desktop.Programme1 - Scan du repertoire : D:\ITU\S6\Mr Naina\Mp4\mp3-desktop\chanson
2026-06-22 16:24:54.210 [Thread-P1] INFO  com.mp3.desktop.Programme1 - Attente de 10000 ms avant le prochain scan...
2026-06-22 16:25:04.226 [Thread-P1] INFO  com.mp3.desktop.Programme1 - Scan du repertoire : D:\ITU\S6\Mr Naina\Mp4\mp3-desktop\chanson
2026-06-22 16:25:04.237 [Thread-P1] INFO  com.mp3.desktop.Programme1 - Attente de 10000 ms avant le prochain scan...
2026-06-22 16:25:14.250 [Thread-P1] INFO  com.mp3.desktop.Programme1 - Scan du repertoire : D:\ITU\S6\Mr Naina\Mp4\mp3-desktop\chanson
2026-06-22 16:25:14.260 [Thread-P1] INFO  com.mp3.desktop.Programme1 - Attente de 10000 ms avant le prochain scan...
2026-06-22 16:25:24.273 [Thread-P1] INFO  com.mp3.desktop.Programme1 - Scan du repertoire : D:\ITU\S6\Mr Naina\Mp4\mp3-desktop\chanson
2026-06-22 16:25:24.283 [Thread-P1] INFO  com.mp3.desktop.Programme1 - Attente de 10000 ms avant le prochain scan...
2026-06-22 16:25:34.288 [Thread-P1] INFO  com.mp3.desktop.Programme1 - Scan du repertoire : D:\ITU\S6\Mr Naina\Mp4\mp3-desktop\chanson
2026-06-22 16:25:34.291 [Thread-P1] INFO  com.mp3.desktop.Programme1 - Attente de 10000 ms avant le prochain scan...
2026-06-22 16:25:44.302 [Thread-P1] INFO  com.mp3.desktop.Programme1 - Scan du repertoire : D:\ITU\S6\Mr Naina\Mp4\mp3-desktop\chanson
2026-06-22 16:25:44.309 [Thread-P1] INFO  com.mp3.desktop.Programme1 - Attente de 10000 ms avant le prochain scan...
2026-06-22 16:25:54.315 [Thread-P1] INFO  com.mp3.desktop.Programme1 - Scan du repertoire : D:\ITU\S6\Mr Naina\Mp4\mp3-desktop\chanson
2026-06-22 16:25:54.336 [Thread-P1] INFO  com.mp3.desktop.Programme1 - Attente de 10000 ms avant le prochain scan...
2026-06-22 16:26:04.340 [Thread-P1] INFO  com.mp3.desktop.Programme1 - Scan du repertoire : D:\ITU\S6\Mr Naina\Mp4\mp3-desktop\chanson
2026-06-22 16:26:04.358 [Thread-P1] INFO  com.mp3.desktop.Programme1 - Attente de 10000 ms avant le prochain scan...
2026-06-22 16:26:14.368 [Thread-P1] INFO  com.mp3.desktop.Programme1 - Scan du repertoire : D:\ITU\S6\Mr Naina\Mp4\mp3-desktop\chanson
2026-06-22 16:26:14.388 [Thread-P1] INFO  com.mp3.desktop.Programme1 - Attente de 10000 ms avant le prochain scan...
2026-06-22 16:26:24.397 [Thread-P1] INFO  com.mp3.desktop.Programme1 - Scan du repertoire : D:\ITU\S6\Mr Naina\Mp4\mp3-desktop\chanson
2026-06-22 16:26:24.408 [Thread-P1] INFO  com.mp3.desktop.Programme1 - Attente de 10000 ms avant le prochain scan...
2026-06-22 16:26:34.408 [Thread-P1] INFO  com.mp3.desktop.Programme1 - Scan du repertoire : D:\ITU\S6\Mr Naina\Mp4\mp3-desktop\chanson
2026-06-22 16:26:34.433 [Thread-P1] INFO  com.mp3.desktop.Programme1 - Attente de 10000 ms avant le prochain scan...
2026-06-22 16:26:44.436 [Thread-P1] INFO  com.mp3.desktop.Programme1 - Scan du repertoire : D:\ITU\S6\Mr Naina\Mp4\mp3-desktop\chanson
2026-06-22 16:26:44.444 [Thread-P1] INFO  com.mp3.desktop.Programme1 - Attente de 10000 ms avant le prochain scan...
2026-06-22 16:26:54.446 [Thread-P1] INFO  com.mp3.desktop.Programme1 - Scan du repertoire : D:\ITU\S6\Mr Naina\Mp4\mp3-desktop\chanson
2026-06-22 16:26:54.470 [Thread-P1] INFO  com.mp3.desktop.Programme1 - Attente de 10000 ms avant le prochain scan...
2026-06-22 16:27:04.479 [Thread-P1] INFO  com.mp3.desktop.Programme1 - Scan du repertoire : D:\ITU\S6\Mr Naina\Mp4\mp3-desktop\chanson
2026-06-22 16:27:04.506 [Thread-P1] INFO  com.mp3.desktop.Programme1 - Attente de 10000 ms avant le prochain scan...
2026-06-22 16:27:14.514 [Thread-P1] INFO  com.mp3.desktop.Programme1 - Scan du repertoire : D:\ITU\S6\Mr Naina\Mp4\mp3-desktop\chanson
2026-06-22 16:27:14.525 [Thread-P1] INFO  com.mp3.desktop.Programme1 - Attente de 10000 ms avant le prochain scan...
2026-06-22 16:27:24.530 [Thread-P1] INFO  com.mp3.desktop.Programme1 - Scan du repertoire : D:\ITU\S6\Mr Naina\Mp4\mp3-desktop\chanson
2026-06-22 16:27:24.552 [Thread-P1] INFO  com.mp3.desktop.Programme1 - Attente de 10000 ms avant le prochain scan...
2026-06-22 16:27:34.555 [Thread-P1] INFO  com.mp3.desktop.Programme1 - Scan du repertoire : D:\ITU\S6\Mr Naina\Mp4\mp3-desktop\chanson
2026-06-22 16:27:34.567 [Thread-P1] INFO  com.mp3.desktop.Programme1 - Attente de 10000 ms avant le prochain scan...
2026-06-22 16:27:44.569 [Thread-P1] INFO  com.mp3.desktop.Programme1 - Scan du repertoire : D:\ITU\S6\Mr Naina\Mp4\mp3-desktop\chanson
2026-06-22 16:27:44.591 [Thread-P1] INFO  com.mp3.desktop.Programme1 - Attente de 10000 ms avant le prochain scan...
2026-06-22 16:27:54.595 [Thread-P1] INFO  com.mp3.desktop.Programme1 - Scan du repertoire : D:\ITU\S6\Mr Naina\Mp4\mp3-desktop\chanson
2026-06-22 16:27:54.646 [Thread-P1] INFO  com.mp3.desktop.Programme1 - Attente de 10000 ms avant le prochain scan...
2026-06-22 16:28:04.656 [Thread-P1] INFO  com.mp3.desktop.Programme1 - Scan du repertoire : D:\ITU\S6\Mr Naina\Mp4\mp3-desktop\chanson
2026-06-22 16:28:04.681 [Thread-P1] INFO  com.mp3.desktop.Programme1 - Attente de 10000 ms avant le prochain scan...
2026-06-22 16:28:14.691 [Thread-P1] INFO  com.mp3.desktop.Programme1 - Scan du repertoire : D:\ITU\S6\Mr Naina\Mp4\mp3-desktop\chanson
2026-06-22 16:28:14.716 [Thread-P1] INFO  com.mp3.desktop.Programme1 - Attente de 10000 ms avant le prochain scan...
2026-06-22 16:28:24.727 [Thread-P1] INFO  com.mp3.desktop.Programme1 - Scan du repertoire : D:\ITU\S6\Mr Naina\Mp4\mp3-desktop\chanson
2026-06-22 16:28:24.739 [Thread-P1] INFO  com.mp3.desktop.Programme1 - Attente de 10000 ms avant le prochain scan...
2026-06-22 16:28:34.741 [Thread-P1] INFO  com.mp3.desktop.Programme1 - Scan du repertoire : D:\ITU\S6\Mr Naina\Mp4\mp3-desktop\chanson
2026-06-22 16:28:34.777 [Thread-P1] INFO  com.mp3.desktop.Programme1 - Attente de 10000 ms avant le prochain scan...
2026-06-22 16:28:44.785 [Thread-P1] INFO  com.mp3.desktop.Programme1 - Scan du repertoire : D:\ITU\S6\Mr Naina\Mp4\mp3-desktop\chanson
2026-06-22 16:28:44.808 [Thread-P1] INFO  com.mp3.desktop.Programme1 - Attente de 10000 ms avant le prochain scan...
2026-06-22 16:28:54.816 [Thread-P1] INFO  com.mp3.desktop.Programme1 - Scan du repertoire : D:\ITU\S6\Mr Naina\Mp4\mp3-desktop\chanson
2026-06-22 16:28:54.840 [Thread-P1] INFO  com.mp3.desktop.Programme1 - Attente de 10000 ms avant le prochain scan...
2026-06-22 16:29:04.847 [Thread-P1] INFO  com.mp3.desktop.Programme1 - Scan du repertoire : D:\ITU\S6\Mr Naina\Mp4\mp3-desktop\chanson
2026-06-22 16:29:04.874 [Thread-P1] INFO  com.mp3.desktop.Programme1 - Attente de 10000 ms avant le prochain scan...
2026-06-22 16:29:14.904 [Thread-P1] INFO  com.mp3.desktop.Programme1 - Scan du repertoire : D:\ITU\S6\Mr Naina\Mp4\mp3-desktop\chanson
2026-06-22 16:29:14.921 [Thread-P1] INFO  com.mp3.desktop.Programme1 - Attente de 10000 ms avant le prochain scan...
2026-06-22 16:29:24.924 [Thread-P1] INFO  com.mp3.desktop.Programme1 - Scan du repertoire : D:\ITU\S6\Mr Naina\Mp4\mp3-desktop\chanson
2026-06-22 16:29:24.941 [Thread-P1] INFO  com.mp3.desktop.Programme1 - Attente de 10000 ms avant le prochain scan...
2026-06-22 16:29:34.955 [Thread-P1] INFO  com.mp3.desktop.Programme1 - Scan du repertoire : D:\ITU\S6\Mr Naina\Mp4\mp3-desktop\chanson
2026-06-22 16:29:34.980 [Thread-P1] INFO  com.mp3.desktop.Programme1 - Attente de 10000 ms avant le prochain scan...
2026-06-22 16:29:44.982 [Thread-P1] INFO  com.mp3.desktop.Programme1 - Scan du repertoire : D:\ITU\S6\Mr Naina\Mp4\mp3-desktop\chanson
2026-06-22 16:29:45.009 [Thread-P1] INFO  com.mp3.desktop.Programme1 - Attente de 10000 ms avant le prochain scan...
2026-06-22 16:29:55.017 [Thread-P1] INFO  com.mp3.desktop.Programme1 - Scan du repertoire : D:\ITU\S6\Mr Naina\Mp4\mp3-desktop\chanson
2026-06-22 16:29:55.031 [Thread-P1] INFO  com.mp3.desktop.Programme1 - Attente de 10000 ms avant le prochain scan...
2026-06-22 16:30:05.039 [Thread-P1] INFO  com.mp3.desktop.Programme1 - Scan du repertoire : D:\ITU\S6\Mr Naina\Mp4\mp3-desktop\chanson
2026-06-22 16:30:05.061 [Thread-P1] INFO  com.mp3.desktop.Programme1 - Attente de 10000 ms avant le prochain scan...
2026-06-22 16:30:15.069 [Thread-P1] INFO  com.mp3.desktop.Programme1 - Scan du repertoire : D:\ITU\S6\Mr Naina\Mp4\mp3-desktop\chanson
2026-06-22 16:30:15.086 [Thread-P1] INFO  com.mp3.desktop.Programme1 - Attente de 10000 ms avant le prochain scan...
2026-06-22 16:30:25.093 [Thread-P1] INFO  com.mp3.desktop.Programme1 - Scan du repertoire : D:\ITU\S6\Mr Naina\Mp4\mp3-desktop\chanson
2026-06-22 16:30:25.117 [Thread-P1] INFO  com.mp3.desktop.Programme1 - Attente de 10000 ms avant le prochain scan...
2026-06-22 16:30:35.123 [Thread-P1] INFO  com.mp3.desktop.Programme1 - Scan du repertoire : D:\ITU\S6\Mr Naina\Mp4\mp3-desktop\chanson
2026-06-22 16:30:35.141 [Thread-P1] INFO  com.mp3.desktop.Programme1 - Attente de 10000 ms avant le prochain scan...
2026-06-22 16:30:45.149 [Thread-P1] INFO  com.mp3.desktop.Programme1 - Scan du repertoire : D:\ITU\S6\Mr Naina\Mp4\mp3-desktop\chanson
2026-06-22 16:30:45.159 [Thread-P1] INFO  com.mp3.desktop.Programme1 - Attente de 10000 ms avant le prochain scan...
2026-06-22 16:30:55.174 [Thread-P1] INFO  com.mp3.desktop.Programme1 - Scan du repertoire : D:\ITU\S6\Mr Naina\Mp4\mp3-desktop\chanson
2026-06-22 16:30:55.182 [Thread-P1] INFO  com.mp3.desktop.Programme1 - Attente de 10000 ms avant le prochain scan...
2026-06-22 16:31:05.188 [Thread-P1] INFO  com.mp3.desktop.Programme1 - Scan du repertoire : D:\ITU\S6\Mr Naina\Mp4\mp3-desktop\chanson
2026-06-22 16:31:05.210 [Thread-P1] INFO  com.mp3.desktop.Programme1 - Attente de 10000 ms avant le prochain scan...
2026-06-22 16:31:15.226 [Thread-P1] INFO  com.mp3.desktop.Programme1 - Scan du repertoire : D:\ITU\S6\Mr Naina\Mp4\mp3-desktop\chanson
2026-06-22 16:31:15.236 [Thread-P1] INFO  com.mp3.desktop.Programme1 - Attente de 10000 ms avant le prochain scan...
2026-06-22 16:31:25.246 [Thread-P1] INFO  com.mp3.desktop.Programme1 - Scan du repertoire : D:\ITU\S6\Mr Naina\Mp4\mp3-desktop\chanson
2026-06-22 16:31:25.268 [Thread-P1] INFO  com.mp3.desktop.Programme1 - Attente de 10000 ms avant le prochain scan...
2026-06-22 16:31:35.282 [Thread-P1] INFO  com.mp3.desktop.Programme1 - Scan du repertoire : D:\ITU\S6\Mr Naina\Mp4\mp3-desktop\chanson
2026-06-22 16:31:35.298 [Thread-P1] INFO  com.mp3.desktop.Programme1 - Attente de 10000 ms avant le prochain scan...
2026-06-22 16:31:45.303 [Thread-P1] INFO  com.mp3.desktop.Programme1 - Scan du repertoire : D:\ITU\S6\Mr Naina\Mp4\mp3-desktop\chanson
2026-06-22 16:31:45.320 [Thread-P1] INFO  com.mp3.desktop.Programme1 - Attente de 10000 ms avant le prochain scan...
2026-06-22 16:31:55.324 [Thread-P1] INFO  com.mp3.desktop.Programme1 - Scan du repertoire : D:\ITU\S6\Mr Naina\Mp4\mp3-desktop\chanson
2026-06-22 16:31:55.342 [Thread-P1] INFO  com.mp3.desktop.Programme1 - Attente de 10000 ms avant le prochain scan...
2026-06-22 16:32:05.344 [Thread-P1] INFO  com.mp3.desktop.Programme1 - Scan du repertoire : D:\ITU\S6\Mr Naina\Mp4\mp3-desktop\chanson
2026-06-22 16:32:05.368 [Thread-P1] INFO  com.mp3.desktop.Programme1 - Attente de 10000 ms avant le prochain scan...
2026-06-22 16:32:15.384 [Thread-P1] INFO  com.mp3.desktop.Programme1 - Scan du repertoire : D:\ITU\S6\Mr Naina\Mp4\mp3-desktop\chanson
2026-06-22 16:32:15.409 [Thread-P1] INFO  com.mp3.desktop.Programme1 - Attente de 10000 ms avant le prochain scan...
2026-06-22 16:32:25.412 [Thread-P1] INFO  com.mp3.desktop.Programme1 - Scan du repertoire : D:\ITU\S6\Mr Naina\Mp4\mp3-desktop\chanson
2026-06-22 16:32:25.421 [Thread-P1] INFO  com.mp3.desktop.Programme1 - Attente de 10000 ms avant le prochain scan...
2026-06-22 16:32:35.422 [Thread-P1] INFO  com.mp3.desktop.Programme1 - Scan du repertoire : D:\ITU\S6\Mr Naina\Mp4\mp3-desktop\chanson
2026-06-22 16:32:35.448 [Thread-P1] INFO  com.mp3.desktop.Programme1 - Attente de 10000 ms avant le prochain scan...
2026-06-22 16:32:45.450 [Thread-P1] INFO  com.mp3.desktop.Programme1 - Scan du repertoire : D:\ITU\S6\Mr Naina\Mp4\mp3-desktop\chanson
2026-06-22 16:32:45.474 [Thread-P1] INFO  com.mp3.desktop.Programme1 - Attente de 10000 ms avant le prochain scan...
2026-06-22 16:32:55.488 [Thread-P1] INFO  com.mp3.desktop.Programme1 - Scan du repertoire : D:\ITU\S6\Mr Naina\Mp4\mp3-desktop\chanson
2026-06-22 16:32:55.500 [Thread-P1] INFO  com.mp3.desktop.Programme1 - Attente de 10000 ms avant le prochain scan...
2026-06-22 16:33:05.502 [Thread-P1] INFO  com.mp3.desktop.Programme1 - Scan du repertoire : D:\ITU\S6\Mr Naina\Mp4\mp3-desktop\chanson
2026-06-22 16:33:05.514 [Thread-P1] INFO  com.mp3.desktop.Programme1 - Attente de 10000 ms avant le prochain scan...
2026-06-22 16:33:15.515 [Thread-P1] INFO  com.mp3.desktop.Programme1 - Scan du repertoire : D:\ITU\S6\Mr Naina\Mp4\mp3-desktop\chanson
2026-06-22 16:33:15.524 [Thread-P1] INFO  com.mp3.desktop.Programme1 - Attente de 10000 ms avant le prochain scan...
2026-06-22 16:33:25.525 [Thread-P1] INFO  com.mp3.desktop.Programme1 - Scan du repertoire : D:\ITU\S6\Mr Naina\Mp4\mp3-desktop\chanson
2026-06-22 16:33:25.533 [Thread-P1] INFO  com.mp3.desktop.Programme1 - Attente de 10000 ms avant le prochain scan...
2026-06-22 16:33:35.536 [Thread-P1] INFO  com.mp3.desktop.Programme1 - Scan du repertoire : D:\ITU\S6\Mr Naina\Mp4\mp3-desktop\chanson
2026-06-22 16:33:35.561 [Thread-P1] INFO  com.mp3.desktop.Programme1 - Attente de 10000 ms avant le prochain scan...
2026-06-22 16:33:45.562 [Thread-P1] INFO  com.mp3.desktop.Programme1 - Scan du repertoire : D:\ITU\S6\Mr Naina\Mp4\mp3-desktop\chanson
2026-06-22 16:33:45.595 [Thread-P1] INFO  com.mp3.desktop.Programme1 - Attente de 10000 ms avant le prochain scan...
2026-06-22 16:33:55.604 [Thread-P1] INFO  com.mp3.desktop.Programme1 - Scan du repertoire : D:\ITU\S6\Mr Naina\Mp4\mp3-desktop\chanson
2026-06-22 16:33:55.628 [Thread-P1] INFO  com.mp3.desktop.Programme1 - Attente de 10000 ms avant le prochain scan...
2026-06-22 16:34:05.634 [Thread-P1] INFO  com.mp3.desktop.Programme1 - Scan du repertoire : D:\ITU\S6\Mr Naina\Mp4\mp3-desktop\chanson
2026-06-22 16:34:05.647 [Thread-P1] INFO  com.mp3.desktop.Programme1 - Attente de 10000 ms avant le prochain scan...
2026-06-22 16:34:15.652 [Thread-P1] INFO  com.mp3.desktop.Programme1 - Scan du repertoire : D:\ITU\S6\Mr Naina\Mp4\mp3-desktop\chanson
2026-06-22 16:34:15.677 [Thread-P1] INFO  com.mp3.desktop.Programme1 - Attente de 10000 ms avant le prochain scan...
2026-06-22 16:34:25.688 [Thread-P1] INFO  com.mp3.desktop.Programme1 - Scan du repertoire : D:\ITU\S6\Mr Naina\Mp4\mp3-desktop\chanson
2026-06-22 16:34:25.698 [Thread-P1] INFO  com.mp3.desktop.Programme1 - Attente de 10000 ms avant le prochain scan...
2026-06-22 16:34:35.714 [Thread-P1] INFO  com.mp3.desktop.Programme1 - Scan du repertoire : D:\ITU\S6\Mr Naina\Mp4\mp3-desktop\chanson
2026-06-22 16:34:35.737 [Thread-P1] INFO  com.mp3.desktop.Programme1 - Attente de 10000 ms avant le prochain scan...
2026-06-22 16:34:45.752 [Thread-P1] INFO  com.mp3.desktop.Programme1 - Scan du repertoire : D:\ITU\S6\Mr Naina\Mp4\mp3-desktop\chanson
2026-06-22 16:34:45.775 [Thread-P1] INFO  com.mp3.desktop.Programme1 - Attente de 10000 ms avant le prochain scan...
2026-06-22 16:34:55.777 [Thread-P1] INFO  com.mp3.desktop.Programme1 - Scan du repertoire : D:\ITU\S6\Mr Naina\Mp4\mp3-desktop\chanson
2026-06-22 16:34:55.864 [Thread-P1] INFO  com.mp3.desktop.Programme1 - Attente de 10000 ms avant le prochain scan...
2026-06-22 16:35:05.874 [Thread-P1] INFO  com.mp3.desktop.Programme1 - Scan du repertoire : D:\ITU\S6\Mr Naina\Mp4\mp3-desktop\chanson
2026-06-22 16:35:05.882 [Thread-P1] INFO  com.mp3.desktop.Programme1 - Attente de 10000 ms avant le prochain scan...
2026-06-22 16:35:15.887 [Thread-P1] INFO  com.mp3.desktop.Programme1 - Scan du repertoire : D:\ITU\S6\Mr Naina\Mp4\mp3-desktop\chanson
2026-06-22 16:35:15.909 [Thread-P1] INFO  com.mp3.desktop.Programme1 - Attente de 10000 ms avant le prochain scan...
2026-06-22 16:35:25.915 [Thread-P1] INFO  com.mp3.desktop.Programme1 - Scan du repertoire : D:\ITU\S6\Mr Naina\Mp4\mp3-desktop\chanson
2026-06-22 16:35:25.932 [Thread-P1] INFO  com.mp3.desktop.Programme1 - Attente de 10000 ms avant le prochain scan...
2026-06-22 16:35:35.935 [Thread-P1] INFO  com.mp3.desktop.Programme1 - Scan du repertoire : D:\ITU\S6\Mr Naina\Mp4\mp3-desktop\chanson
2026-06-22 16:35:35.960 [Thread-P1] INFO  com.mp3.desktop.Programme1 - Attente de 10000 ms avant le prochain scan...
2026-06-22 16:35:45.968 [Thread-P1] INFO  com.mp3.desktop.Programme1 - Scan du repertoire : D:\ITU\S6\Mr Naina\Mp4\mp3-desktop\chanson
2026-06-22 16:35:45.983 [Thread-P1] INFO  com.mp3.desktop.Programme1 - Attente de 10000 ms avant le prochain scan...
2026-06-22 16:35:55.995 [Thread-P1] INFO  com.mp3.desktop.Programme1 - Scan du repertoire : D:\ITU\S6\Mr Naina\Mp4\mp3-desktop\chanson
2026-06-22 16:35:56.018 [Thread-P1] INFO  com.mp3.desktop.Programme1 - Attente de 10000 ms avant le prochain scan...
2026-06-22 16:36:06.026 [Thread-P1] INFO  com.mp3.desktop.Programme1 - Scan du repertoire : D:\ITU\S6\Mr Naina\Mp4\mp3-desktop\chanson
2026-06-22 16:36:06.050 [Thread-P1] INFO  com.mp3.desktop.Programme1 - Attente de 10000 ms avant le prochain scan...
2026-06-22 16:36:16.056 [Thread-P1] INFO  com.mp3.desktop.Programme1 - Scan du repertoire : D:\ITU\S6\Mr Naina\Mp4\mp3-desktop\chanson
2026-06-22 16:36:16.080 [Thread-P1] INFO  com.mp3.desktop.Programme1 - Attente de 10000 ms avant le prochain scan...
2026-06-22 16:36:26.091 [Thread-P1] INFO  com.mp3.desktop.Programme1 - Scan du repertoire : D:\ITU\S6\Mr Naina\Mp4\mp3-desktop\chanson
2026-06-22 16:36:26.114 [Thread-P1] INFO  com.mp3.desktop.Programme1 - Attente de 10000 ms avant le prochain scan...
2026-06-22 16:36:36.125 [Thread-P1] INFO  com.mp3.desktop.Programme1 - Scan du repertoire : D:\ITU\S6\Mr Naina\Mp4\mp3-desktop\chanson
2026-06-22 16:36:36.133 [Thread-P1] INFO  com.mp3.desktop.Programme1 - Attente de 10000 ms avant le prochain scan...
2026-06-22 16:36:46.143 [Thread-P1] INFO  com.mp3.desktop.Programme1 - Scan du repertoire : D:\ITU\S6\Mr Naina\Mp4\mp3-desktop\chanson
2026-06-22 16:36:46.152 [Thread-P1] INFO  com.mp3.desktop.Programme1 - Attente de 10000 ms avant le prochain scan...
2026-06-22 16:36:56.158 [Thread-P1] INFO  com.mp3.desktop.Programme1 - Scan du repertoire : D:\ITU\S6\Mr Naina\Mp4\mp3-desktop\chanson
2026-06-22 16:36:56.184 [Thread-P1] INFO  com.mp3.desktop.Programme1 - Attente de 10000 ms avant le prochain scan...
2026-06-22 16:37:06.196 [Thread-P1] INFO  com.mp3.desktop.Programme1 - Scan du repertoire : D:\ITU\S6\Mr Naina\Mp4\mp3-desktop\chanson
2026-06-22 16:37:06.219 [Thread-P1] INFO  com.mp3.desktop.Programme1 - Attente de 10000 ms avant le prochain scan...
2026-06-22 16:37:16.221 [Thread-P1] INFO  com.mp3.desktop.Programme1 - Scan du repertoire : D:\ITU\S6\Mr Naina\Mp4\mp3-desktop\chanson
2026-06-22 16:37:16.235 [Thread-P1] INFO  com.mp3.desktop.Programme1 - Attente de 10000 ms avant le prochain scan...
2026-06-22 16:37:26.247 [Thread-P1] INFO  com.mp3.desktop.Programme1 - Scan du repertoire : D:\ITU\S6\Mr Naina\Mp4\mp3-desktop\chanson
2026-06-22 16:37:26.271 [Thread-P1] INFO  com.mp3.desktop.Programme1 - Attente de 10000 ms avant le prochain scan...
2026-06-22 16:37:36.278 [Thread-P1] INFO  com.mp3.desktop.Programme1 - Scan du repertoire : D:\ITU\S6\Mr Naina\Mp4\mp3-desktop\chanson
2026-06-22 16:37:36.302 [Thread-P1] INFO  com.mp3.desktop.Programme1 - Attente de 10000 ms avant le prochain scan...
2026-06-22 16:37:46.306 [Thread-P1] INFO  com.mp3.desktop.Programme1 - Scan du repertoire : D:\ITU\S6\Mr Naina\Mp4\mp3-desktop\chanson
2026-06-22 16:37:46.321 [Thread-P1] INFO  com.mp3.desktop.Programme1 - Attente de 10000 ms avant le prochain scan...
2026-06-22 16:37:56.325 [Thread-P1] INFO  com.mp3.desktop.Programme1 - Scan du repertoire : D:\ITU\S6\Mr Naina\Mp4\mp3-desktop\chanson
2026-06-22 16:37:56.335 [Thread-P1] INFO  com.mp3.desktop.Programme1 - Attente de 10000 ms avant le prochain scan...
2026-06-22 16:38:06.337 [Thread-P1] INFO  com.mp3.desktop.Programme1 - Scan du repertoire : D:\ITU\S6\Mr Naina\Mp4\mp3-desktop\chanson
2026-06-22 16:38:06.345 [Thread-P1] INFO  com.mp3.desktop.Programme1 - Attente de 10000 ms avant le prochain scan...
2026-06-22 16:38:16.351 [Thread-P1] INFO  com.mp3.desktop.Programme1 - Scan du repertoire : D:\ITU\S6\Mr Naina\Mp4\mp3-desktop\chanson
2026-06-22 16:38:16.365 [Thread-P1] INFO  com.mp3.desktop.Programme1 - Attente de 10000 ms avant le prochain scan...
2026-06-22 16:38:26.372 [Thread-P1] INFO  com.mp3.desktop.Programme1 - Scan du repertoire : D:\ITU\S6\Mr Naina\Mp4\mp3-desktop\chanson
2026-06-22 16:38:26.385 [Thread-P1] INFO  com.mp3.desktop.Programme1 - Attente de 10000 ms avant le prochain scan...
2026-06-22 16:38:36.396 [Thread-P1] INFO  com.mp3.desktop.Programme1 - Scan du repertoire : D:\ITU\S6\Mr Naina\Mp4\mp3-desktop\chanson
2026-06-22 16:38:36.410 [Thread-P1] INFO  com.mp3.desktop.Programme1 - Attente de 10000 ms avant le prochain scan...
2026-06-22 16:38:46.411 [Thread-P1] INFO  com.mp3.desktop.Programme1 - Scan du repertoire : D:\ITU\S6\Mr Naina\Mp4\mp3-desktop\chanson
2026-06-22 16:38:46.425 [Thread-P1] INFO  com.mp3.desktop.Programme1 - Attente de 10000 ms avant le prochain scan...
2026-06-22 16:38:56.438 [Thread-P1] INFO  com.mp3.desktop.Programme1 - Scan du repertoire : D:\ITU\S6\Mr Naina\Mp4\mp3-desktop\chanson
2026-06-22 16:38:56.451 [Thread-P1] INFO  com.mp3.desktop.Programme1 - Attente de 10000 ms avant le prochain scan...
2026-06-22 16:39:06.465 [Thread-P1] INFO  com.mp3.desktop.Programme1 - Scan du repertoire : D:\ITU\S6\Mr Naina\Mp4\mp3-desktop\chanson
2026-06-22 16:39:06.475 [Thread-P1] INFO  com.mp3.desktop.Programme1 - Attente de 10000 ms avant le prochain scan...
2026-06-22 16:39:16.479 [Thread-P1] INFO  com.mp3.desktop.Programme1 - Scan du repertoire : D:\ITU\S6\Mr Naina\Mp4\mp3-desktop\chanson
2026-06-22 16:39:16.492 [Thread-P1] INFO  com.mp3.desktop.Programme1 - Attente de 10000 ms avant le prochain scan...
2026-06-22 16:39:26.504 [Thread-P1] INFO  com.mp3.desktop.Programme1 - Scan du repertoire : D:\ITU\S6\Mr Naina\Mp4\mp3-desktop\chanson
2026-06-22 16:39:26.513 [Thread-P1] INFO  com.mp3.desktop.Programme1 - Attente de 10000 ms avant le prochain scan...
2026-06-22 16:39:36.514 [Thread-P1] INFO  com.mp3.desktop.Programme1 - Scan du repertoire : D:\ITU\S6\Mr Naina\Mp4\mp3-desktop\chanson
2026-06-22 16:39:36.529 [Thread-P1] INFO  com.mp3.desktop.Programme1 - Attente de 10000 ms avant le prochain scan...
2026-06-22 16:39:46.538 [Thread-P1] INFO  com.mp3.desktop.Programme1 - Scan du repertoire : D:\ITU\S6\Mr Naina\Mp4\mp3-desktop\chanson
2026-06-22 16:39:46.549 [Thread-P1] INFO  com.mp3.desktop.Programme1 - Attente de 10000 ms avant le prochain scan...
2026-06-22 16:39:56.554 [Thread-P1] INFO  com.mp3.desktop.Programme1 - Scan du repertoire : D:\ITU\S6\Mr Naina\Mp4\mp3-desktop\chanson
2026-06-22 16:39:56.565 [Thread-P1] INFO  com.mp3.desktop.Programme1 - Attente de 10000 ms avant le prochain scan...
2026-06-22 16:40:06.570 [Thread-P1] INFO  com.mp3.desktop.Programme1 - Scan du repertoire : D:\ITU\S6\Mr Naina\Mp4\mp3-desktop\chanson
2026-06-22 16:40:06.582 [Thread-P1] INFO  com.mp3.desktop.Programme1 - Attente de 10000 ms avant le prochain scan...
2026-06-22 16:40:16.584 [Thread-P1] INFO  com.mp3.desktop.Programme1 - Scan du repertoire : D:\ITU\S6\Mr Naina\Mp4\mp3-desktop\chanson
2026-06-22 16:40:16.595 [Thread-P1] INFO  com.mp3.desktop.Programme1 - Attente de 10000 ms avant le prochain scan...
2026-06-22 16:40:26.604 [Thread-P1] INFO  com.mp3.desktop.Programme1 - Scan du repertoire : D:\ITU\S6\Mr Naina\Mp4\mp3-desktop\chanson
2026-06-22 16:40:26.611 [Thread-P1] INFO  com.mp3.desktop.Programme1 - Attente de 10000 ms avant le prochain scan...
2026-06-22 16:40:36.611 [Thread-P1] INFO  com.mp3.desktop.Programme1 - Scan du repertoire : D:\ITU\S6\Mr Naina\Mp4\mp3-desktop\chanson
2026-06-22 16:40:36.623 [Thread-P1] INFO  com.mp3.desktop.Programme1 - Attente de 10000 ms avant le prochain scan...
2026-06-22 16:40:46.626 [Thread-P1] INFO  com.mp3.desktop.Programme1 - Scan du repertoire : D:\ITU\S6\Mr Naina\Mp4\mp3-desktop\chanson
2026-06-22 16:40:46.637 [Thread-P1] INFO  com.mp3.desktop.Programme1 - Attente de 10000 ms avant le prochain scan...
2026-06-22 16:40:56.638 [Thread-P1] INFO  com.mp3.desktop.Programme1 - Scan du repertoire : D:\ITU\S6\Mr Naina\Mp4\mp3-desktop\chanson
2026-06-22 16:40:56.648 [Thread-P1] INFO  com.mp3.desktop.Programme1 - Attente de 10000 ms avant le prochain scan...
2026-06-22 16:41:06.649 [Thread-P1] INFO  com.mp3.desktop.Programme1 - Scan du repertoire : D:\ITU\S6\Mr Naina\Mp4\mp3-desktop\chanson
2026-06-22 16:41:06.658 [Thread-P1] INFO  com.mp3.desktop.Programme1 - Attente de 10000 ms avant le prochain scan...
2026-06-22 16:41:16.660 [Thread-P1] INFO  com.mp3.desktop.Programme1 - Scan du repertoire : D:\ITU\S6\Mr Naina\Mp4\mp3-desktop\chanson
2026-06-22 16:41:16.670 [Thread-P1] INFO  com.mp3.desktop.Programme1 - Attente de 10000 ms avant le prochain scan...
2026-06-22 16:41:26.683 [Thread-P1] INFO  com.mp3.desktop.Programme1 - Scan du repertoire : D:\ITU\S6\Mr Naina\Mp4\mp3-desktop\chanson
2026-06-22 16:41:26.696 [Thread-P1] INFO  com.mp3.desktop.Programme1 - Attente de 10000 ms avant le prochain scan...
2026-06-22 16:41:36.698 [Thread-P1] INFO  com.mp3.desktop.Programme1 - Scan du repertoire : D:\ITU\S6\Mr Naina\Mp4\mp3-desktop\chanson
2026-06-22 16:41:36.710 [Thread-P1] INFO  com.mp3.desktop.Programme1 - Attente de 10000 ms avant le prochain scan...
2026-06-22 16:41:46.715 [Thread-P1] INFO  com.mp3.desktop.Programme1 - Scan du repertoire : D:\ITU\S6\Mr Naina\Mp4\mp3-desktop\chanson
2026-06-22 16:41:46.726 [Thread-P1] INFO  com.mp3.desktop.Programme1 - Attente de 10000 ms avant le prochain scan...
2026-06-22 16:41:56.736 [Thread-P1] INFO  com.mp3.desktop.Programme1 - Scan du repertoire : D:\ITU\S6\Mr Naina\Mp4\mp3-desktop\chanson
2026-06-22 16:41:56.748 [Thread-P1] INFO  com.mp3.desktop.Programme1 - Attente de 10000 ms avant le prochain scan...
2026-06-22 16:42:06.750 [Thread-P1] INFO  com.mp3.desktop.Programme1 - Scan du repertoire : D:\ITU\S6\Mr Naina\Mp4\mp3-desktop\chanson
2026-06-22 16:42:06.765 [Thread-P1] INFO  com.mp3.desktop.Programme1 - Attente de 10000 ms avant le prochain scan...
2026-06-22 16:42:16.776 [Thread-P1] INFO  com.mp3.desktop.Programme1 - Scan du repertoire : D:\ITU\S6\Mr Naina\Mp4\mp3-desktop\chanson
2026-06-22 16:42:16.787 [Thread-P1] INFO  com.mp3.desktop.Programme1 - Attente de 10000 ms avant le prochain scan...
2026-06-22 16:42:26.804 [Thread-P1] INFO  com.mp3.desktop.Programme1 - Scan du repertoire : D:\ITU\S6\Mr Naina\Mp4\mp3-desktop\chanson
2026-06-22 16:42:26.816 [Thread-P1] INFO  com.mp3.desktop.Programme1 - Attente de 10000 ms avant le prochain scan...
2026-06-22 16:42:36.831 [Thread-P1] INFO  com.mp3.desktop.Programme1 - Scan du repertoire : D:\ITU\S6\Mr Naina\Mp4\mp3-desktop\chanson
2026-06-22 16:42:36.848 [Thread-P1] INFO  com.mp3.desktop.Programme1 - Attente de 10000 ms avant le prochain scan...
2026-06-22 16:42:46.854 [Thread-P1] INFO  com.mp3.desktop.Programme1 - Scan du repertoire : D:\ITU\S6\Mr Naina\Mp4\mp3-desktop\chanson
2026-06-22 16:42:46.865 [Thread-P1] INFO  com.mp3.desktop.Programme1 - Attente de 10000 ms avant le prochain scan...
2026-06-22 16:42:56.869 [Thread-P1] INFO  com.mp3.desktop.Programme1 - Scan du repertoire : D:\ITU\S6\Mr Naina\Mp4\mp3-desktop\chanson
2026-06-22 16:42:56.884 [Thread-P1] INFO  com.mp3.desktop.Programme1 - Attente de 10000 ms avant le prochain scan...
2026-06-22 16:43:06.896 [Thread-P1] INFO  com.mp3.desktop.Programme1 - Scan du repertoire : D:\ITU\S6\Mr Naina\Mp4\mp3-desktop\chanson
2026-06-22 16:43:06.908 [Thread-P1] INFO  com.mp3.desktop.Programme1 - Attente de 10000 ms avant le prochain scan...
2026-06-22 16:43:16.910 [Thread-P1] INFO  com.mp3.desktop.Programme1 - Scan du repertoire : D:\ITU\S6\Mr Naina\Mp4\mp3-desktop\chanson
2026-06-22 16:43:16.918 [Thread-P1] INFO  com.mp3.desktop.Programme1 - Attente de 10000 ms avant le prochain scan...
2026-06-22 16:43:26.921 [Thread-P1] INFO  com.mp3.desktop.Programme1 - Scan du repertoire : D:\ITU\S6\Mr Naina\Mp4\mp3-desktop\chanson
2026-06-22 16:43:26.930 [Thread-P1] INFO  com.mp3.desktop.Programme1 - Attente de 10000 ms avant le prochain scan...
2026-06-22 16:43:36.932 [Thread-P1] INFO  com.mp3.desktop.Programme1 - Scan du repertoire : D:\ITU\S6\Mr Naina\Mp4\mp3-desktop\chanson
2026-06-22 16:43:36.942 [Thread-P1] INFO  com.mp3.desktop.Programme1 - Attente de 10000 ms avant le prochain scan...
2026-06-22 16:43:46.956 [Thread-P1] INFO  com.mp3.desktop.Programme1 - Scan du repertoire : D:\ITU\S6\Mr Naina\Mp4\mp3-desktop\chanson
2026-06-22 16:43:46.970 [Thread-P1] INFO  com.mp3.desktop.Programme1 - Attente de 10000 ms avant le prochain scan...
2026-06-22 16:43:56.986 [Thread-P1] INFO  com.mp3.desktop.Programme1 - Scan du repertoire : D:\ITU\S6\Mr Naina\Mp4\mp3-desktop\chanson
2026-06-22 16:43:56.999 [Thread-P1] INFO  com.mp3.desktop.Programme1 - Attente de 10000 ms avant le prochain scan...
2026-06-22 21:44:06.014 [Thread-P1] INFO  com.mp3.desktop.Programme1 - Scan du repertoire : D:\ITU\S6\Mr Naina\Mp4\mp3-desktop\chanson
2026-06-22 21:44:06.088 [Thread-P1] INFO  com.mp3.desktop.Programme1 - Attente de 10000 ms avant le prochain scan...
2026-06-22 21:44:16.102 [Thread-P1] INFO  com.mp3.desktop.Programme1 - Scan du repertoire : D:\ITU\S6\Mr Naina\Mp4\mp3-desktop\chanson
2026-06-22 21:44:16.151 [Thread-P1] INFO  com.mp3.desktop.Programme1 - Attente de 10000 ms avant le prochain scan...
